CustomerID,Customer_Score,Customer_Type,Segment,Risk_Status,Priority_Flag,Actual_Revenue,Predicted_Revenue,Prediction_Error,Recency,Frequency,Monetary,R_Score,F_Score,M_Score,HVC_Score,RFM_Segment
12346.0,21.86442621923386,High-Value,Hibernating,High Risk,CRITICAL,77183.6,3584.9446836200304,-73598.65531637997,326,1,77183.6,1,1,5,2.6,11
12347.0,51.897510166426166,High-Value,Champions,Low Risk,HIGH,4310.000000000001,3673.3938078265064,-636.6061921734945,2,7,4310.000000000001,5,5,5,5.0,55
12348.0,31.099438705549215,Regular,At_Risk,Low Risk,NORMAL,1797.24,1539.7692630153263,-257.47073698467375,75,4,1797.24,2,4,4,3.4,24
12349.0,27.704448013683304,Regular,Promising,Medium Risk,NORMAL,1757.5500000000002,2488.877971449787,731.3279714497867,19,1,1757.5500000000002,4,1,4,3.1,41
12350.0,5.987041820403905,Regular,Hibernating,High Risk,MEDIUM,334.40000000000003,1239.2789376967914,904.8789376967914,310,1,334.40000000000003,1,1,2,1.4,11
12352.0,44.53482416680792,High-Value,Loyal_Customers,Low Risk,HIGH,2506.0400000000004,4040.499431724864,1534.4594317248634,36,8,2506.0400000000004,3,5,5,4.4,35
12353.0,0.5866513343586457,Regular,Hibernating,High Risk,MEDIUM,89.0,168.84475928834922,79.84475928834922,204,1,89.0,1,1,1,1.0,11
12354.0,16.476901444154393,Regular,Hibernating,High Risk,MEDIUM,1079.4,2548.9066690249156,1469.5066690249155,232,1,1079.4,1,1,4,2.2,11
12355.0,5.8841161326775495,Regular,Hibernating,High Risk,MEDIUM,459.4,964.1096271901672,504.7096271901672,214,1,459.4,1,1,2,1.4,11
12356.0,40.310297289946,High-Value,Potential_Loyalists,Low Risk,HIGH,2811.43,2771.8634244522555,-39.56657554774438,23,3,2811.43,4,3,5,4.1,43
12357.0,33.00620138232414,High-Value,Promising,Medium Risk,HIGH,6207.67,3295.608227289382,-2912.0617727106182,33,1,6207.67,4,1,5,3.5,41
12358.0,35.162267902919034,Regular,Potential_Loyalists,Low Risk,NORMAL,1168.06,2376.110476255044,1208.050476255044,2,2,1168.06,5,2,4,3.7,52
12359.0,40.18659330058566,High-Value,Loyal_Customers,Low Risk,HIGH,6372.58,2441.143832374304,-3931.436167625696,58,4,6372.58,3,4,5,4.1,34
12360.0,36.52275177838943,High-Value,Need_Attention,Low Risk,HIGH,2662.06,2671.486416963983,9.426416963983229,52,3,2662.06,3,3,5,3.8,33
12361.0,0.675639168538725,Regular,Hibernating,High Risk,MEDIUM,189.9,406.7515589972013,216.8515589972013,287,1,189.9,1,1,1,1.0,11
12362.0,52.61299164528617,High-Value,Champions,Low Risk,HIGH,5226.23,5586.216054315621,359.986054315621,3,10,5226.23,5,5,5,5.0,55
12363.0,18.53540298992535,Regular,Hibernating,Medium Risk,NORMAL,552.0,1368.571342406174,816.5713424061739,110,2,552.0,2,2,3,2.4000000000000004,22
12364.0,42.483518091828635,Regular,Champions,Low Risk,NORMAL,1313.1,1898.2272251690217,585.1272251690218,8,4,1313.1,5,4,4,4.300000000000001,54
12365.0,14.910823150602157,Regular,Hibernating,Medium Risk,NORMAL,641.3799999999999,1703.8790765533902,1062.4990765533903,291,2,641.3799999999999,1,2,3,2.1,12
12367.0,15.646773403824426,Regular,New_Customers,Medium Risk,NORMAL,168.89999999999998,329.5796425481403,160.67964254814035,4,1,168.89999999999998,5,1,1,2.2,51
12370.0,40.17908830252228,High-Value,Loyal_Customers,Low Risk,HIGH,3545.69,2421.079403483196,-1124.610596516804,51,4,3545.69,3,4,5,4.1,34
12371.0,27.57109474109862,Regular,About_to_Sleep,Low Risk,NORMAL,1887.96,2132.36125651184,244.40125651184007,45,2,1887.96,3,2,4,3.1,32
12372.0,31.257451257485005,Regular,Need_Attention,Low Risk,NORMAL,1298.0400000000002,1962.211958595485,664.1719585954847,72,3,1298.0400000000002,3,3,4,3.4,33
12373.0,5.9881139629843885,Regular,Hibernating,High Risk,MEDIUM,364.6,1242.1452846812356,877.5452846812356,311,1,364.6,1,1,2,1.4,11
12374.0,22.42413749665213,Regular,Promising,Medium Risk,NORMAL,742.93,1739.4746552990725,996.5446552990726,25,1,742.93,4,1,3,2.7,41
12375.0,24.598430441115234,Regular,Potential_Loyalists,Low Risk,NORMAL,457.5,868.7048030002836,411.2048030002836,11,2,457.5,5,2,2,2.9000000000000004,52
12377.0,20.223297945047822,Regular,Hibernating,Medium Risk,NORMAL,1628.12,2539.272802237425,911.152802237425,315,2,1628.12,1,2,4,2.5,12
12378.0,25.4729239198498,High-Value,Hibernating,High Risk,CRITICAL,4008.62,3206.641744706154,-801.9782552938459,130,1,4008.62,2,1,5,2.9,21
12379.0,18.505382997671827,Regular,Hibernating,Low Risk,NORMAL,852.24,1288.3136268417418,436.07362684174177,82,2,852.24,2,2,3,2.4000000000000004,22
12380.0,43.96663381407888,High-Value,Loyal_Customers,Low Risk,HIGH,2724.8100000000004,2521.4564109714684,-203.35358902853204,22,4,2724.8100000000004,4,4,5,4.4,44
12381.0,42.71843810951369,Regular,Champions,Low Risk,NORMAL,1845.3100000000004,2526.280150717246,680.9701507172458,5,5,1845.3100000000004,5,4,4,4.300000000000001,54
12383.0,27.63687318843825,Regular,At_Risk,Medium Risk,NORMAL,1850.56,2308.2183277685754,457.6583277685754,185,5,1850.56,1,4,4,3.1,14
12384.0,26.085834733687406,Regular,Potential_Loyalists,Low Risk,NORMAL,585.2700000000001,1503.3993767405052,918.1293767405051,29,2,585.2700000000001,4,2,3,3.0,42
12386.0,9.674470479370775,Regular,Hibernating,Medium Risk,NORMAL,401.9,1071.9959867648806,670.0959867648806,338,2,401.9,1,2,2,1.7,12
12388.0,44.436473849449,High-Value,Loyal_Customers,Low Risk,HIGH,2780.6600000000003,3777.562262067918,996.9022620679175,16,6,2780.6600000000003,4,4,5,4.4,44
12390.0,14.84583004579751,Regular,Hibernating,Medium Risk,NORMAL,549.84,1530.121599369197,980.2815993691969,80,1,549.84,2,1,3,2.1,21
12391.0,17.1341776963966,Regular,Promising,Medium Risk,NORMAL,460.89,964.2742162883626,503.3842162883626,22,1,460.89,4,1,2,2.3,41
12393.0,34.91485992419835,Regular,Loyal_Customers,Low Risk,NORMAL,1582.6,1714.671292099142,132.07129209914206,72,4,1582.6,3,4,4,3.7,34
12394.0,27.591465450127796,Regular,About_to_Sleep,Low Risk,NORMAL,1272.48,2186.821849216276,914.3418492162759,64,2,1272.48,3,2,4,3.1,32
12395.0,49.28778117103632,High-Value,Loyal_Customers,Low Risk,HIGH,3018.63,6721.880469032691,3703.2504690326905,19,12,3018.63,4,5,5,4.7,45
12397.0,32.84818883038835,High-Value,About_to_Sleep,Low Risk,HIGH,2409.9000000000005,2873.165531709222,463.26553170922125,36,2,2409.9000000000005,3,2,5,3.5,32
12398.0,23.91475821696575,Regular,About_to_Sleep,Medium Risk,NORMAL,1635.66,2382.768269992627,747.1082699926271,46,1,1635.66,3,1,4,2.8,31
12399.0,31.146612979090463,Regular,At_Risk,Medium Risk,NORMAL,1108.65,1665.8885303308623,557.2385303308622,119,4,1108.65,2,4,4,3.4,24
12401.0,0.6927934498264512,Regular,Hibernating,High Risk,MEDIUM,84.3,452.6131107483054,368.3131107483054,303,1,84.3,1,1,1,1.0,11
12402.0,0.7142363014361087,Regular,Hibernating,High Risk,MEDIUM,225.6,509.9400504371854,284.34005043718537,323,1,225.6,1,1,1,1.0,11
12403.0,13.345560042259535,Regular,About_to_Sleep,Medium Risk,NORMAL,427.7,861.0308618156466,433.33086181564664,50,1,427.7,3,1,2,2.0,31
12405.0,20.206551256364904,Regular,Hibernating,High Risk,MEDIUM,1710.3900000000003,2494.500939353212,784.1109393532115,149,1,1710.3900000000003,2,1,4,2.5,21
12406.0,36.65181648065218,High-Value,Potential_Loyalists,Low Risk,HIGH,3415.3,3016.5377439641543,-398.7622560358459,22,2,3415.3,4,2,5,3.8,42
12407.0,35.129409232854236,Regular,Loyal_Customers,Low Risk,NORMAL,1708.1199999999997,2288.2636249429306,580.143624942931,50,5,1708.1199999999997,3,4,4,3.7,34
12408.0,44.2165638278907,High-Value,Loyal_Customers,Low Risk,HIGH,2888.55,3189.6381943019087,301.0881943019085,33,5,2888.55,4,4,5,4.4,44
12409.0,32.733061981671874,High-Value,At_Risk,Low Risk,HIGH,11072.67,2565.3767155068235,-8507.293284493177,79,3,11072.67,2,3,5,3.5,23
12410.0,14.930121717050849,Regular,Hibernating,Medium Risk,NORMAL,693.3299999999999,1755.4733222733823,1062.1433222733824,309,2,693.3299999999999,1,2,3,2.1,12
12412.0,27.442030038835867,Regular,At_Risk,Low Risk,NORMAL,1226.88,1787.3099295116692,560.4299295116691,75,3,1226.88,2,3,4,3.1,23
12413.0,25.965347172068515,Regular,Need_Attention,Low Risk,NORMAL,758.1,1181.2788256158867,423.1788256158867,67,3,758.1,3,3,3,3.0,33
12414.0,18.488893266359774,Regular,At_Risk,Medium Risk,NORMAL,562.41,1244.2287332081912,681.8187332081912,217,3,562.41,1,3,3,2.4000000000000004,13
12415.0,51.43636989277729,High-Value,Loyal_Customers,Low Risk,HIGH,124914.53,12466.079902468919,-112448.45009753108,24,21,124914.53,4,5,5,4.7,45
12417.0,52.37485519985967,High-Value,Champions,Low Risk,HIGH,3649.1,4949.564087814064,1300.464087814064,3,9,3649.1,5,5,5,5.0,55
12418.0,14.881210750953445,Regular,Hibernating,High Risk,MEDIUM,668.58,1624.7110498558488,956.1310498558488,113,1,668.58,2,1,3,2.1,21
12420.0,18.647313410900374,Regular,About_to_Sleep,Medium Risk,NORMAL,600.3900000000001,1667.7611176552407,1067.3711176552406,64,1,600.3900000000001,3,1,3,2.4000000000000004,31
12421.0,33.38671421356783,Regular,Loyal_Customers,Low Risk,NORMAL,807.0400000000001,971.0555329500473,164.01553295004726,16,4,807.0400000000001,4,4,3,3.6,44
12422.0,22.177801660511935,Regular,At_Risk,Medium Risk,NORMAL,803.5599999999998,1080.901818127615,277.34181812761506,96,3,803.5599999999998,2,3,3,2.7,23
12423.0,46.84783109675811,Regular,Champions,Low Risk,NORMAL,1859.31,3540.578029286241,1681.268029286241,1,8,1859.31,5,5,4,4.6,55
12424.0,23.87896991920501,Regular,Hibernating,Medium Risk,NORMAL,1760.9599999999996,2287.089130639084,526.1291306390845,163,2,1760.9599999999996,2,2,4,2.8,22
12425.0,14.843685760636543,Regular,Hibernating,Medium Risk,NORMAL,777.1999999999999,1524.3889054003087,747.1889054003087,78,1,777.1999999999999,2,1,3,2.1,21
12426.0,11.150488796162456,Regular,Hibernating,High Risk,MEDIUM,582.73,1676.2504325431094,1093.5204325431093,195,1,582.73,1,1,3,1.8000000000000005,11
12427.0,29.735738402337372,Regular,Potential_Loyalists,Low Risk,NORMAL,825.8,1235.7942813530547,409.9942813530547,22,3,825.8,4,3,3,3.3,43
12428.0,48.58087683282018,High-Value,Loyal_Customers,Low Risk,HIGH,7956.46,4831.988998419129,-3124.4710015808714,26,9,7956.46,4,5,5,4.7,45
12429.0,47.771333606923186,High-Value,Champions,Low Risk,HIGH,3750.4,2667.694970210844,-1082.705029789156,9,4,3750.4,5,4,5,4.7,54
12430.0,13.338055044196155,Regular,About_to_Sleep,Medium Risk,NORMAL,256.4,840.9664329245386,584.5664329245386,43,1,256.4,3,1,2,2.0,31
12431.0,46.20177928479347,High-Value,Loyal_Customers,Low Risk,HIGH,6487.45,8497.06319723576,2009.6131972357607,36,15,6487.45,3,5,5,4.4,35
12432.0,40.40864760730493,High-Value,Loyal_Customers,Low Risk,HIGH,5059.319999999999,3034.8005941092015,-2024.5194058907973,43,5,5059.319999999999,3,4,5,4.1,34
12433.0,51.89643802384568,High-Value,Champions,Low Risk,HIGH,13375.87,3670.5274608420623,-9705.342539157939,1,7,13375.87,5,5,5,5.0,55
12434.0,18.508599425413273,Regular,Hibernating,Low Risk,NORMAL,806.14,1296.9126677950737,490.77266779507374,85,2,806.14,2,2,3,2.4000000000000004,22
12435.0,29.076725457539013,High-Value,Hibernating,Low Risk,HIGH,7829.890000000001,2815.7837289876106,-5014.106271012391,80,2,7829.890000000001,2,2,5,3.2,22
12436.0,14.867272897407167,Regular,Hibernating,High Risk,MEDIUM,509.0100000000001,1587.448539058077,1078.438539058077,100,1,509.0100000000001,2,1,3,2.1,21
12437.0,54.51701106611774,High-Value,Champions,Low Risk,HIGH,4951.41,10676.56543934363,5725.155439343631,2,18,4951.41,5,5,5,5.0,55
12438.0,36.643239340008314,High-Value,Potential_Loyalists,Low Risk,HIGH,2906.8500000000004,2993.606968088602,86.75696808860175,14,2,2906.8500000000004,4,2,5,3.8,42
12441.0,0.7614105749773556,Regular,Hibernating,High Risk,MEDIUM,173.55,636.0593177527214,462.5093177527214,367,1,173.55,1,1,1,1.0,11
12442.0,15.645701261243943,Regular,New_Customers,Medium Risk,NORMAL,172.06,326.7132955636964,154.65329556369642,3,1,172.06,5,1,1,2.2,51
12444.0,44.203698116924905,High-Value,Loyal_Customers,Low Risk,HIGH,5005.46,3155.242030488581,-1850.2179695114191,21,5,5005.46,4,4,5,4.4,44
12445.0,11.847434323882526,Regular,Promising,Medium Risk,NORMAL,133.4,197.67281823098438,64.27281823098437,22,1,133.4,4,1,1,1.9,41
12446.0,23.927623927931545,Regular,About_to_Sleep,Medium Risk,NORMAL,1002.31,2417.164433805955,1414.854433805955,58,1,1002.31,3,1,4,2.8,31
12447.0,5.915208267511552,Regular,Hibernating,High Risk,MEDIUM,476.49,1047.233689739043,570.743689739043,243,1,476.49,1,1,2,1.4,11
12448.0,13.339127186776638,Regular,About_to_Sleep,Medium Risk,NORMAL,449.4500000000001,843.8327799089827,394.3827799089826,44,1,449.4500000000001,3,1,2,2.0,31
12449.0,43.96663381407888,High-Value,Loyal_Customers,Low Risk,HIGH,4067.29,2521.4564109714684,-1545.8335890285316,22,4,4067.29,4,4,5,4.4,44
12450.0,8.011234803599406,Regular,Hibernating,Medium Risk,NORMAL,197.88,-32.77949242415821,-230.6594924241582,156,2,197.88,2,2,1,1.6,22
12451.0,48.01161433751066,High-Value,Champions,Low Risk,HIGH,9035.52,3310.079630681289,-5725.440369318711,11,5,9035.52,5,4,5,4.7,54
12452.0,20.786225650207538,Regular,Potential_Loyalists,Low Risk,NORMAL,430.57,702.4018148697994,271.8318148697994,17,2,430.57,4,2,2,2.6,42
12453.0,14.903725745143586,Regular,Hibernating,High Risk,MEDIUM,707.0899999999999,1684.904336529173,977.814336529173,134,1,707.0899999999999,2,1,3,2.1,21
12454.0,29.21222301528466,High-Value,About_to_Sleep,Medium Risk,HIGH,3528.34,3178.0331378944456,-350.3068621055545,56,1,3528.34,3,1,5,3.2,31
12455.0,36.86031068375534,High-Value,At_Risk,Low Risk,HIGH,2466.86,3573.94190010693,1107.0819001069299,73,6,2466.86,2,4,5,3.8,24
12456.0,36.51417463774556,High-Value,Need_Attention,Low Risk,HIGH,3181.04,2648.555641088431,-532.484358911569,44,3,3181.04,3,3,5,3.8,33
12457.0,44.328851998795905,High-Value,Loyal_Customers,Low Risk,HIGH,2363.23,3489.8378747566267,1126.6078747566266,66,7,2363.23,3,5,5,4.4,35
12458.0,27.598970448191174,Regular,About_to_Sleep,Low Risk,NORMAL,947.4,2206.886278107384,1259.486278107384,71,2,947.4,3,2,4,3.1,32
12461.0,18.51824870863762,Regular,Hibernating,Medium Risk,NORMAL,826.88,1322.7097906550696,495.8297906550696,94,2,826.88,2,2,3,2.4000000000000004,22
12462.0,31.361856680396652,Regular,Potential_Loyalists,Low Risk,NORMAL,1189.59,2241.337304953444,1051.747304953444,19,2,1189.59,4,2,4,3.4,42
12463.0,34.89448921516918,Regular,Loyal_Customers,Low Risk,NORMAL,1344.7800000000002,1660.2106993947057,315.43069939470547,53,4,1344.7800000000002,3,4,4,3.7,34
12464.0,46.857480379982455,Regular,Champions,Low Risk,NORMAL,1212.05,3566.3751521462373,2354.325152146237,10,8,1212.05,5,5,4,4.6,55
12465.0,26.07296902272161,Regular,Potential_Loyalists,Low Risk,NORMAL,742.19,1469.0032129271774,726.8132129271773,17,2,742.19,4,2,3,3.0,42
12468.0,14.80039246481242,Regular,Hibernating,Medium Risk,NORMAL,729.54,1408.645337155658,679.1053371556579,188,2,729.54,1,2,3,2.1,12
12471.0,57.37464841123582,High-Value,Champions,Low Risk,HIGH,19824.05,18316.38903736231,-1507.6609626376885,2,30,19824.05,5,5,5,5.0,55
12472.0,48.11103679745007,High-Value,Loyal_Customers,Low Risk,HIGH,6572.110000000001,3575.883147322679,-2996.2268526773214,32,7,6572.110000000001,4,5,5,4.7,45
12473.0,44.21227525756877,High-Value,Loyal_Customers,Low Risk,HIGH,3938.55,3178.172806364133,-760.3771936358671,29,5,3938.55,4,4,5,4.4,44
12474.0,50.714455558434395,High-Value,Loyal_Customers,Low Risk,HIGH,7375.79,10536.059574073142,3160.2695740731424,17,18,7375.79,4,5,5,4.7,45
12475.0,18.636591985095546,Regular,About_to_Sleep,Medium Risk,NORMAL,723.3799999999999,1639.0976478108003,915.7176478108004,54,1,723.3799999999999,3,1,3,2.4000000000000004,31
12476.0,49.04642829786837,High-Value,Loyal_Customers,Low Risk,HIGH,6816.42,6076.6294615778015,-739.7905384221986,16,11,6816.42,4,5,5,4.7,45
12477.0,44.443978847512376,High-Value,Loyal_Customers,Low Risk,HIGH,13219.740000000002,3797.626690959026,-9422.113309040975,23,6,13219.740000000002,4,4,5,4.4,44
12478.0,26.220260148852574,Regular,New_Customers,Medium Risk,NORMAL,680.9900000000001,1862.782438662896,1181.792438662896,4,1,680.9900000000001,5,1,3,3.0,51
12479.0,26.227765146915957,Regular,New_Customers,Medium Risk,NORMAL,527.2,1882.8468675540041,1355.646867554004,11,1,527.2,5,1,3,3.0,51
12480.0,43.97306666956178,High-Value,Loyal_Customers,Low Risk,HIGH,3281.63,2538.6544928781323,-742.9755071218678,28,4,3281.63,4,4,5,4.4,44
12481.0,48.81579685050524,High-Value,Loyal_Customers,Low Risk,HIGH,5596.32,5460.041923967353,-136.27807603264682,23,10,5596.32,4,5,5,4.7,45
12483.0,48.33309110416933,High-Value,Loyal_Customers,Low Risk,HIGH,2484.98,4169.539909057576,1684.5599090575756,17,8,2484.98,4,5,5,4.7,45
12484.0,44.45470027331721,High-Value,Loyal_Customers,Low Risk,HIGH,4541.719999999999,3826.2901608034654,-715.429839196534,33,6,4541.719999999999,4,4,5,4.4,44
12488.0,38.82825371027624,Regular,Potential_Loyalists,Low Risk,NORMAL,1298.6600000000003,2151.500585634253,852.8405856342529,10,3,1298.6600000000003,5,3,4,4.0,53
12489.0,6.014917527496461,Regular,Hibernating,High Risk,MEDIUM,334.92999999999995,1313.8039592923358,978.8739592923358,336,1,334.92999999999995,1,1,2,1.4,11
12490.0,52.61513593044714,High-Value,Champions,Low Risk,HIGH,5417.93,5591.948748284509,174.01874828450855,5,10,5417.93,5,5,5,5.0,55
12491.0,13.333766473874222,Regular,About_to_Sleep,Medium Risk,NORMAL,460.4,829.5010449867627,369.10104498676276,39,1,460.4,3,1,2,2.0,31
12492.0,17.016906562519157,Regular,About_to_Sleep,Low Risk,NORMAL,263.21,650.7527061170758,387.54270611707585,63,2,263.21,3,2,2,2.3,32
12493.0,13.30869960191831,Regular,Hibernating,Medium Risk,NORMAL,433.74,762.4853754776602,328.7453754776602,166,2,433.74,2,2,2,2.0,22
12494.0,42.80713914364827,Regular,Loyal_Customers,Low Risk,NORMAL,1246.1,2763.420197514196,1517.320197514196,16,7,1246.1,4,5,4,4.300000000000001,45
12497.0,20.13471770347255,Regular,Hibernating,Medium Risk,NORMAL,1043.1,2302.455691395463,1259.355691395463,82,1,1043.1,2,1,4,2.5,21
12498.0,24.44792288724281,Regular,Potential_Loyalists,Low Risk,NORMAL,403.7,466.32653631123253,62.62653631123254,21,3,403.7,4,3,2,2.8999999999999995,43
12500.0,49.05393329593175,High-Value,Loyal_Customers,Low Risk,HIGH,4257.820000000001,6096.69389046891,1838.873890468909,23,11,4257.820000000001,4,5,5,4.7,45
12501.0,21.87621978761917,High-Value,Hibernating,High Risk,CRITICAL,2169.3900000000003,3616.474500448914,1447.0845004489138,337,1,2169.3900000000003,1,1,5,2.6,11
12502.0,36.64683351767994,High-Value,At_Risk,Medium Risk,HIGH,3723.87,3003.215914247585,-720.6540857524151,96,5,3723.87,2,4,5,3.8,24
12504.0,20.78729779278802,Regular,Potential_Loyalists,Low Risk,NORMAL,482.05,705.2681618542435,223.21816185424353,18,2,482.05,4,2,2,2.6,42
12506.0,0.6177434691926492,Regular,Hibernating,High Risk,MEDIUM,73.50000000000001,251.96882183722505,178.46882183722505,233,1,73.50000000000001,1,1,1,1.0,11
12507.0,27.505286451084356,Regular,At_Risk,Medium Risk,NORMAL,1304.81,1956.4244015938655,651.6144015938655,134,3,1304.81,2,3,4,3.1,23
12508.0,20.795874933431882,Regular,Potential_Loyalists,Low Risk,NORMAL,398.27,728.1989377297955,329.9289377297955,26,2,398.27,4,2,2,2.6,42
12509.0,0.6724227407972763,Regular,Hibernating,High Risk,MEDIUM,176.5,398.1525180438691,221.65251804386912,284,1,176.5,1,1,1,1.0,11
12510.0,23.85752706759535,Regular,Hibernating,Medium Risk,NORMAL,982.57,2229.762190950204,1247.192190950204,143,2,982.57,2,2,4,2.8,22
12512.0,11.733379617746532,Regular,About_to_Sleep,Low Risk,NORMAL,138.03,-107.24965098697044,-245.27965098697044,66,2,138.03,3,2,1,1.9,32
12513.0,14.881210750953445,Regular,Hibernating,High Risk,MEDIUM,612.2900000000001,1624.7110498558488,1012.4210498558488,113,1,612.2900000000001,2,1,3,2.1,21
12514.0,16.514426434471297,Regular,Hibernating,High Risk,MEDIUM,1017.68,2649.2288134804558,1631.548813480456,267,1,1017.68,1,1,4,2.2,11
12515.0,6.03314395136467,Regular,Hibernating,High Risk,MEDIUM,383.7000000000001,1362.5318580278833,978.8318580278833,353,1,383.7000000000001,1,1,2,1.4,11
12516.0,23.78783779986396,Regular,Hibernating,Low Risk,NORMAL,1312.06,2043.4496369613441,731.3896369613442,78,2,1312.06,2,2,4,2.8,22
12517.0,44.21120311498829,High-Value,Loyal_Customers,Low Risk,HIGH,2502.84,3175.306459379689,672.4664593796888,28,5,2502.84,4,4,5,4.4,44
12518.0,42.71414953919176,Regular,Champions,Low Risk,NORMAL,2056.89,2514.8147627794706,457.9247627794707,1,5,2056.89,5,4,4,4.300000000000001,54
12519.0,13.360570038386296,Regular,About_to_Sleep,Medium Risk,NORMAL,340.84000000000003,901.1597195978627,560.3197195978627,64,1,340.84000000000003,3,1,2,2.0,31
12520.0,36.62860709381173,High-Value,At_Risk,Low Risk,HIGH,2634.26,2954.4880155120372,320.228015512037,79,5,2634.26,2,4,5,3.8,24
12521.0,14.91337502836793,Regular,Hibernating,High Risk,MEDIUM,599.68,1710.7014593891688,1111.0214593891687,143,1,599.68,2,1,3,2.1,21
12522.0,11.704431768073494,Regular,About_to_Sleep,Low Risk,NORMAL,192.72000000000003,-184.64101956695845,-377.3610195669585,39,2,192.72000000000003,3,2,1,1.9,32
12523.0,43.76290135309575,Regular,Loyal_Customers,Low Risk,NORMAL,1789.77,5318.627104473755,3528.857104473755,19,11,1789.77,4,5,4,4.300000000000001,45
12524.0,52.14315160991605,High-Value,Champions,Low Risk,HIGH,4485.719999999999,4330.110203219171,-155.60979678082822,9,8,4485.719999999999,5,5,5,5.0,55
12526.0,38.8186044270519,Regular,Potential_Loyalists,Low Risk,NORMAL,1316.6600000000003,2125.703462774257,809.0434627742566,1,3,1316.6600000000003,5,3,4,4.0,53
12527.0,16.876048291871093,Regular,At_Risk,Low Risk,NORMAL,348.71000000000004,274.1715622880208,-74.53843771197921,82,3,348.71000000000004,2,3,2,2.3,23
12528.0,46.38013534654896,Regular,Champions,Low Risk,NORMAL,1933.48,2290.20487215868,356.7248721586798,9,6,1933.48,5,5,4,4.6,55
12530.0,34.90199421323256,Regular,Loyal_Customers,Low Risk,NORMAL,1662.28,1680.2751282858137,17.995128285813735,60,4,1662.28,3,4,4,3.7,34
12531.0,11.839929325819146,Regular,Promising,Medium Risk,NORMAL,125.22,177.60838933987657,52.38838933987657,15,1,125.22,4,1,1,1.9,41
12532.0,17.142754837040464,Regular,Promising,Medium Risk,NORMAL,349.83000000000004,987.2049921639148,637.3749921639147,30,1,349.83000000000004,4,1,2,2.3,41
12534.0,20.18725268991621,Regular,Hibernating,High Risk,MEDIUM,1089.18,2442.906693633219,1353.7266936332192,131,1,1089.18,2,1,4,2.5,21
12535.0,18.516104423476655,Regular,Hibernating,Medium Risk,NORMAL,716.35,1316.9770966861818,600.6270966861817,92,2,716.35,2,2,3,2.4000000000000004,22
12536.0,36.51310249516508,High-Value,Need_Attention,Low Risk,HIGH,12601.830000000002,2645.689294103987,-9956.140705896014,43,3,12601.830000000002,3,3,5,3.8,33
12538.0,17.14168269445998,Regular,Promising,Medium Risk,NORMAL,363.95,984.3386451794706,620.3886451794706,29,1,363.95,4,1,2,2.3,41
12539.0,43.96663381407888,High-Value,Loyal_Customers,Low Risk,HIGH,5568.349999999999,2521.4564109714684,-3046.893589028531,22,4,5568.349999999999,4,4,5,4.4,44
12540.0,50.47953554074934,High-Value,Loyal_Customers,Low Risk,HIGH,13400.24,9908.006648524919,-3492.233351475081,20,17,13400.24,4,5,5,4.7,45
12541.0,35.031058915495315,Regular,Potential_Loyalists,Low Risk,NORMAL,981.1800000000002,2025.3264552859848,1044.1464552859848,30,3,981.1800000000002,4,3,4,3.7,43
12544.0,13.330550046132775,Regular,About_to_Sleep,Medium Risk,NORMAL,372.7000000000001,820.9020040334306,448.20200403343046,36,1,372.7000000000001,3,1,2,2.0,31
12545.0,23.784621372122515,Regular,Hibernating,Low Risk,NORMAL,1000.39,2034.8505960080122,1034.460596008012,75,2,1000.39,2,2,4,2.8,22
12546.0,27.573239026259586,Regular,About_to_Sleep,Low Risk,NORMAL,1161.5,2138.0939504807284,976.5939504807284,47,2,1161.5,3,2,4,3.1,32
12547.0,4.237627145589095,Regular,Hibernating,Medium Risk,NORMAL,207.8,-95.89398911465798,-303.693989114658,198,2,207.8,1,2,1,1.2999999999999998,12
12548.0,4.364547562690882,Regular,Hibernating,High Risk,MEDIUM,95.2,243.42464391662475,148.22464391662476,166,1,95.2,2,1,1,1.2999999999999998,21
12550.0,20.1315012757311,Regular,Hibernating,Medium Risk,NORMAL,964.83,2293.8566504421315,1329.0266504421315,79,1,964.83,2,1,4,2.5,21
12551.0,0.7517612917530097,Regular,Hibernating,High Risk,MEDIUM,168.0,610.2621948927256,442.2621948927256,358,1,168.0,1,1,1,1.0,11
12552.0,16.99117514058757,Regular,About_to_Sleep,Low Risk,NORMAL,437.82,581.9603784904198,144.14037849041978,39,2,437.82,3,2,2,2.3,32
12553.0,52.61835235818859,High-Value,Champions,Low Risk,HIGH,3692.28,5600.54778923784,1908.2677892378401,8,10,3692.28,5,5,5,5.0,55
12556.0,22.28971208148696,Regular,About_to_Sleep,Low Risk,NORMAL,603.7099999999999,1380.0915933766817,776.3815933766817,50,2,603.7099999999999,3,2,3,2.7,32
12557.0,44.19833740402249,High-Value,Loyal_Customers,Low Risk,HIGH,11990.96,3140.910295566361,-8850.049704433637,16,5,11990.96,4,4,5,4.4,44
12558.0,20.937805346660433,Regular,New_Customers,Medium Risk,NORMAL,269.96000000000004,1107.6464285432946,837.6864285432946,8,1,269.96000000000004,5,1,2,2.6,51
12559.0,14.932266002211815,Regular,Hibernating,Medium Risk,NORMAL,561.7099999999999,1761.2060162422706,1199.4960162422708,311,2,561.7099999999999,1,2,3,2.1,12
12560.0,44.109636369887916,High-Value,Potential_Loyalists,Low Risk,HIGH,2134.01,2903.7702487694105,769.7602487694103,5,3,2134.01,5,3,5,4.4,53
12561.0,0.6927934498264512,Regular,Hibernating,High Risk,MEDIUM,238.85,452.6131107483054,213.76311074830542,303,1,238.85,1,1,1,1.0,11
12562.0,51.903943021909065,High-Value,Champions,Low Risk,HIGH,3781.74,3690.5918897331703,-91.14811026682946,8,7,3781.74,5,5,5,5.0,55
12564.0,5.934506833960245,Regular,Hibernating,High Risk,MEDIUM,456.9,1098.8279354590352,641.9279354590352,261,1,456.9,1,1,2,1.4,11
12565.0,0.6777834536996907,Regular,Hibernating,High Risk,MEDIUM,145.92000000000002,412.48425296608934,266.5642529660893,289,1,145.92000000000002,1,1,1,1.0,11
12566.0,9.56551952876633,Regular,Hibernating,Medium Risk,NORMAL,351.65,780.7182832184828,429.06828321848286,86,1,351.65,2,1,2,1.7,21
12567.0,48.81579685050524,High-Value,Loyal_Customers,Low Risk,HIGH,9401.28,5460.041923967353,-3941.2380760326478,23,10,9401.28,4,5,5,4.7,45
12569.0,57.850921302088835,High-Value,Champions,Low Risk,HIGH,4124.6900000000005,19589.692970365424,15465.002970365424,2,32,4124.6900000000005,5,5,5,5.0,55
12571.0,22.278990655682133,Regular,About_to_Sleep,Low Risk,NORMAL,519.61,1351.4281235322417,831.8181235322417,40,2,519.61,3,2,3,2.7,32
12572.0,35.169772900982416,Regular,Potential_Loyalists,Low Risk,NORMAL,1020.42,2396.174905146152,1375.754905146152,9,2,1020.42,5,2,4,3.7,52
12573.0,0.611310613709752,Regular,Hibernating,High Risk,MEDIUM,160.54,234.77073993056115,74.23073993056116,227,1,160.54,1,1,1,1.0,11
12574.0,0.7067313033727286,Regular,Hibernating,High Risk,MEDIUM,218.45,489.87562154607735,271.42562154607737,316,1,218.45,1,1,1,1.0,11
12576.0,35.11439923672748,Regular,Loyal_Customers,Low Risk,NORMAL,1315.83,2248.1347671607145,932.3047671607146,36,5,1315.83,3,4,4,3.7,34
12577.0,25.931038609493065,Regular,Need_Attention,Low Risk,NORMAL,657.8,1089.5557221136785,431.75572211367853,35,3,657.8,3,3,3,3.0,33
12578.0,36.650744338071696,High-Value,Potential_Loyalists,Low Risk,HIGH,2794.51,3013.67139697971,219.16139697970993,21,2,2794.51,4,2,5,3.8,42
12579.0,9.556942388122467,Regular,Hibernating,Medium Risk,NORMAL,440.42,757.7875073429307,317.36750734293065,78,1,440.42,2,1,2,1.7,21
12580.0,5.919496837833484,Regular,Hibernating,High Risk,MEDIUM,415.7000000000001,1058.6990776768191,642.9990776768191,247,1,415.7000000000001,1,1,2,1.4,11
12581.0,8.048095243940631,Regular,About_to_Sleep,Medium Risk,NORMAL,197.71,65.76599391382842,-131.94400608617158,40,1,197.71,3,1,1,1.6,31
12582.0,14.855071736417049,Regular,Hibernating,Medium Risk,NORMAL,511.3599999999999,1554.8290333623024,1043.4690333623025,239,2,511.3599999999999,1,2,3,2.1,12
12583.0,53.803673872418706,High-Value,Champions,Low Risk,HIGH,7281.379999999999,8769.475886823404,1488.0958868234047,3,15,7281.379999999999,5,5,5,5.0,55
12584.0,52.37592734244015,High-Value,Champions,Low Risk,HIGH,2338.1500000000005,4952.430434798508,2614.2804347985075,4,9,2338.1500000000005,5,5,5,5.0,55
12585.0,20.136454396028707,Regular,Hibernating,Medium Risk,NORMAL,2040.1,2307.098696497461,266.99869649746097,234,2,2040.1,1,2,4,2.5,12
12586.0,11.842073610980112,Regular,Promising,Medium Risk,NORMAL,196.94000000000003,183.34108330876438,-13.598916691235644,17,1,196.94000000000003,4,1,1,1.9,41
12587.0,15.651061974146359,Regular,New_Customers,Medium Risk,NORMAL,144.0,341.0450304859164,197.0450304859164,8,1,144.0,5,1,1,2.2,51
12588.0,8.047023101360148,Regular,About_to_Sleep,Medium Risk,NORMAL,214.9,62.89964692938452,-152.0003530706155,39,1,214.9,3,1,1,1.6,31
12589.0,26.085834733687406,Regular,Potential_Loyalists,Low Risk,NORMAL,646.6800000000001,1503.3993767405052,856.7193767405051,29,2,646.6800000000001,4,2,3,3.0,42
12590.0,25.398538489191676,High-Value,Hibernating,Medium Risk,HIGH,9864.26,3007.7741139126265,-6856.485886087374,211,2,9864.26,1,2,5,2.9,12
12591.0,5.994546818467286,Regular,Hibernating,High Risk,MEDIUM,452.85,1259.3433665878995,806.4933665878995,317,1,452.85,1,1,2,1.4,11
12592.0,13.229361050962575,Regular,Hibernating,Medium Risk,NORMAL,437.6,550.3756986288038,112.77569862880375,92,2,437.6,2,2,2,2.0,22
12593.0,16.90499614154413,Regular,At_Risk,Medium Risk,NORMAL,418.0999999999999,351.56293086800883,-66.53706913199107,109,3,418.0999999999999,2,3,2,2.3,23
12594.0,45.0132413428219,High-Value,Loyal_Customers,Low Risk,HIGH,3338.2200000000003,5319.5360586968645,1981.3160586968643,38,10,3338.2200000000003,3,5,5,4.4,35
12596.0,22.290784224067444,Regular,About_to_Sleep,Low Risk,NORMAL,618.27,1382.9579403611258,764.6879403611258,51,2,618.27,3,2,3,2.7,32
12597.0,43.96341738633743,High-Value,Loyal_Customers,Low Risk,HIGH,3811.2199999999993,2512.857370018136,-1298.3626299818634,19,4,3811.2199999999993,4,4,5,4.4,44
12598.0,52.144223752496536,High-Value,Champions,Low Risk,HIGH,3023.08,4332.976550203615,1309.8965502036153,10,8,3023.08,5,5,5,5.0,55
12599.0,42.82107699719455,Regular,Loyal_Customers,Low Risk,NORMAL,1032.5800000000004,2800.682708311968,1768.1027083119675,29,7,1032.5800000000004,4,5,4,4.300000000000001,45
12600.0,48.822229705988136,High-Value,Loyal_Customers,Low Risk,HIGH,2599.04,5477.240005874017,2878.200005874017,29,10,2599.04,4,5,5,4.7,45
12601.0,22.355490528826593,Regular,At_Risk,Medium Risk,NORMAL,577.0600000000001,1555.948664633417,978.8886646334169,190,5,577.0600000000001,1,4,3,2.7,14
12602.0,8.068465952969806,Regular,About_to_Sleep,Medium Risk,NORMAL,153.12,120.22658661826449,-32.89341338173551,59,1,153.12,3,1,1,1.6,31
12603.0,22.42092106891068,Regular,Promising,Medium Risk,NORMAL,739.1999999999999,1730.8756143457406,991.6756143457407,22,1,739.1999999999999,4,1,3,2.7,41
12604.0,13.215423197416298,Regular,Hibernating,Low Risk,NORMAL,254.18,513.1131878310318,258.93318783103183,79,2,254.18,2,2,2,2.0,22
12607.0,23.929768213092512,Regular,About_to_Sleep,Medium Risk,NORMAL,1579.51,2422.8971277748433,843.3871277748433,60,1,1579.51,3,1,4,2.8,31
12609.0,27.445246466577316,Regular,At_Risk,Low Risk,NORMAL,1126.85,1795.9089704650012,669.0589704650013,78,3,1126.85,2,3,4,3.1,23
12610.0,44.20584240208587,High-Value,Loyal_Customers,Low Risk,HIGH,2099.54,3160.974724457469,1061.4347244574692,23,5,2099.54,4,4,5,4.4,44
12611.0,23.921191072448647,Regular,About_to_Sleep,Medium Risk,NORMAL,1193.32,2399.966351899291,1206.6463518992912,52,1,1193.32,3,1,4,2.8,31
12612.0,14.839397190314612,Regular,Hibernating,Medium Risk,NORMAL,704.04,1512.9235174625326,808.8835174625326,74,1,704.04,2,1,3,2.1,21
12613.0,40.423657603431685,High-Value,Loyal_Customers,Low Risk,HIGH,3344.38,3074.9294518914176,-269.45054810858255,57,5,3344.38,3,4,5,4.1,34
12614.0,5.952733257828453,Regular,Hibernating,High Risk,MEDIUM,315.6,1147.5558341945832,831.9558341945832,278,1,315.6,1,1,2,1.4,11
12615.0,47.763828608859804,High-Value,Champions,Low Risk,HIGH,2291.19,2647.630541319736,356.440541319736,2,4,2291.19,5,4,5,4.7,54
12616.0,18.519320851218104,Regular,Hibernating,Medium Risk,NORMAL,713.3,1325.5761376395137,612.2761376395138,95,2,713.3,2,2,3,2.4000000000000004,22
12617.0,17.14168269445998,Regular,Promising,Medium Risk,NORMAL,355.53000000000003,984.3386451794706,628.8086451794707,29,1,355.53000000000003,4,1,2,2.3,41
12618.0,11.847434323882526,Regular,Promising,Medium Risk,NORMAL,177.31,197.67281823098438,20.362818230984374,22,1,177.31,4,1,1,1.9,41
12619.0,48.570155407015356,High-Value,Loyal_Customers,Low Risk,HIGH,3641.24,4803.325528574688,1162.0855285746884,16,9,3641.24,4,5,5,4.7,45
12620.0,35.014976776788075,Regular,Potential_Loyalists,Low Risk,NORMAL,1339.41,1982.3312505193246,642.9212505193245,15,3,1339.41,4,3,4,3.7,43
12621.0,54.99328395697076,High-Value,Champions,Low Risk,HIGH,13689.67,11949.869372346742,-1739.8006276532578,2,20,13689.67,5,5,5,5.0,55
12622.0,0.6166713266121665,Regular,Hibernating,High Risk,MEDIUM,180.09999999999997,249.10247485278114,69.00247485278118,232,1,180.09999999999997,1,1,1,1.0,11
12623.0,5.950588972667488,Regular,Hibernating,High Risk,MEDIUM,305.1,1141.8231402256954,836.7231402256954,276,1,305.1,1,1,2,1.4,11
12624.0,18.531114419603416,Regular,Hibernating,Medium Risk,NORMAL,641.13,1357.1059544683974,715.9759544683974,106,2,641.13,2,2,3,2.4000000000000004,22
12625.0,25.39961063177216,High-Value,Hibernating,Medium Risk,HIGH,2683.82,3010.6404608970706,326.82046089707046,212,2,2683.82,1,2,5,2.9,12
12626.0,48.57766040507873,High-Value,Loyal_Customers,Low Risk,HIGH,6620.48,4823.389957465796,-1797.0900425342033,23,9,6620.48,4,5,5,4.7,45
12627.0,51.907159449650514,High-Value,Champions,Low Risk,HIGH,4478.530000000001,3699.1909306865027,-779.3390693134979,11,7,4478.530000000001,5,5,5,5.0,55
12628.0,33.53507748227927,Regular,Potential_Loyalists,Low Risk,NORMAL,786.4599999999999,1367.7011056702102,581.2411056702102,4,3,786.4599999999999,5,3,3,3.6,53
12630.0,35.1708450435629,Regular,Potential_Loyalists,Low Risk,NORMAL,1270.88,2399.0412521305952,1128.1612521305951,10,2,1270.88,5,2,4,3.7,52
12631.0,18.639808412836995,Regular,About_to_Sleep,Medium Risk,NORMAL,640.5,1647.6966887641327,1007.1966887641327,57,1,640.5,3,1,3,2.4000000000000004,31
12633.0,40.187665443166146,High-Value,Loyal_Customers,Low Risk,HIGH,2163.98,2444.0101793587482,280.0301793587482,59,4,2163.98,3,4,5,4.1,34
12635.0,23.800703510829756,Regular,Hibernating,Low Risk,NORMAL,1689.1800000000003,2077.845800774672,388.6658007746719,90,2,1689.1800000000003,2,2,4,2.8,22
12637.0,44.56806058680289,High-Value,Loyal_Customers,Low Risk,HIGH,6021.9,4129.3561882426275,-1892.5438117573722,67,8,6021.9,3,5,5,4.4,35
12638.0,22.432714637295994,Regular,Promising,Medium Risk,NORMAL,671.69,1762.4054311746247,1090.7154311746247,33,1,671.69,4,1,3,2.7,41
12639.0,5.910919697189621,Regular,Hibernating,High Risk,MEDIUM,486.1,1035.7683018012674,549.6683018012674,239,1,486.1,1,1,2,1.4,11
12640.0,35.024626060012416,Regular,Potential_Loyalists,Low Risk,NORMAL,1174.58,2008.1283733793205,833.5483733793205,24,3,1174.58,4,3,4,3.7,43
12641.0,4.309868291086255,Regular,Hibernating,High Risk,MEDIUM,185.9,97.24094770998067,-88.65905229001933,115,1,185.9,2,1,1,1.2999999999999998,21
12642.0,35.0256982025929,Regular,Potential_Loyalists,Low Risk,NORMAL,1013.26,2010.9947203637646,997.7347203637646,25,3,1013.26,4,3,4,3.7,43
12643.0,40.338550746968735,High-Value,Cant_Loose,Medium Risk,HIGH,3344.6399999999994,2847.3983512534505,-497.2416487465489,128,6,3344.6399999999994,2,5,5,4.1,25
12644.0,9.612693802307577,Regular,Hibernating,High Risk,MEDIUM,477.91,906.8375505340189,428.92755053401885,130,1,477.91,2,1,2,1.7,21
12645.0,34.87411850614001,Regular,Loyal_Customers,Low Risk,NORMAL,1775.1800000000003,1605.7501066902698,-169.42989330973046,34,4,1775.1800000000003,3,4,4,3.7,34
12646.0,35.16548433066048,Regular,Potential_Loyalists,Low Risk,NORMAL,1346.97,2384.7095172083755,1037.7395172083754,5,2,1346.97,5,2,4,3.7,52
12647.0,49.29099759877777,High-Value,Loyal_Customers,Low Risk,HIGH,3722.82,6730.479509986022,3007.659509986022,22,12,3722.82,4,5,5,4.7,45
12648.0,9.639497366819649,Regular,Hibernating,High Risk,MEDIUM,318.04999999999995,978.4962251451191,660.4462251451191,155,1,318.04999999999995,2,1,2,1.7,21
12649.0,22.189595228897247,Regular,At_Risk,Medium Risk,NORMAL,623.51,1112.431634956499,488.921634956499,107,3,623.51,2,3,3,2.7,23
12650.0,20.932444633758017,Regular,New_Customers,Medium Risk,NORMAL,314.44,1093.3146936210744,778.8746936210744,3,1,314.44,5,1,2,2.6,51
12651.0,0.7271020124019034,Regular,Hibernating,High Risk,MEDIUM,114.0,544.3362142505136,430.33621425051365,335,1,114.0,1,1,1,1.0,11
12652.0,11.296300187108129,Regular,Hibernating,High Risk,MEDIUM,919.98,2066.0736224274942,1146.0936224274942,331,1,919.98,1,1,3,1.8000000000000005,11
12653.0,29.15070329559233,High-Value,Hibernating,Medium Risk,HIGH,2209.85,3013.561670914247,803.711670914247,149,2,2209.85,2,2,5,3.2,22
12654.0,37.43812759248251,Regular,Champions,Low Risk,NORMAL,601.9799999999999,1776.8768345665324,1174.8968345665326,11,5,601.9799999999999,5,4,3,3.9,54
12656.0,44.19940954660297,High-Value,Loyal_Customers,Low Risk,HIGH,4051.17,3143.7766425508053,-907.3933574491948,17,5,4051.17,4,4,5,4.4,44
12657.0,42.486734519570085,Regular,Champions,Low Risk,NORMAL,1643.18,1906.8262661223537,263.6462661223536,11,4,1643.18,5,4,4,4.300000000000001,54
12658.0,22.417704641169234,Regular,Promising,Medium Risk,NORMAL,686.05,1722.2765733924086,1036.2265733924087,19,1,686.05,4,1,3,2.7,41
12659.0,11.85601146452639,Regular,Promising,Medium Risk,NORMAL,91.68,220.60359410653632,128.9235941065363,30,1,91.68,4,1,1,1.9,41
12660.0,15.654278401887806,Regular,New_Customers,Medium Risk,NORMAL,245.1,349.64407143924836,104.54407143924837,11,1,245.1,5,1,1,2.2,51
12662.0,52.84898380555171,High-Value,Champions,Low Risk,HIGH,3849.78,6217.135326848289,2367.3553268482888,1,11,3849.78,5,5,5,5.0,55
12664.0,52.38021591276208,High-Value,Champions,Low Risk,HIGH,4881.88,4963.895822736284,82.01582273628355,8,9,4881.88,5,5,5,5.0,55
12665.0,0.7163805865970746,Regular,Hibernating,High Risk,MEDIUM,63.0,515.6727444060737,452.67274440607366,325,1,63.0,1,1,1,1.0,11
12667.0,18.640880555417475,Regular,About_to_Sleep,Medium Risk,NORMAL,620.1300000000001,1650.5630357485768,1030.4330357485767,58,1,620.1300000000001,3,1,3,2.4000000000000004,31
12668.0,47.774550034664635,High-Value,Champions,Low Risk,HIGH,3807.15,2676.2940111641765,-1130.8559888358236,12,4,3807.15,5,4,5,4.7,54
12669.0,32.81025624746664,High-Value,At_Risk,Medium Risk,HIGH,2744.03,2771.7536983867913,27.723698386791057,151,3,2744.03,2,3,5,3.5,23
12670.0,48.010542194930174,High-Value,Champions,Low Risk,HIGH,2996.0500000000006,3307.213283696845,311.16328369684425,10,5,2996.0500000000006,5,4,5,4.7,54
12672.0,0.721741299499489,Regular,Hibernating,High Risk,MEDIUM,225.9,530.0044793282934,304.10447932829345,330,1,225.9,1,1,1,1.0,11
12673.0,29.87874095814641,Regular,Potential_Loyalists,Low Risk,NORMAL,610.52,1618.1081191509977,1007.5881191509977,5,2,610.52,5,2,3,3.3000000000000003,52
12674.0,34.87947921904242,Regular,Loyal_Customers,Low Risk,NORMAL,1970.6,1620.08184161249,-350.51815838750986,39,4,1970.6,3,4,4,3.7,34
12676.0,42.578651981446114,Regular,Loyal_Customers,Low Risk,NORMAL,1331.39,2152.5653538726356,821.1753538726355,25,6,1331.39,4,5,4,4.300000000000001,45
12678.0,45.49380280399684,High-Value,Loyal_Customers,Low Risk,HIGH,17628.46,6604.3053796377535,-11024.154620362246,42,12,17628.46,3,5,5,4.4,35
12679.0,34.90092207065208,Regular,Loyal_Customers,Low Risk,NORMAL,1113.02,1677.40878130137,564.38878130137,59,4,1113.02,3,4,4,3.7,34
12680.0,37.18926972125117,Regular,Champions,Low Risk,NORMAL,862.8100000000002,1111.5613982205357,248.75139822053552,1,4,862.8100000000002,5,4,3,3.9,54
12681.0,51.66485705497946,High-Value,Loyal_Customers,Low Risk,HIGH,13787.54,13076.93474611048,-710.6052538895201,15,22,13787.54,4,5,5,4.7,45
12682.0,57.61492914182329,High-Value,Champions,Low Risk,HIGH,12288.22,18958.773697832752,6670.553697832753,4,31,12288.22,5,5,5,5.0,55
12683.0,53.80474601499919,High-Value,Champions,Low Risk,HIGH,8476.57,8772.342233807849,295.77223380784926,4,15,8476.57,5,5,5,5.0,55
12684.0,51.903943021909065,High-Value,Champions,Low Risk,HIGH,2283.63,3690.5918897331703,1406.9618897331702,8,7,2283.63,5,5,5,5.0,55
12685.0,47.86861178170163,High-Value,Loyal_Customers,Low Risk,HIGH,2863.08,2927.765792883346,64.68579288334604,28,6,2863.08,4,5,5,4.7,45
12686.0,0.76677128787977,Regular,Hibernating,High Risk,MEDIUM,89.14,650.3910526749416,561.2510526749417,372,1,89.14,1,1,1,1.0,11
12688.0,25.455769638562074,High-Value,Hibernating,High Risk,CRITICAL,4873.81,3160.7801929550496,-1713.0298070449508,114,1,4873.81,2,1,5,2.9,21
12689.0,31.369361678460034,Regular,Potential_Loyalists,Low Risk,NORMAL,1247.61,2261.401733844552,1013.791733844552,26,2,1247.61,4,2,4,3.4,42
12690.0,5.875538992033686,Regular,Hibernating,High Risk,MEDIUM,389.01,941.178851314615,552.168851314615,206,1,389.01,1,1,2,1.4,11
12691.0,42.58186840918756,Regular,Loyal_Customers,Low Risk,NORMAL,1035.8,2161.164394825967,1125.364394825967,28,6,1035.8,4,5,4,4.300000000000001,45
12693.0,25.86844674722025,Regular,At_Risk,Medium Risk,NORMAL,855.91,922.2179081490358,66.30790814903582,127,4,855.91,2,4,3,3.0,24
12694.0,22.31115493309662,Regular,About_to_Sleep,Low Risk,NORMAL,869.67,1437.4185330655616,567.7485330655617,70,2,869.67,3,2,3,2.7,32
12695.0,37.19570257673407,Regular,Champions,Low Risk,NORMAL,582.1,1128.7594801271996,546.6594801271996,7,4,582.1,5,4,3,3.9,54
12697.0,35.02998677291483,Regular,Potential_Loyalists,Low Risk,NORMAL,957.59,2022.4601083015407,1064.8701083015408,29,3,957.59,4,3,4,3.7,43
12700.0,47.7702614643427,High-Value,Champions,Low Risk,HIGH,4939.99,2664.8286232264,-2275.1613767736,8,4,4939.99,5,4,5,4.7,54
12701.0,18.50323871251086,Regular,Hibernating,Low Risk,NORMAL,797.71,1282.5809328728535,484.8709328728535,80,2,797.71,2,2,3,2.4000000000000004,22
12702.0,11.84529003872156,Regular,Promising,Medium Risk,NORMAL,219.0,191.94012426209633,-27.059875737903667,20,1,219.0,4,1,1,1.9,41
12703.0,13.368075036449675,Regular,About_to_Sleep,Medium Risk,NORMAL,283.55,921.2241484889707,637.6741484889708,71,1,283.55,3,1,2,2.0,31
12704.0,52.14100732475509,High-Value,Champions,Low Risk,HIGH,2340.84,4324.377509250284,1983.5375092502836,7,8,2340.84,5,5,5,5.0,55
12705.0,48.56908326443487,High-Value,Loyal_Customers,Low Risk,HIGH,6868.290000000001,4800.459181590244,-2067.830818409757,15,9,6868.290000000001,4,5,5,4.7,45
12707.0,11.254486626469296,Regular,Hibernating,High Risk,MEDIUM,603.42,1954.2860900341777,1350.866090034178,292,1,603.42,1,1,3,1.8000000000000005,11
12708.0,48.82330184856862,High-Value,Loyal_Customers,Low Risk,HIGH,2712.91,5480.106352858461,2767.196352858461,30,10,2712.91,4,5,5,4.7,45
12709.0,49.99790193699391,High-Value,Loyal_Customers,Low Risk,HIGH,9736.52,8620.370980599584,-1116.1490194004164,15,15,9736.52,4,5,5,4.7,45
12710.0,27.46561717560649,Regular,At_Risk,Medium Risk,NORMAL,1149.0200000000002,1850.3695631694375,701.3495631694373,97,3,1149.0200000000002,2,3,4,3.1,23
12712.0,49.53663904226766,High-Value,Loyal_Customers,Low Risk,HIGH,4396.13,7387.195905378687,2991.0659053786867,29,13,4396.13,4,5,5,4.7,45
12713.0,26.217043721111125,Regular,New_Customers,Medium Risk,NORMAL,848.5500000000001,1854.1833977095646,1005.6333977095645,1,1,848.5500000000001,5,1,3,3.0,51
12714.0,48.00947005234969,High-Value,Champions,Low Risk,HIGH,4708.860000000001,3304.3469367124007,-1404.5130632875998,9,5,4708.860000000001,5,4,5,4.7,54
12715.0,9.586962380375986,Regular,Hibernating,High Risk,MEDIUM,353.86,838.0452229073628,484.1852229073628,106,1,353.86,2,1,2,1.7,21
12716.0,35.16441218808,Regular,Potential_Loyalists,Low Risk,NORMAL,1053.4900000000002,2381.8431702239313,1328.353170223931,4,2,1053.4900000000002,5,2,4,3.7,52
12717.0,23.866104208239214,Regular,Hibernating,Medium Risk,NORMAL,1030.98,2252.6929668257562,1221.7129668257562,151,2,1030.98,2,2,4,2.8,22
12718.0,8.0813316639356,Regular,About_to_Sleep,Medium Risk,NORMAL,238.25,154.62275043159252,-83.62724956840748,71,1,238.25,3,1,1,1.6,31
12719.0,29.87874095814641,Regular,Potential_Loyalists,Low Risk,NORMAL,644.95,1618.1081191509977,973.1581191509977,5,2,644.95,5,2,3,3.3000000000000003,52
12720.0,56.18503832668377,High-Value,Champions,Low Risk,HIGH,5781.730000000001,15135.99555183897,9354.26555183897,3,25,5781.730000000001,5,5,5,5.0,55
12721.0,47.87290035202356,High-Value,Loyal_Customers,Low Risk,HIGH,2656.13,2939.2311808211216,283.1011808211215,32,6,2656.13,4,5,5,4.7,45
12722.0,31.110160131354043,Regular,At_Risk,Low Risk,NORMAL,997.63,1568.4327328597662,570.8027328597663,85,4,997.63,2,4,4,3.4,24
12723.0,37.43062259441913,Regular,Champions,Low Risk,NORMAL,725.07,1756.8124056754243,1031.7424056754244,4,5,725.07,5,4,3,3.9,54
12724.0,42.480301664087186,Regular,Champions,Low Risk,NORMAL,1031.41,1889.6281842156898,858.2181842156897,5,4,1031.41,5,4,4,4.300000000000001,54
12725.0,6.052442517813361,Regular,Hibernating,High Risk,MEDIUM,427.8,1414.1261037478755,986.3261037478755,371,1,427.8,1,1,2,1.4,11
12726.0,48.106748227128136,High-Value,Loyal_Customers,Low Risk,HIGH,2609.1,3564.4177593849026,955.3177593849027,28,7,2609.1,4,5,5,4.7,45
12727.0,51.907159449650514,High-Value,Champions,Low Risk,HIGH,3980.7,3699.1909306865027,-281.5090693134971,11,7,3980.7,5,5,5,5.0,55
12728.0,29.627044409103792,Regular,Loyal_Customers,Low Risk,NORMAL,836.3299999999999,945.2035470573198,108.87354705731991,71,4,836.3299999999999,3,4,3,3.3,34
12729.0,9.59553952101985,Regular,Hibernating,High Risk,MEDIUM,453.0100000000001,860.975998782915,407.9659987829149,114,1,453.0100000000001,2,1,2,1.7,21
12731.0,49.29314188393874,High-Value,Loyal_Customers,Low Risk,HIGH,18895.91,6736.21220395491,-12159.69779604509,24,12,18895.91,4,5,5,4.7,45
12732.0,0.5609199124270565,Regular,Hibernating,High Risk,MEDIUM,236.26000000000005,100.05243166169294,-136.2075683383071,180,1,236.26000000000005,1,1,1,1.0,11
12733.0,5.9055589842872065,Regular,Hibernating,High Risk,MEDIUM,383.9500000000001,1021.4365668790472,637.4865668790471,234,1,383.9500000000001,1,1,2,1.4,11
12734.0,0.7464005788505953,Regular,Hibernating,High Risk,MEDIUM,110.4,595.9304599705054,485.5304599705054,353,1,110.4,1,1,1,1.0,11
12735.0,14.936554572533748,Regular,Hibernating,Medium Risk,NORMAL,779.57,1772.6714041800467,993.1014041800466,315,2,779.57,1,2,3,2.1,12
12736.0,0.7249577272409375,Regular,Hibernating,High Risk,MEDIUM,234.00000000000003,538.6035202816254,304.6035202816254,333,1,234.00000000000003,1,1,1,1.0,11
12738.0,0.76677128787977,Regular,Hibernating,High Risk,MEDIUM,155.35,650.3910526749416,495.0410526749416,372,1,155.35,1,1,1,1.0,11
12739.0,23.78783779986396,Regular,Hibernating,Low Risk,NORMAL,1013.04,2043.4496369613441,1030.4096369613442,78,2,1013.04,2,2,4,2.8,22
12740.0,13.360570038386296,Regular,About_to_Sleep,Medium Risk,NORMAL,427.6,901.1597195978627,473.5597195978627,64,1,427.6,3,1,2,2.0,31
12743.0,18.561134411856937,Regular,Hibernating,Medium Risk,NORMAL,546.4300000000001,1437.3636700328295,890.9336700328295,134,2,546.4300000000001,2,2,3,2.4000000000000004,22
12744.0,44.31384200266914,High-Value,Loyal_Customers,Low Risk,HIGH,21279.29,3449.7090169744106,-17829.58098302559,52,7,21279.29,3,5,5,4.4,35
12747.0,52.850055948132194,High-Value,Champions,Low Risk,HIGH,4196.009999999999,6220.001673832734,2023.9916738327347,2,11,4196.009999999999,5,5,5,5.0,55
12748.0,100.0,High-Value,Champions,Low Risk,HIGH,33719.73,132274.2246941565,98554.49469415648,1,209,33719.73,5,5,5,5.0,55
12749.0,48.00410933944728,High-Value,Champions,Low Risk,HIGH,4090.88,3290.015201790181,-800.8647982098191,4,5,4090.88,5,4,5,4.7,54
12750.0,9.611621659727094,Regular,Hibernating,High Risk,MEDIUM,275.88,903.971203549575,628.091203549575,129,1,275.88,2,1,2,1.7,21
12752.0,25.42038893340614,High-Value,Hibernating,Medium Risk,HIGH,4366.780000000001,3066.1907424683977,-1300.589257531603,81,1,4366.780000000001,2,1,5,2.9,21
12753.0,47.863251068799215,High-Value,Loyal_Customers,Low Risk,HIGH,21429.39,2913.434057961126,-18515.955942038872,23,6,21429.39,4,5,5,4.7,45
12754.0,29.0827507204171,High-Value,At_Risk,Medium Risk,HIGH,3010.74,2831.892122027384,-178.8478779726156,236,3,3010.74,1,3,5,3.2,13
12755.0,25.47358846982548,High-Value,Hibernating,Medium Risk,HIGH,3811.95,3208.418402823707,-603.531597176293,281,2,3811.95,1,2,5,2.9,12
12756.0,4.279848298832735,Regular,Hibernating,Medium Risk,NORMAL,112.08,16.983232145548527,-95.09676785445147,87,1,112.08,2,1,1,1.2999999999999998,21
12757.0,49.52270118872138,High-Value,Loyal_Customers,Low Risk,HIGH,7857.1,7349.933394580916,-507.1666054190846,16,13,7857.1,4,5,5,4.7,45
12758.0,29.11639473301688,High-Value,Hibernating,Medium Risk,HIGH,2791.59,2921.838567412039,130.24856741203894,117,2,2791.59,2,2,5,3.2,22
12759.0,31.23600840587535,Regular,Need_Attention,Low Risk,NORMAL,1531.4400000000005,1904.885018906605,373.44501890660445,52,3,1531.4400000000005,3,3,4,3.4,33
12762.0,35.16870075840193,Regular,Potential_Loyalists,Low Risk,NORMAL,1898.5200000000004,2393.308558161708,494.78855816170744,8,2,1898.5200000000004,5,2,4,3.7,52
12763.0,18.565422982178866,Regular,Hibernating,Medium Risk,NORMAL,494.08,1448.829057970606,954.7490579706061,138,2,494.08,2,2,3,2.4000000000000004,22
12764.0,16.56803356349544,Regular,Hibernating,High Risk,MEDIUM,1693.88,2792.546162702656,1098.666162702656,317,1,1693.88,1,1,4,2.2,11
12766.0,51.89965445158713,High-Value,Champions,Low Risk,HIGH,6989.63,3679.1265017953947,-3310.5034982046054,4,7,6989.63,5,5,5,5.0,55
12769.0,16.484406442217775,Regular,Hibernating,High Risk,MEDIUM,1143.6,2568.9710979160236,1425.3710979160237,239,1,1143.6,1,1,4,2.2,11
12770.0,16.454386449964254,Regular,Hibernating,High Risk,MEDIUM,1351.4499999999998,2488.7133823515915,1137.2633823515916,211,1,1351.4499999999998,1,1,4,2.2,11
12772.0,18.64302484057844,Regular,About_to_Sleep,Medium Risk,NORMAL,892.4700000000001,1656.2957297174646,763.8257297174645,60,1,892.4700000000001,3,1,3,2.4000000000000004,31
12775.0,38.91266617408889,Regular,Loyal_Customers,Low Risk,NORMAL,1386.0400000000002,2377.1752444934264,991.1352444934262,17,5,1386.0400000000002,4,4,4,4.0,44
12778.0,37.28654789602962,Regular,Loyal_Customers,Low Risk,NORMAL,822.23,1371.6322208930376,549.4022208930376,20,6,822.23,4,5,3,3.9,45
12779.0,44.53696845196889,High-Value,Loyal_Customers,Low Risk,HIGH,3981.36,4046.232125693751,64.87212569375106,38,8,3981.36,3,5,5,4.4,35
12781.0,22.30472207761372,Regular,About_to_Sleep,Low Risk,NORMAL,826.74,1420.2204511588977,593.4804511588977,64,2,826.74,3,2,3,2.7,32
12782.0,48.00518148202776,High-Value,Champions,Low Risk,HIGH,2330.9200000000005,3292.881548774625,961.9615487746246,5,5,2330.9200000000005,5,4,5,4.7,54
12783.0,51.65937372099966,High-Value,Champions,Low Risk,HIGH,2225.91,3036.7418413249497,810.8318413249499,2,6,2225.91,5,5,5,5.0,55
12784.0,29.88302952846834,Regular,Potential_Loyalists,Low Risk,NORMAL,574.4200000000001,1629.5735070887738,1055.1535070887737,9,2,574.4200000000001,5,2,3,3.3000000000000003,52
12785.0,6.044937519749981,Regular,Hibernating,High Risk,MEDIUM,311.95,1394.0616748567675,1082.1116748567674,364,1,311.95,1,1,2,1.4,11
12787.0,28.2547669652481,Regular,Potential_Loyalists,Low Risk,NORMAL,463.66,618.2977895194965,154.6377895194965,10,3,463.66,5,3,2,3.2,53
12789.0,8.074898808452703,Regular,About_to_Sleep,Medium Risk,NORMAL,91.85,137.4246685249284,45.5746685249284,65,1,91.85,3,1,1,1.6,31
12790.0,5.860528995906925,Regular,Hibernating,High Risk,MEDIUM,324.9200000000001,901.049993532399,576.1299935323989,192,1,324.9200000000001,1,1,2,1.4,11
12791.0,0.7689155730407358,Regular,Hibernating,High Risk,MEDIUM,192.6,656.1237466438295,463.52374664382944,374,1,192.6,1,1,1,1.0,11
12792.0,5.930218263638313,Regular,Hibernating,High Risk,MEDIUM,400.54,1087.362547521259,686.8225475212591,257,1,400.54,1,1,2,1.4,11
12793.0,14.957997424143404,Regular,Hibernating,Medium Risk,NORMAL,545.48,1829.9983438689267,1284.5183438689266,335,2,545.48,1,2,3,2.1,12
12794.0,22.29292850922841,Regular,About_to_Sleep,Low Risk,NORMAL,860.41,1388.6906343300136,528.2806343300136,53,2,860.41,3,2,3,2.7,32
12795.0,17.13096126865515,Regular,Promising,Medium Risk,NORMAL,430.48,955.6751753350306,525.1951753350306,19,1,430.48,4,1,2,2.3,41
12797.0,6.047081804910947,Regular,Hibernating,High Risk,MEDIUM,254.03,1399.7943688256557,1145.7643688256558,366,1,254.03,1,1,2,1.4,11
12798.0,44.114997082790325,High-Value,Potential_Loyalists,Low Risk,HIGH,6977.04,2918.101983691631,-4058.938016308369,10,3,6977.04,5,3,5,4.4,53
12802.0,5.855168283004511,Regular,Hibernating,High Risk,MEDIUM,427.58,886.7182586101792,459.1382586101792,187,1,427.58,1,1,2,1.4,11
12808.0,20.646439522139953,Regular,Need_Attention,Low Risk,NORMAL,483.65,328.68701802518854,-154.96298197481144,37,3,483.65,3,3,2,2.6,33
12809.0,9.664156646170754,Regular,Hibernating,High Risk,MEDIUM,489.31,1044.422205787331,555.112205787331,178,1,489.31,2,1,2,1.7,21
12811.0,18.536067539901023,Regular,At_Risk,Medium Risk,NORMAL,514.8499999999999,1370.3480005237273,855.4980005237273,261,3,514.8499999999999,1,3,3,2.4000000000000004,13
12812.0,8.053455956843045,Regular,About_to_Sleep,Medium Risk,NORMAL,229.64,80.09772883604842,-149.54227116395157,45,1,229.64,3,1,1,1.6,31
12814.0,4.295930437539978,Regular,Hibernating,High Risk,MEDIUM,125.92,59.978436912208736,-65.94156308779127,102,1,125.92,2,1,1,1.2999999999999998,21
12815.0,23.862887780497765,Regular,Hibernating,Medium Risk,NORMAL,1063.46,2244.0939258724247,1180.6339258724247,148,2,1063.46,2,2,4,2.8,22
12816.0,18.520392993798588,Regular,Hibernating,Medium Risk,NORMAL,572.2,1328.4424846239579,756.2424846239578,96,2,572.2,2,2,3,2.4000000000000004,22
12817.0,0.6692063130558277,Regular,Hibernating,High Risk,MEDIUM,166.04,389.55347709053717,223.51347709053718,281,1,166.04,1,1,1,1.0,11
12818.0,16.50906572156888,Regular,Hibernating,High Risk,MEDIUM,1542.08,2634.897078558236,1092.817078558236,262,1,1542.08,1,1,4,2.2,11
12820.0,42.47815737892622,Regular,Champions,Low Risk,NORMAL,942.34,1883.895490246802,941.5554902468019,3,4,942.34,5,4,4,4.300000000000001,54
12821.0,0.5973727601634746,Regular,Hibernating,High Risk,MEDIUM,92.72,197.5082291327892,104.78822913278921,214,1,92.72,1,1,1,1.0,11
12822.0,27.598970448191174,Regular,About_to_Sleep,Low Risk,NORMAL,948.8800000000002,2206.886278107384,1258.0062781073839,71,2,948.8800000000002,3,2,4,3.1,32
12823.0,31.33757515097572,Regular,At_Risk,Low Risk,NORMAL,1759.5,2176.4212295168827,416.9212295168827,75,5,1759.5,2,4,4,3.4,24
12824.0,13.356281468064363,Regular,About_to_Sleep,Medium Risk,NORMAL,397.12,889.6943316600866,492.5743316600866,60,1,397.12,3,1,2,2.0,31
12826.0,46.61183893649257,Regular,Champions,Low Risk,NORMAL,1474.72,2909.6587567535726,1434.9387567535725,3,7,1474.72,5,5,4,4.6,55
12827.0,28.250478394926166,Regular,Potential_Loyalists,Low Risk,NORMAL,430.15,606.8324015817204,176.68240158172046,6,3,430.15,5,3,2,3.2,53
12828.0,46.37370249106606,Regular,Champions,Low Risk,NORMAL,1018.71,2273.006790252016,1254.2967902520159,3,6,1018.71,5,5,4,4.6,55
12829.0,9.673398336790294,Regular,Hibernating,Medium Risk,NORMAL,293.0,1069.1296397804365,776.1296397804365,337,2,293.0,1,2,2,1.7,12
12830.0,44.06069556111588,High-Value,Loyal_Customers,Low Risk,HIGH,6814.640000000001,2772.928192690638,-4041.7118073093634,38,6,6814.640000000001,3,5,5,4.4,35
12831.0,0.648835604026653,Regular,Hibernating,High Risk,MEDIUM,215.05,335.09288438610133,120.04288438610132,262,1,215.05,1,1,1,1.0,11
12832.0,20.80230778891478,Regular,Potential_Loyalists,Low Risk,NORMAL,383.03,745.3970196364596,362.36701963645964,32,2,383.03,4,2,2,2.6,42
12833.0,9.628775941014819,Regular,Hibernating,High Risk,MEDIUM,417.38,949.8327553006791,532.4527553006791,145,1,417.38,2,1,2,1.7,21
12834.0,5.958093970730868,Regular,Hibernating,High Risk,MEDIUM,312.38,1161.8875691168034,849.5075691168034,283,1,312.38,1,1,2,1.4,11
12836.0,40.187665443166146,High-Value,Loyal_Customers,Low Risk,HIGH,2612.86,2444.0101793587482,-168.84982064125188,59,4,2612.86,3,4,5,4.1,34
12837.0,4.372052560754263,Regular,Hibernating,High Risk,MEDIUM,134.1,263.4890728077328,129.3890728077328,173,1,134.1,2,1,1,1.2999999999999998,21
12838.0,22.272557800199237,Regular,About_to_Sleep,Low Risk,NORMAL,683.13,1334.2300416255778,651.1000416255778,34,2,683.13,3,2,3,2.7,32
12839.0,53.5655374269922,High-Value,Champions,Low Risk,HIGH,5591.42,8132.823920321847,2541.403920321847,3,14,5591.42,5,5,5,5.0,55
12840.0,36.46015991611661,High-Value,At_Risk,Medium Risk,HIGH,2726.77,2504.1486029993403,-222.62139700065973,144,4,2726.77,2,4,5,3.8,24
12841.0,56.18718261184473,High-Value,Champions,Low Risk,HIGH,4022.35,15141.728245807857,11119.378245807857,5,25,4022.35,5,5,5,5.0,55
12842.0,27.59789830561069,Regular,About_to_Sleep,Low Risk,NORMAL,1118.99,2204.0199311229408,1085.0299311229408,70,2,1118.99,3,2,4,3.1,32
12843.0,39.28024507170833,Regular,Loyal_Customers,Low Risk,NORMAL,1702.2600000000002,3359.8884432008053,1657.6284432008051,66,8,1702.2600000000002,3,5,4,4.0,35
12844.0,20.799091361173332,Regular,Potential_Loyalists,Low Risk,NORMAL,325.96,736.7979786831274,410.83797868312746,29,2,325.96,4,2,2,2.6,42
12845.0,16.913165689583185,Regular,At_Risk,Medium Risk,NORMAL,354.09,373.4040178766704,19.314017876670448,267,4,354.09,1,4,2,2.3,14
12847.0,22.42092106891068,Regular,Promising,Medium Risk,NORMAL,871.5399999999998,1730.8756143457406,859.3356143457407,22,1,871.5399999999998,4,1,3,2.7,41
12849.0,31.374722391362447,Regular,Potential_Loyalists,Low Risk,NORMAL,1050.89,2275.7334687667717,1224.8434687667716,31,2,1050.89,4,2,4,3.4,42
12851.0,4.290569724637564,Regular,Hibernating,High Risk,MEDIUM,135.18,45.646701989988514,-89.53329801001149,97,1,135.18,2,1,1,1.2999999999999998,21
12852.0,5.970959681696662,Regular,Hibernating,High Risk,MEDIUM,311.55,1196.2837329301317,884.7337329301317,295,1,311.55,1,1,2,1.4,11
12853.0,35.05931237251804,Regular,Cant_Loose,Medium Risk,NORMAL,1957.1000000000004,2100.8613820871797,143.7613820871793,135,6,1957.1000000000004,2,5,4,3.7,25
12854.0,27.4463186091578,Regular,At_Risk,Low Risk,NORMAL,1324.5000000000002,1798.7753174494453,474.2753174494451,79,3,1324.5000000000002,2,3,4,3.1,23
12855.0,0.767843430460253,Regular,Hibernating,High Risk,MEDIUM,38.1,653.2573996593858,615.1573996593858,373,1,38.1,1,1,1,1.0,11
12856.0,51.66580657648256,High-Value,Champions,Low Risk,HIGH,2179.93,3053.9399232316136,874.0099232316138,8,6,2179.93,5,5,5,5.0,55
12857.0,20.1117951166776,Regular,Hibernating,Medium Risk,NORMAL,1106.4,2241.1727158552485,1134.7727158552484,211,2,1106.4,1,2,4,2.5,12
12863.0,18.63444769993458,Regular,About_to_Sleep,Medium Risk,NORMAL,521.2,1633.3649538419124,1112.1649538419124,52,1,521.2,3,1,3,2.4000000000000004,31
12864.0,4.334527570437362,Regular,Hibernating,High Risk,MEDIUM,147.12,163.16692835219283,16.046928352192822,138,1,147.12,2,1,1,1.2999999999999998,21
12865.0,31.369361678460034,Regular,Potential_Loyalists,Low Risk,NORMAL,1568.23,2261.401733844552,693.1717338445519,26,2,1568.23,4,2,4,3.4,42
12866.0,11.24483734324495,Regular,Hibernating,High Risk,MEDIUM,559.12,1928.4889671741819,1369.3689671741818,283,1,559.12,1,1,3,1.8000000000000005,11
12867.0,48.10460394196717,High-Value,Loyal_Customers,Low Risk,HIGH,4036.82,3558.6850654160153,-478.1349345839849,26,7,4036.82,4,5,5,4.7,45
12868.0,31.295353997732086,Regular,Cant_Loose,Medium Risk,NORMAL,1607.0600000000002,2063.5440082566765,456.48400825667636,186,6,1607.0600000000002,1,5,4,3.4000000000000004,15
12871.0,13.220783910318712,Regular,Hibernating,Low Risk,NORMAL,380.64,527.4449227532518,146.80492275325184,84,2,380.64,2,2,2,2.0,22
12872.0,14.949420283499542,Regular,Hibernating,Medium Risk,NORMAL,599.9700000000001,1807.0675679933745,1207.0975679933745,327,2,599.9700000000001,1,2,3,2.1,12
12873.0,5.957021828150385,Regular,Hibernating,High Risk,MEDIUM,374.0,1159.0212221323593,785.0212221323593,282,1,374.0,1,1,2,1.4,11
12875.0,13.284040322567202,Regular,Hibernating,Medium Risk,NORMAL,343.2300000000001,696.5593948354481,353.329394835448,143,2,343.2300000000001,2,2,2,2.0,22
12876.0,32.871775967158975,High-Value,About_to_Sleep,Low Risk,HIGH,2218.020000000001,2936.22516536699,718.2051653669891,58,2,2218.020000000001,3,2,5,3.5,32
12877.0,47.803593306205585,Regular,Champions,Low Risk,NORMAL,1535.7700000000002,6095.7849362458,4560.0149362458,4,12,1535.7700000000002,5,5,4,4.6,55
12878.0,14.8518553086756,Regular,Hibernating,Medium Risk,NORMAL,854.99,1546.22999240897,691.23999240897,236,2,854.99,1,2,3,2.1,12
12879.0,25.941760035297893,Regular,Need_Attention,Low Risk,NORMAL,573.22,1118.2191919581185,544.9991919581184,45,3,573.22,3,3,3,3.0,33
12881.0,5.950588972667488,Regular,Hibernating,High Risk,MEDIUM,298.0,1141.8231402256954,843.8231402256954,276,1,298.0,1,1,2,1.4,11
12882.0,35.169772900982416,Regular,Potential_Loyalists,Low Risk,NORMAL,1463.0399999999995,2396.174905146152,933.1349051461525,9,2,1463.0399999999995,5,2,4,3.7,52
12883.0,33.396363496792176,Regular,Loyal_Customers,Low Risk,NORMAL,703.47,996.8526558100436,293.3826558100436,25,4,703.47,4,4,3,3.6,44
12884.0,9.567663813927295,Regular,Hibernating,Medium Risk,NORMAL,309.05000000000007,786.4509771873709,477.4009771873708,88,1,309.05000000000007,2,1,2,1.7,21
12885.0,31.24780197426066,Regular,Need_Attention,Low Risk,NORMAL,1175.2199999999998,1936.414835735489,761.1948357354893,63,3,1175.2199999999998,3,3,4,3.4,33
12886.0,27.595754020449725,Regular,About_to_Sleep,Low Risk,NORMAL,1378.4,2198.2872371540525,819.8872371540524,68,2,1378.4,3,2,4,3.1,32
12888.0,9.5415247993909,Regular,Hibernating,Medium Risk,NORMAL,354.12,716.5689606938242,362.44896069382423,214,2,354.12,1,2,2,1.7,12
12890.0,17.136321981557565,Regular,Promising,Medium Risk,NORMAL,380.47,970.0069102572504,589.5369102572504,24,1,380.47,4,1,2,2.3,41
12891.0,13.168913473850727,Regular,At_Risk,Medium Risk,NORMAL,331.0,388.7705786330491,57.770578633049126,186,3,331.0,1,3,2,2.0,13
12893.0,11.85708360710687,Regular,Promising,Medium Risk,NORMAL,188.14,223.46994109098046,35.32994109098047,31,1,188.14,4,1,1,1.9,41
12895.0,16.994391568329018,Regular,About_to_Sleep,Low Risk,NORMAL,372.8,590.5594194437517,217.7594194437517,42,2,372.8,3,2,2,2.3,32
12897.0,4.245132143652476,Regular,Hibernating,Medium Risk,NORMAL,216.5,-75.82956022355006,-292.32956022355006,205,2,216.5,1,2,1,1.2999999999999998,12
12901.0,56.90588051844619,High-Value,Champions,Low Risk,HIGH,17654.539999999997,17063.149533250304,-591.3904667496936,9,28,17654.539999999997,5,5,5,5.0,55
12902.0,0.6520520317681017,Regular,Hibernating,High Risk,MEDIUM,138.67999999999998,343.6919253394333,205.0119253394333,265,1,138.67999999999998,1,1,1,1.0,11
12904.0,26.074041165302095,Regular,Potential_Loyalists,Low Risk,NORMAL,509.58,1471.8695599116215,962.2895599116216,18,2,509.58,4,2,3,3.0,42
12906.0,48.01268648009114,High-Value,Champions,Low Risk,HIGH,2919.81,3312.945977665733,393.1359776657332,12,5,2919.81,5,4,5,4.7,54
12908.0,18.606164400237216,Regular,Hibernating,Medium Risk,NORMAL,750.0,1557.7502433794778,807.7502433794778,176,2,750.0,2,2,3,2.4000000000000004,22
12909.0,40.40543117956348,High-Value,Loyal_Customers,Low Risk,HIGH,2178.67,3026.201553155869,847.531553155869,40,5,2178.67,3,4,5,4.1,34
12910.0,48.339523959652226,High-Value,Loyal_Customers,Low Risk,HIGH,3075.0400000000004,4186.7379909642395,1111.6979909642391,23,8,3075.0400000000004,4,5,5,4.7,45
12912.0,42.716293824352725,Regular,Champions,Low Risk,NORMAL,1662.3,2520.547456748359,858.2474567483589,3,5,1662.3,5,4,4,4.300000000000001,54
12913.0,48.00518148202776,High-Value,Champions,Low Risk,HIGH,2483.63,3292.881548774625,809.251548774625,5,5,2483.63,5,4,5,4.7,54
12915.0,13.2904731780501,Regular,Hibernating,Medium Risk,NORMAL,363.65,713.757476742112,350.107476742112,149,2,363.65,2,2,2,2.0,22
12916.0,36.45479920321419,High-Value,At_Risk,Medium Risk,HIGH,3006.15,2489.8168680771205,-516.3331319228796,139,4,3006.15,2,4,5,3.8,24
12917.0,14.897292889660688,Regular,Hibernating,High Risk,MEDIUM,594.0,1667.706254622509,1073.706254622509,128,1,594.0,2,1,3,2.1,21
12919.0,46.37906320396848,Regular,Champions,Low Risk,NORMAL,1335.19,2287.3385251742357,952.1485251742356,8,6,1335.19,5,5,4,4.6,55
12920.0,11.842073610980112,Regular,Promising,Medium Risk,NORMAL,164.23000000000002,183.34108330876438,19.111083308764364,17,1,164.23000000000002,4,1,1,1.9,41
12921.0,59.049108527284744,High-Value,Champions,Low Risk,HIGH,16587.09,22793.01723176432,6205.927231764319,9,37,16587.09,5,5,5,5.0,55
12922.0,9.645930222302546,Regular,Hibernating,High Risk,MEDIUM,405.38,995.694307051783,590.314307051783,161,1,405.38,2,1,2,1.7,21
12923.0,8.07382666587222,Regular,About_to_Sleep,Medium Risk,NORMAL,176.97,134.55832154048449,-42.411678459515514,64,1,176.97,3,1,1,1.6,31
12924.0,25.826633186581418,Regular,At_Risk,Low Risk,NORMAL,933.7000000000002,810.4303757557198,-123.26962424428041,88,4,933.7000000000002,2,4,3,3.0,24
12925.0,29.87874095814641,Regular,Potential_Loyalists,Low Risk,NORMAL,694.05,1618.1081191509977,924.0581191509978,5,2,694.05,5,2,3,3.3000000000000003,52
12928.0,40.40007046666106,High-Value,Loyal_Customers,Low Risk,HIGH,2062.7,3011.8698182336493,949.1698182336495,35,5,2062.7,3,4,5,4.1,34
12929.0,0.7024427330507971,Regular,Hibernating,High Risk,MEDIUM,117.85,478.41023360830127,360.56023360830125,312,1,117.85,1,1,1,1.0,11
12930.0,13.214351054835815,Regular,Hibernating,Low Risk,NORMAL,415.8,510.2468408465877,94.44684084658769,78,2,415.8,2,2,2,2.0,22
12931.0,50.00540693505729,High-Value,Loyal_Customers,Low Risk,HIGH,42055.96,8640.435409490692,-33415.5245905093,22,15,42055.96,4,5,5,4.7,45
12933.0,29.737882687498338,Regular,Potential_Loyalists,Low Risk,NORMAL,607.53,1241.5269753219425,633.9969753219425,24,3,607.53,4,3,3,3.3,43
12935.0,51.897510166426166,High-Value,Champions,Low Risk,HIGH,2160.7,3673.3938078265064,1512.6938078265066,2,7,2160.7,5,5,5,5.0,55
12936.0,38.674529728662385,Regular,Loyal_Customers,Low Risk,NORMAL,1063.9,1740.52327799187,676.6232779918698,17,4,1063.9,4,4,4,4.0,44
12937.0,38.67238544350142,Regular,Loyal_Customers,Low Risk,NORMAL,1504.2700000000002,1734.790584022982,230.5205840229819,15,4,1504.2700000000002,4,4,4,4.0,44
12938.0,11.851722894204457,Regular,Promising,Medium Risk,NORMAL,114.14,209.13820616876046,94.99820616876046,26,1,114.14,4,1,1,1.9,41
12939.0,44.564844159061444,High-Value,Loyal_Customers,Low Risk,HIGH,11581.8,4120.757147289295,-7461.042852710704,64,8,11581.8,3,5,5,4.4,35
12940.0,22.295072794389377,Regular,About_to_Sleep,Low Risk,NORMAL,913.54,1394.4233282989019,480.8833282989019,55,2,913.54,3,2,3,2.7,32
12942.0,22.215326650828835,Regular,At_Risk,Medium Risk,NORMAL,683.9000000000001,1181.223962583155,497.323962583155,131,3,683.9000000000001,2,3,3,2.7,23
12944.0,22.274702085360204,Regular,About_to_Sleep,Low Risk,NORMAL,604.5099999999999,1339.9627355944656,735.4527355944657,36,2,604.5099999999999,3,2,3,2.7,32
12945.0,5.963454683633282,Regular,Hibernating,High Risk,MEDIUM,462.9500000000001,1176.2193040390237,713.2693040390236,288,1,462.9500000000001,1,1,2,1.4,11
12947.0,35.06896165574239,Regular,Cant_Loose,Medium Risk,NORMAL,1603.99,2126.658504947176,522.668504947176,144,6,1603.99,2,5,4,3.7,25
12948.0,48.09388251616234,High-Value,Loyal_Customers,Low Risk,HIGH,2064.95,3530.021595571575,1465.071595571575,16,7,2064.95,4,5,5,4.7,45
12949.0,48.34810110029609,High-Value,Loyal_Customers,Low Risk,HIGH,4167.22,4209.668766839792,42.44876683979146,31,8,4167.22,4,5,5,4.7,45
12950.0,38.819676569632385,Regular,Potential_Loyalists,Low Risk,NORMAL,1843.0,2128.569809758701,285.569809758701,2,3,1843.0,5,3,4,4.0,53
12951.0,46.38013534654896,Regular,Champions,Low Risk,NORMAL,1064.07,2290.20487215868,1226.1348721586799,9,6,1064.07,5,5,4,4.6,55
12952.0,42.48137380666767,Regular,Champions,Low Risk,NORMAL,1387.79,1892.4945312001335,504.7045312001335,6,4,1387.79,5,4,4,4.300000000000001,54
12953.0,20.939949631821396,Regular,New_Customers,Medium Risk,NORMAL,329.85,1113.3791225121824,783.5291225121824,10,1,329.85,5,1,2,2.6,51
12955.0,52.84898380555171,High-Value,Champions,Low Risk,HIGH,4757.160000000001,6217.135326848289,1459.9753268482882,1,11,4757.160000000001,5,5,5,5.0,55
12956.0,0.6960098775678998,Regular,Hibernating,High Risk,MEDIUM,108.07,461.21215170163737,353.1421517016374,306,1,108.07,1,1,1,1.0,11
12957.0,52.144223752496536,High-Value,Champions,Low Risk,HIGH,4017.54,4332.976550203615,315.4365502036153,10,8,4017.54,5,5,5,5.0,55
12962.0,24.5941418707933,Regular,Potential_Loyalists,Low Risk,NORMAL,266.39,857.2394150625075,590.8494150625075,7,2,266.39,5,2,2,2.9000000000000004,52
12963.0,46.85533609482149,Regular,Champions,Low Risk,NORMAL,1856.63,3560.642458177349,1704.012458177349,8,8,1856.63,5,5,4,4.6,55
12965.0,14.855479329021856,Regular,Hibernating,Medium Risk,NORMAL,771.91,1555.9187222291928,784.0087222291928,89,1,771.91,2,1,3,2.1,21
12966.0,15.653206259307323,Regular,New_Customers,Medium Risk,NORMAL,160.18,346.77772445480446,186.59772445480445,10,1,160.18,5,1,1,2.2,51
12967.0,20.269400076008584,Regular,Hibernating,Medium Risk,NORMAL,1660.9,2662.5257225685173,1001.6257225685172,358,2,1660.9,1,2,4,2.5,12
12968.0,4.306651863344807,Regular,Hibernating,High Risk,MEDIUM,135.95,88.64190675664872,-47.308093243351266,112,1,135.95,2,1,1,1.2999999999999998,21
12970.0,31.908959204219997,Regular,Champions,Low Risk,NORMAL,452.24000000000007,362.1580820698216,-90.08191793017846,7,4,452.24000000000007,5,4,2,3.5,54
12971.0,70.71243364028115,High-Value,Champions,Low Risk,HIGH,11189.91,53974.63185541836,42784.721855418364,4,86,11189.91,5,5,5,5.0,55
12974.0,0.5802184788757484,Regular,Hibernating,High Risk,MEDIUM,144.8,151.6466773816851,6.846677381685083,198,1,144.8,1,1,1,1.0,11
12976.0,11.168715220030665,Regular,Hibernating,High Risk,MEDIUM,738.6,1724.9783312786574,986.3783312786574,212,1,738.6,1,1,3,1.8000000000000005,11
12977.0,4.353826136886054,Regular,Hibernating,High Risk,MEDIUM,39.24,214.76117407218476,175.52117407218475,156,1,39.24,2,1,1,1.2999999999999998,21
12980.0,41.08512436066274,High-Value,Cant_Loose,Medium Risk,HIGH,7374.9,4843.344660291441,-2531.5553397085587,158,9,7374.9,2,5,5,4.1,25
12981.0,20.800163503753815,Regular,Potential_Loyalists,Low Risk,NORMAL,372.2199999999999,739.6643256675713,367.44432566757143,30,2,372.2199999999999,4,2,2,2.6,42
12982.0,5.915208267511552,Regular,Hibernating,High Risk,MEDIUM,390.54,1047.233689739043,656.6936897390431,243,1,390.54,1,1,2,1.4,11
12984.0,11.844217896141076,Regular,Promising,Medium Risk,NORMAL,97.5,189.07377727765243,91.57377727765243,19,1,97.5,4,1,1,1.9,41
12985.0,35.16119576033855,Regular,Potential_Loyalists,Low Risk,NORMAL,1239.38,2373.2441292706,1133.8641292705997,1,2,1239.38,5,2,4,3.7,52
12987.0,18.49680585702796,Regular,Hibernating,Low Risk,NORMAL,558.7,1265.3828509661896,706.6828509661896,74,2,558.7,2,2,3,2.4000000000000004,22
12988.0,11.254486626469296,Regular,Hibernating,High Risk,MEDIUM,535.3200000000002,1954.2860900341777,1418.9660900341776,292,1,535.3200000000002,1,1,3,1.8000000000000005,11
12989.0,53.803673872418706,High-Value,Champions,Low Risk,HIGH,6924.110000000001,8769.475886823404,1845.3658868234033,3,15,6924.110000000001,5,5,5,5.0,55
12990.0,24.45864431304764,Regular,Potential_Loyalists,Low Risk,NORMAL,409.5000000000001,494.9900061556725,85.4900061556724,31,3,409.5000000000001,4,3,2,2.8999999999999995,43
12991.0,26.07940187820451,Regular,Potential_Loyalists,Low Risk,NORMAL,503.7600000000001,1486.2012948338413,982.4412948338412,23,2,503.7600000000001,4,2,3,3.0,42
12993.0,28.107475839117136,Regular,Loyal_Customers,Low Risk,NORMAL,414.75999999999993,224.51856378377738,-190.24143621622255,23,4,414.75999999999993,4,4,2,3.2,44
12994.0,38.82182085479335,Regular,Potential_Loyalists,Low Risk,NORMAL,974.42,2134.3025037275893,1159.8825037275892,4,3,974.42,5,3,4,4.0,53
12995.0,4.2777040136717694,Regular,Hibernating,Medium Risk,NORMAL,211.32,11.250538176660712,-200.06946182333928,85,1,211.32,2,1,1,1.2999999999999998,21
12997.0,38.6798904415648,Regular,Loyal_Customers,Low Risk,NORMAL,1226.89,1754.8550129140901,527.96501291409,22,4,1226.89,4,4,4,4.0,44
12999.0,13.179634899655555,Regular,At_Risk,Medium Risk,NORMAL,455.88,417.4340484774891,-38.44595152251088,196,3,455.88,1,3,2,2.0,13
13000.0,22.189595228897247,Regular,At_Risk,Medium Risk,NORMAL,534.8500000000001,1112.431634956499,577.5816349564989,107,3,534.8500000000001,2,3,3,2.7,23
13001.0,53.32847312414617,High-Value,Champions,Low Risk,HIGH,9818.82,7499.038300804736,-2319.781699195264,4,13,9818.82,5,5,5,5.0,55
13002.0,0.7088755885336945,Regular,Hibernating,High Risk,MEDIUM,120.95,495.6083155149656,374.65831551496564,318,1,120.95,1,1,1,1.0,11
13003.0,11.615036341288608,Regular,At_Risk,Medium Risk,NORMAL,149.05,-423.63750814270134,-572.6875081427013,106,3,149.05,2,3,1,1.9,23
13004.0,54.52773249192257,High-Value,Champions,Low Risk,HIGH,5655.91,10705.22890918807,5049.31890918807,12,18,5655.91,5,5,5,5.0,55
13005.0,18.604020115076253,Regular,Hibernating,Medium Risk,NORMAL,513.6999999999999,1552.01754941059,1038.31754941059,174,2,513.6999999999999,2,2,3,2.4000000000000004,22
13006.0,8.065249525228358,Regular,About_to_Sleep,Medium Risk,NORMAL,81.57,111.62754566493254,30.057545664932547,56,1,81.57,3,1,1,1.6,31
13008.0,0.7142363014361087,Regular,Hibernating,High Risk,MEDIUM,229.47000000000003,509.9400504371854,280.47005043718536,323,1,229.47000000000003,1,1,1,1.0,11
13011.0,0.76677128787977,Regular,Hibernating,High Risk,MEDIUM,50.55,650.3910526749416,599.8410526749417,372,1,50.55,1,1,1,1.0,11
13012.0,46.85640823740197,Regular,Champions,Low Risk,NORMAL,1661.84,3563.508805161793,1901.6688051617932,9,8,1661.84,5,5,4,4.6,55
13013.0,53.32525669640472,High-Value,Champions,Low Risk,HIGH,4810.94,7490.439259851402,2679.4992598514027,1,13,4810.94,5,5,5,5.0,55
13014.0,52.62156878593004,High-Value,Champions,Low Risk,HIGH,3466.28,5609.146830191173,2142.8668301911725,11,10,3466.28,5,5,5,5.0,55
13015.0,40.41936903310975,High-Value,Loyal_Customers,Low Risk,HIGH,3346.28,3063.464063953641,-282.8159360463592,53,5,3346.28,3,4,5,4.1,34
13016.0,22.15314238116083,Regular,At_Risk,Low Risk,NORMAL,789.8899999999999,1014.975837485403,225.0858374854031,73,3,789.8899999999999,2,3,3,2.7,23
13017.0,15.649989831565875,Regular,New_Customers,Medium Risk,NORMAL,204.0,338.1786835014725,134.1786835014725,7,1,204.0,5,1,1,2.2,51
13018.0,53.09474787011898,High-Value,Loyal_Customers,Low Risk,HIGH,7277.700000000001,16899.712892104264,9622.012892104263,16,28,7277.700000000001,4,5,5,4.7,45
13021.0,52.37592734244015,High-Value,Champions,Low Risk,HIGH,2616.38,4952.430434798508,2336.050434798508,4,9,2616.38,5,5,5,5.0,55
13023.0,22.30472207761372,Regular,About_to_Sleep,Low Risk,NORMAL,689.9000000000001,1420.2204511588977,730.3204511588976,64,2,689.9000000000001,3,2,3,2.7,32
13026.0,42.71414953919176,Regular,Champions,Low Risk,NORMAL,975.36,2514.8147627794706,1539.4547627794705,1,5,975.36,5,4,4,4.300000000000001,54
13027.0,40.32354075084197,High-Value,Cant_Loose,Medium Risk,HIGH,6912.0,2807.2694934712345,-4104.7305065287655,114,6,6912.0,2,5,5,4.1,25
13028.0,26.07940187820451,Regular,Potential_Loyalists,Low Risk,NORMAL,661.3200000000002,1486.2012948338413,824.8812948338411,23,2,661.3200000000002,4,2,3,3.0,42
13029.0,35.0321310580758,Regular,Potential_Loyalists,Low Risk,NORMAL,1247.5,2028.1928022704285,780.6928022704285,31,3,1247.5,4,3,4,3.7,43
13030.0,29.885173813629308,Regular,Potential_Loyalists,Low Risk,NORMAL,799.4800000000001,1635.3062010576616,835.8262010576615,11,2,799.4800000000001,5,2,3,3.3000000000000003,52
13032.0,27.578599739162,Regular,About_to_Sleep,Low Risk,NORMAL,1010.1800000000002,2152.425685402948,1142.2456854029479,52,2,1010.1800000000002,3,2,4,3.1,32
13033.0,0.7506891491725268,Regular,Hibernating,High Risk,MEDIUM,190.55,607.3958479082814,416.8458479082814,357,1,190.55,1,1,1,1.0,11
13034.0,22.295072794389377,Regular,About_to_Sleep,Low Risk,NORMAL,642.7700000000001,1394.4233282989019,751.6533282989018,55,2,642.7700000000001,3,2,3,2.7,32
13035.0,18.49680585702796,Regular,Hibernating,Low Risk,NORMAL,921.88,1265.3828509661896,343.5028509661896,74,2,921.88,2,2,3,2.4000000000000004,22
13037.0,22.222831648892218,Regular,At_Risk,Medium Risk,NORMAL,881.07,1201.288391474263,320.21839147426306,138,3,881.07,2,3,3,2.7,23
13038.0,22.16064737922421,Regular,At_Risk,Low Risk,NORMAL,908.46,1035.040266376511,126.58026637651096,80,3,908.46,2,3,3,2.7,23
13040.0,29.88302952846834,Regular,Potential_Loyalists,Low Risk,NORMAL,676.99,1629.5735070887738,952.5835070887738,9,2,676.99,5,2,3,3.3000000000000003,52
13043.0,11.234115917440121,Regular,Hibernating,High Risk,MEDIUM,516.4200000000001,1899.8254973297414,1383.4054973297414,273,1,516.4200000000001,1,1,3,1.8000000000000005,11
13044.0,11.253414483888813,Regular,Hibernating,High Risk,MEDIUM,560.47,1951.4197430497336,1390.9497430497336,291,1,560.47,1,1,3,1.8000000000000005,11
13045.0,9.579457382312608,Regular,Hibernating,High Risk,MEDIUM,305.28,817.9807940162548,512.7007940162548,99,1,305.28,2,1,2,1.7,21
13046.0,26.087979018848372,Regular,Potential_Loyalists,Low Risk,NORMAL,629.31,1509.1320707093935,879.8220707093935,31,2,629.31,4,2,3,3.0,42
13047.0,48.825446133729585,High-Value,Loyal_Customers,Low Risk,HIGH,3237.54,5485.839046827348,2248.2990468273483,32,10,3237.54,4,5,5,4.7,45
13048.0,38.671313300920936,Regular,Loyal_Customers,Low Risk,NORMAL,1835.91,1731.924237038538,-103.98576296146211,14,4,1835.91,4,4,4,4.0,44
13049.0,22.30472207761372,Regular,About_to_Sleep,Low Risk,NORMAL,656.6800000000002,1420.2204511588977,763.5404511588976,64,2,656.6800000000002,3,2,3,2.7,32
13050.0,50.47417482784692,High-Value,Loyal_Customers,Low Risk,HIGH,5836.860000000001,9893.674913602697,4056.814913602697,15,17,5836.860000000001,4,5,5,4.7,45
13052.0,5.881971847516583,Regular,Hibernating,High Risk,MEDIUM,348.15000000000003,958.3769332212794,610.2269332212793,212,1,348.15000000000003,1,1,2,1.4,11
13055.0,27.445246466577316,Regular,At_Risk,Low Risk,NORMAL,1214.41,1795.9089704650012,581.4989704650011,78,3,1214.41,2,3,4,3.1,23
13058.0,24.452211457564744,Regular,Potential_Loyalists,Low Risk,NORMAL,271.4,477.7919242490086,206.39192424900864,25,3,271.4,4,3,2,2.8999999999999995,43
13059.0,0.6359698930608583,Regular,Hibernating,High Risk,MEDIUM,183.4,300.6967205727731,117.29672057277307,250,1,183.4,1,1,1,1.0,11
13060.0,5.927001835896864,Regular,Hibernating,High Risk,MEDIUM,307.53000000000003,1078.7635065679272,771.2335065679272,254,1,307.53000000000003,1,1,2,1.4,11
13061.0,8.082403806516083,Regular,About_to_Sleep,Medium Risk,NORMAL,248.61,157.48909741603643,-91.12090258396358,72,1,248.61,3,1,1,1.6,31
13062.0,5.859456853326443,Regular,Hibernating,High Risk,MEDIUM,346.98,898.1836465479553,551.2036465479553,191,1,346.98,1,1,2,1.4,11
13064.0,42.48887880473105,Regular,Champions,Low Risk,NORMAL,1119.4900000000002,1912.5589600912415,793.0689600912413,13,4,1119.4900000000002,5,4,4,4.300000000000001,54
13065.0,0.767843430460253,Regular,Hibernating,High Risk,MEDIUM,205.86,653.2573996593858,447.39739965938577,373,1,205.86,1,1,1,1.0,11
13066.0,20.793730648270916,Regular,Potential_Loyalists,Low Risk,NORMAL,470.8,722.4662437609074,251.66624376090743,24,2,470.8,4,2,2,2.6,42
13067.0,4.274487585930321,Regular,Hibernating,Medium Risk,NORMAL,115.46,2.6514972233285334,-112.80850277667146,82,1,115.46,2,1,1,1.2999999999999998,21
13068.0,24.59735829853475,Regular,Potential_Loyalists,Low Risk,NORMAL,344.0,865.8384560158395,521.8384560158395,10,2,344.0,5,2,2,2.9000000000000004,52
13069.0,55.944757596096295,High-Value,Champions,Low Risk,HIGH,4436.12,14493.610891368526,10057.490891368525,1,24,4436.12,5,5,5,5.0,55
13070.0,0.5737856233928511,Regular,Hibernating,High Risk,MEDIUM,228.8,134.44859547502097,-94.35140452497905,192,1,228.8,1,1,1,1.0,11
13072.0,0.6541963169290673,Regular,Hibernating,High Risk,MEDIUM,177.14999999999998,349.4246193083211,172.27461930832112,267,1,177.14999999999998,1,1,1,1.0,11
13075.0,14.899437174821653,Regular,Hibernating,High Risk,MEDIUM,919.61,1673.4389485913969,753.8289485913969,130,1,919.61,2,1,3,2.1,21
13077.0,37.18926972125117,Regular,Champions,Low Risk,NORMAL,729.2700000000001,1111.5613982205357,382.2913982205356,1,4,729.2700000000001,5,4,3,3.9,54
13078.0,56.42317477211027,High-Value,Champions,Low Risk,HIGH,12627.94,15772.647518340527,3144.707518340527,3,26,12627.94,5,5,5,5.0,55
13079.0,26.85713584939098,Regular,Champions,Low Risk,NORMAL,220.1,223.60960956066788,3.509609560667883,4,5,220.1,5,4,1,3.1,54
13080.0,4.37848541623716,Regular,Hibernating,High Risk,MEDIUM,58.08,280.6871547143969,222.60715471439693,179,1,58.08,2,1,1,1.2999999999999998,21
13081.0,52.860777373937026,High-Value,Champions,Low Risk,HIGH,28337.38,6248.665143677174,-22088.714856322826,12,11,28337.38,5,5,5,5.0,55
13082.0,41.050815798087285,High-Value,Cant_Loose,Medium Risk,HIGH,3613.63,4751.621556789232,1137.9915567892322,126,9,3613.63,2,5,5,4.1,25
13083.0,24.59092544305185,Regular,Potential_Loyalists,Low Risk,NORMAL,303.75,848.6403741091756,544.8903741091756,4,2,303.75,5,2,2,2.9000000000000004,52
13085.0,13.300122461274446,Regular,Hibernating,Medium Risk,NORMAL,416.08,739.554599602108,323.47459960210807,158,2,416.08,2,2,2,2.0,22
13089.0,73.33086239739224,High-Value,Champions,Low Risk,HIGH,58825.83,60974.93713995105,2149.1071399510474,3,97,58825.83,5,5,5,5.0,55
13090.0,53.57197028247509,High-Value,Champions,Low Risk,HIGH,8910.819999999998,8150.02200222851,-760.7979977714876,9,14,8910.819999999998,5,5,5,5.0,55
13091.0,17.140610551879497,Regular,Promising,Medium Risk,NORMAL,345.82000000000005,981.4722981950265,635.6522981950264,28,1,345.82000000000005,4,1,2,2.3,41
13092.0,24.57843748201622,Regular,Loyal_Customers,Low Risk,NORMAL,477.83,815.2541155014983,337.4241155014983,71,5,477.83,3,4,2,2.8999999999999995,34
13093.0,37.15486309334263,High-Value,Cant_Loose,Medium Risk,HIGH,7832.470000000001,4361.420567917128,-3471.049432082873,276,8,7832.470000000001,1,5,5,3.8,15
13094.0,44.00318208368322,Regular,Loyal_Customers,Low Risk,NORMAL,1927.32,5961.0117649442,4033.6917649442003,21,12,1927.32,4,5,4,4.300000000000001,45
13095.0,8.0813316639356,Regular,About_to_Sleep,Medium Risk,NORMAL,74.4,154.62275043159252,80.22275043159252,71,1,74.4,3,1,1,1.6,31
13097.0,48.82651827631007,High-Value,Loyal_Customers,Low Risk,HIGH,6010.419999999999,5488.705393811793,-521.7146061882058,33,10,6010.419999999999,4,5,5,4.7,45
13098.0,56.897303377802324,High-Value,Champions,Low Risk,HIGH,28882.44,17040.218757374754,-11842.221242625244,1,28,28882.44,5,5,5,5.0,55
13099.0,4.292714009798529,Regular,Hibernating,High Risk,MEDIUM,207.36,51.379395958876785,-155.98060404112323,99,1,207.36,2,1,1,1.2999999999999998,21
13101.0,0.6188156117731323,Regular,Hibernating,High Risk,MEDIUM,101.19,254.83516882166919,153.6451688216692,234,1,101.19,1,1,1,1.0,11
13102.0,55.944757596096295,High-Value,Champions,Low Risk,HIGH,6424.089999999999,14493.610891368526,8069.5208913685265,1,24,6424.089999999999,5,5,5,5.0,55
13103.0,8.048095243940631,Regular,About_to_Sleep,Medium Risk,NORMAL,243.94,65.76599391382842,-178.17400608617157,40,1,243.94,3,1,1,1.6,31
13104.0,46.37370249106606,Regular,Champions,Low Risk,NORMAL,1098.48,2273.006790252016,1174.5267902520159,3,6,1098.48,5,5,4,4.6,55
13106.0,4.329166857534948,Regular,Hibernating,High Risk,MEDIUM,76.5,148.83519342997283,72.33519342997283,133,1,76.5,2,1,1,1.2999999999999998,21
13107.0,34.88483993194483,Regular,Loyal_Customers,Low Risk,NORMAL,1531.6200000000003,1634.4135765347098,102.79357653470947,44,4,1531.6200000000003,3,4,4,3.7,34
13108.0,6.0545868029743275,Regular,Hibernating,High Risk,MEDIUM,350.05999999999995,1419.8587977167638,1069.7987977167638,373,1,350.05999999999995,1,1,2,1.4,11
13109.0,22.300433507291793,Regular,About_to_Sleep,Low Risk,NORMAL,786.54,1408.7550632211216,622.2150632211217,60,2,786.54,3,2,3,2.7,32
13110.0,42.82322128235552,Regular,Loyal_Customers,Low Risk,NORMAL,1488.67,2806.415402280856,1317.745402280856,31,7,1488.67,4,5,4,4.300000000000001,45
13113.0,55.944757596096295,High-Value,Champions,Low Risk,HIGH,12245.96,14493.610891368526,2247.6508913685266,1,24,12245.96,5,5,5,5.0,55
13115.0,47.774550034664635,High-Value,Champions,Low Risk,HIGH,2294.78,2676.2940111641765,381.5140111641763,12,4,2294.78,5,4,5,4.7,54
13116.0,14.908014315465516,Regular,Hibernating,High Risk,MEDIUM,501.14,1696.369724466949,1195.229724466949,138,1,501.14,2,1,3,2.1,21
13117.0,43.051708444557676,Regular,Loyal_Customers,Low Risk,NORMAL,984.91,3417.2702459224165,2432.3602459224167,22,8,984.91,4,5,4,4.300000000000001,45
13118.0,38.91588260183034,Regular,Loyal_Customers,Low Risk,NORMAL,1197.81,2385.7742854467588,1187.9642854467588,20,5,1197.81,4,4,4,4.0,44
13120.0,0.6241763246755466,Regular,Hibernating,High Risk,MEDIUM,30.6,269.1669037438892,238.56690374388918,239,1,30.6,1,1,1,1.0,11
13121.0,5.943083974604107,Regular,Hibernating,High Risk,MEDIUM,283.73,1121.7587113345874,838.0287113345873,269,1,283.73,1,1,2,1.4,11
13122.0,18.51824870863762,Regular,Hibernating,Medium Risk,NORMAL,922.39,1322.7097906550696,400.3197906550696,94,2,922.39,2,2,3,2.4000000000000004,22
13124.0,32.74485555005718,High-Value,At_Risk,Low Risk,HIGH,3866.33,2596.906532335707,-1269.4234676642927,90,3,3866.33,2,3,5,3.5,23
13126.0,52.13886303959413,High-Value,Champions,Low Risk,HIGH,2099.64,4318.6448152813955,2219.0048152813956,5,8,2099.64,5,5,5,5.0,55
13127.0,9.556942388122467,Regular,Hibernating,Medium Risk,NORMAL,259.17,757.7875073429307,498.61750734293065,78,1,259.17,2,1,2,1.7,21
13130.0,4.287353296896115,Regular,Hibernating,High Risk,MEDIUM,64.0,37.047661036656564,-26.952338963343436,94,1,64.0,2,1,1,1.2999999999999998,21
13131.0,35.02355391743193,Regular,Potential_Loyalists,Low Risk,NORMAL,1073.2999999999995,2005.2620263948768,931.9620263948773,23,3,1073.2999999999995,4,3,4,3.7,43
13132.0,0.648835604026653,Regular,Hibernating,High Risk,MEDIUM,77.3,335.09288438610133,257.7928843861013,262,1,77.3,1,1,1,1.0,11
13133.0,4.319109981705794,Regular,Hibernating,Medium Risk,NORMAL,109.8,121.94838170308617,12.148381703086173,274,2,109.8,1,2,1,1.2999999999999998,12
13134.0,31.111232273934526,Regular,At_Risk,Low Risk,NORMAL,1793.5800000000002,1571.2990798442104,-222.28092015578977,86,4,1793.5800000000002,2,4,4,3.4,24
13135.0,21.726119826351567,High-Value,Hibernating,High Risk,CRITICAL,3096.0,3215.1859226267543,119.18592262675429,197,1,3096.0,1,1,5,2.6,11
13136.0,40.4225854608512,High-Value,Loyal_Customers,Low Risk,HIGH,2607.61,3072.0631049069734,464.4531049069733,56,5,2607.61,3,4,5,4.1,34
13137.0,52.14529589507702,High-Value,Champions,Low Risk,HIGH,3650.41,4335.842897188059,685.4328971880595,11,8,3650.41,5,5,5,5.0,55
13138.0,42.575435553704665,Regular,Loyal_Customers,Low Risk,NORMAL,962.39,2143.966312919303,1181.5763129193033,22,6,962.39,4,5,4,4.300000000000001,45
13139.0,48.09388251616234,High-Value,Loyal_Customers,Low Risk,HIGH,5064.9400000000005,3530.021595571575,-1534.9184044284257,16,7,5064.9400000000005,4,5,5,4.7,45
13140.0,16.90392399896365,Regular,At_Risk,Medium Risk,NORMAL,423.72,348.6965838835649,-75.0234161164351,108,3,423.72,2,3,2,2.3,23
13141.0,36.63503994929463,High-Value,At_Risk,Low Risk,HIGH,2388.75,2971.686097418701,582.9360974187011,85,5,2388.75,2,4,5,3.8,24
13142.0,17.13096126865515,Regular,Promising,Medium Risk,NORMAL,307.0899999999999,955.6751753350306,648.5851753350307,19,1,307.0899999999999,4,1,2,2.3,41
13144.0,0.7249577272409375,Regular,Hibernating,High Risk,MEDIUM,110.95,538.6035202816254,427.6535202816254,333,1,110.95,1,1,1,1.0,11
13145.0,29.593807989108825,Regular,Loyal_Customers,Low Risk,NORMAL,618.52,856.3467905395557,237.82679053955576,40,4,618.52,3,4,3,3.3,34
13146.0,11.851722894204457,Regular,Promising,Medium Risk,NORMAL,228.91,209.13820616876046,-19.771793831239535,26,1,228.91,4,1,1,1.9,41
13147.0,37.19891900447552,Regular,Champions,Low Risk,NORMAL,712.8000000000001,1137.3585210805315,424.5585210805315,10,4,712.8000000000001,5,4,3,3.9,54
13148.0,49.29850259684115,High-Value,Loyal_Customers,Low Risk,HIGH,3707.12,6750.54393887713,3043.4239388771302,29,12,3707.12,4,5,5,4.7,45
13149.0,38.671313300920936,Regular,Loyal_Customers,Low Risk,NORMAL,1676.0600000000002,1731.924237038538,55.864237038537794,14,4,1676.0600000000002,4,4,4,4.0,44
13151.0,16.545518569305298,Regular,Hibernating,High Risk,MEDIUM,1257.8700000000003,2732.352876029332,1474.4828760293317,296,1,1257.8700000000003,1,1,4,2.2,11
13153.0,20.935661061499466,Regular,New_Customers,Medium Risk,NORMAL,486.22,1101.9137345744064,615.6937345744063,6,1,486.22,5,1,2,2.6,51
13155.0,38.69168400995011,Regular,Loyal_Customers,Low Risk,NORMAL,971.7600000000002,1786.3848297429738,814.6248297429736,33,4,971.7600000000002,4,4,4,4.0,44
13157.0,34.89020064484725,Regular,Loyal_Customers,Low Risk,NORMAL,1741.2199999999998,1648.7453114569296,-92.47468854307022,49,4,1741.2199999999998,3,4,4,3.7,34
13158.0,31.120881557158874,Regular,At_Risk,Medium Risk,NORMAL,1201.06,1597.0962027042062,396.0362027042063,95,4,1201.06,2,4,4,3.4,24
13159.0,42.48459023440912,Regular,Champions,Low Risk,NORMAL,1437.85,1901.0935721534659,463.24357215346595,9,4,1437.85,5,4,4,4.300000000000001,54
13160.0,11.847434323882526,Regular,Promising,Medium Risk,NORMAL,91.8,197.67281823098438,105.87281823098438,22,1,91.8,4,1,1,1.9,41
13161.0,0.7035148756312799,Regular,Hibernating,High Risk,MEDIUM,112.75,481.2765805927454,368.5265805927454,313,1,112.75,1,1,1,1.0,11
13162.0,31.149829406831913,Regular,At_Risk,Medium Risk,NORMAL,1688.2899999999995,1674.4875712841942,-13.802428715805263,122,4,1688.2899999999995,2,4,4,3.4,24
13165.0,27.572166883679103,Regular,About_to_Sleep,Low Risk,NORMAL,1021.48,2135.2276034962842,1113.7476034962842,46,2,1021.48,3,2,4,3.1,32
13166.0,5.958093970730868,Regular,Hibernating,High Risk,MEDIUM,417.2000000000001,1161.8875691168034,744.6875691168034,283,1,417.2000000000001,1,1,2,1.4,11
13167.0,33.38993064130928,Regular,Loyal_Customers,Low Risk,NORMAL,791.3299999999999,979.6545739033797,188.32457390337981,19,4,791.3299999999999,4,4,3,3.6,44
13168.0,34.876262791300974,Regular,Loyal_Customers,Low Risk,NORMAL,1319.19,1611.4828006591576,292.2928006591576,36,4,1319.19,3,4,4,3.7,34
13169.0,22.30472207761372,Regular,About_to_Sleep,Low Risk,NORMAL,712.88,1420.2204511588977,707.3404511588977,64,2,712.88,3,2,3,2.7,32
13170.0,11.85279503678494,Regular,Promising,Medium Risk,NORMAL,116.01,212.00455315320437,95.99455315320436,27,1,116.01,4,1,1,1.9,41
13171.0,24.448995029823294,Regular,Potential_Loyalists,Low Risk,NORMAL,468.41,469.19288329567644,0.7828832956764131,22,3,468.41,4,3,2,2.8999999999999995,43
13173.0,24.59092544305185,Regular,Potential_Loyalists,Low Risk,NORMAL,353.65000000000003,848.6403741091756,494.99037410917555,4,2,353.65000000000003,5,2,2,2.9000000000000004,52
13174.0,40.302792291882625,High-Value,Potential_Loyalists,Low Risk,HIGH,2817.03,2751.7989955611474,-65.23100443885278,16,3,2817.03,4,3,5,4.1,43
13176.0,18.62801484445168,Regular,About_to_Sleep,Medium Risk,NORMAL,492.84,1616.1668719352485,1123.3268719352486,46,1,492.84,3,1,3,2.4000000000000004,31
13177.0,13.361642180966777,Regular,About_to_Sleep,Medium Risk,NORMAL,282.45,904.0260665823068,621.5760665823068,65,1,282.45,3,1,2,2.0,31
13178.0,49.0571497236732,High-Value,Loyal_Customers,Low Risk,HIGH,5725.469999999999,6105.292931422242,379.8229314222426,26,11,5725.469999999999,4,5,5,4.7,45
13182.0,8.053455956843045,Regular,About_to_Sleep,Medium Risk,NORMAL,121.18,80.09772883604842,-41.08227116395159,45,1,121.18,3,1,1,1.6,31
13183.0,52.38021591276208,High-Value,Champions,Low Risk,HIGH,3957.7800000000007,4963.895822736284,1006.115822736283,8,9,3957.7800000000007,5,5,5,5.0,55
13184.0,43.52047633734731,Regular,Loyal_Customers,Low Risk,NORMAL,1701.29,4670.509750034422,2969.219750034422,15,10,1701.29,4,5,4,4.300000000000001,45
13185.0,0.6552684595095501,Regular,Hibernating,High Risk,MEDIUM,71.4,352.29096629276523,280.89096629276526,268,1,71.4,1,1,1,1.0,11
13186.0,31.223142694909555,Regular,Need_Attention,Low Risk,NORMAL,1575.89,1870.4888550932772,294.59885509327705,40,3,1575.89,3,3,4,3.4,33
13187.0,0.7292462975628691,Regular,Hibernating,High Risk,MEDIUM,236.02,550.0689082194015,314.0489082194015,337,1,236.02,1,1,1,1.0,11
13188.0,15.654278401887806,Regular,New_Customers,Medium Risk,NORMAL,114.6,349.64407143924836,235.04407143924837,11,1,114.6,5,1,1,2.2,51
13189.0,20.788369935368504,Regular,Potential_Loyalists,Low Risk,NORMAL,260.67999999999995,708.1345088386875,447.4545088386875,19,2,260.67999999999995,4,2,2,2.6,42
13192.0,18.519320851218104,Regular,Hibernating,Medium Risk,NORMAL,911.9400000000002,1325.5761376395137,413.63613763951355,95,2,911.9400000000002,2,2,3,2.4000000000000004,22
13193.0,8.070610238130772,Regular,About_to_Sleep,Medium Risk,NORMAL,117.88,125.95928058715253,8.079280587152539,61,1,117.88,3,1,1,1.6,31
13194.0,4.332383285276396,Regular,Hibernating,High Risk,MEDIUM,60.7,157.43423438330478,96.73423438330478,136,1,60.7,2,1,1,1.2999999999999998,21
13196.0,42.486734519570085,Regular,Champions,Low Risk,NORMAL,1797.78,1906.8262661223537,109.0462661223537,11,4,1797.78,5,4,4,4.300000000000001,54
13198.0,51.667950861643526,High-Value,Champions,Low Risk,HIGH,3401.24,3059.672617200502,-341.56738279949786,10,6,3401.24,5,5,5,5.0,55
13199.0,59.281884259808834,High-Value,Champions,Low Risk,HIGH,9817.12,23415.33746334365,13598.21746334365,4,38,9817.12,5,5,5,5.0,55
13200.0,33.38993064130928,Regular,Loyal_Customers,Low Risk,NORMAL,870.0900000000001,979.6545739033797,109.5645739033796,19,4,870.0900000000001,4,4,3,3.6,44
13203.0,37.19891900447552,Regular,Champions,Low Risk,NORMAL,869.4599999999999,1137.3585210805315,267.8985210805316,10,4,869.4599999999999,5,4,3,3.9,54
13207.0,20.78408136504657,Regular,Potential_Loyalists,Low Risk,NORMAL,250.26,696.6691209009116,446.4091209009116,15,2,250.26,4,2,2,2.6,42
13208.0,38.796467182791936,Regular,Loyal_Customers,Low Risk,NORMAL,1223.9,2066.520081306584,842.6200813065839,59,6,1223.9,3,5,4,4.0,35
13209.0,48.34702895771561,High-Value,Loyal_Customers,Low Risk,HIGH,5891.61,4206.802419855348,-1684.807580144652,30,8,5891.61,4,5,5,4.7,45
13210.0,9.574096669410192,Regular,Hibernating,High Risk,MEDIUM,353.48,803.6490590940348,450.16905909403476,94,1,353.48,2,1,2,1.7,21
13211.0,38.82825371027624,Regular,Potential_Loyalists,Low Risk,NORMAL,1197.42,2151.500585634253,954.0805856342531,10,3,1197.42,5,3,4,4.0,53
13212.0,29.733594117176406,Regular,Potential_Loyalists,Low Risk,NORMAL,788.0799999999999,1230.0615873841668,441.9815873841669,20,3,788.0799999999999,4,3,3,3.3,43
13213.0,35.13691423091762,Regular,Loyal_Customers,Low Risk,NORMAL,1520.58,2308.3280538340387,787.7480538340387,57,5,1520.58,3,4,4,3.7,34
13216.0,5.942011832023624,Regular,Hibernating,High Risk,MEDIUM,333.74,1118.8923643501432,785.1523643501432,268,1,333.74,1,1,2,1.4,11
13217.0,22.20567736760449,Regular,At_Risk,Medium Risk,NORMAL,533.98,1155.4268397231588,621.4468397231587,122,3,533.98,2,3,3,2.7,23
13218.0,4.322734002052051,Regular,Hibernating,High Risk,MEDIUM,62.64,131.6371115233087,68.9971115233087,127,1,62.64,2,1,1,1.2999999999999998,21
13220.0,25.81591176077659,Regular,At_Risk,Low Risk,NORMAL,819.29,781.7669059112798,-37.5230940887202,78,4,819.29,2,4,3,3.0,24
13221.0,14.85614387899753,Regular,Hibernating,Medium Risk,NORMAL,847.4100000000001,1557.6953803467466,710.2853803467465,240,2,847.4100000000001,1,2,3,2.1,12
13223.0,4.239771430750061,Regular,Hibernating,Medium Risk,NORMAL,163.20000000000002,-90.16129514577005,-253.36129514577007,200,2,163.20000000000002,1,2,1,1.2999999999999998,12
13224.0,32.87392025231994,High-Value,About_to_Sleep,Low Risk,HIGH,2155.95,2941.9578593358783,786.0078593358785,60,2,2155.95,3,2,5,3.5,32
13225.0,51.89858230900665,High-Value,Champions,Low Risk,HIGH,6463.84,3676.2601548109506,-2787.5798451890496,3,7,6463.84,5,5,5,5.0,55
13226.0,0.6606291724119646,Regular,Hibernating,High Risk,MEDIUM,108.21,366.6227012149852,258.41270121498525,273,1,108.21,1,1,1,1.0,11
13227.0,5.871250421711754,Regular,Hibernating,High Risk,MEDIUM,257.7,929.713463376839,672.0134633768389,202,1,257.7,1,1,2,1.4,11
13228.0,9.560158815863915,Regular,Hibernating,Medium Risk,NORMAL,358.0,766.3865482962628,408.38654829626284,81,1,358.0,2,1,2,1.7,21
13229.0,0.6102384711292691,Regular,Hibernating,High Risk,MEDIUM,160.95,231.904392946117,70.95439294611703,226,1,160.95,1,1,1,1.0,11
13230.0,53.56660956957268,High-Value,Champions,Low Risk,HIGH,2806.9700000000003,8135.6902673062905,5328.72026730629,4,14,2806.9700000000003,5,5,5,5.0,55
13232.0,46.6225603622974,Regular,Champions,Low Risk,NORMAL,1357.6,2938.322226598012,1580.7222265980122,13,7,1357.6,5,5,4,4.6,55
13233.0,18.49680585702796,Regular,Hibernating,Low Risk,NORMAL,605.1199999999999,1265.3828509661896,660.2628509661897,74,2,605.1199999999999,2,2,3,2.4000000000000004,22
13235.0,16.455458592544737,Regular,Hibernating,High Risk,MEDIUM,1031.0700000000002,2491.5797293360356,1460.5097293360354,212,1,1031.0700000000002,1,1,4,2.2,11
13236.0,26.081546163365477,Regular,Potential_Loyalists,Low Risk,NORMAL,744.85,1491.9339888027296,747.0839888027296,25,2,744.85,4,2,3,3.0,42
13238.0,33.38778635614831,Regular,Loyal_Customers,Low Risk,NORMAL,700.7299999999999,973.9218799344915,273.19187993449157,17,4,700.7299999999999,4,4,3,3.6,44
13239.0,5.935578976540727,Regular,Hibernating,High Risk,MEDIUM,329.56,1101.6942824434793,772.1342824434794,262,1,329.56,1,1,2,1.4,11
13240.0,25.83521032722528,Regular,At_Risk,Medium Risk,NORMAL,663.6500000000001,833.3611516312717,169.7111516312716,96,4,663.6500000000001,2,4,3,3.0,24
13242.0,16.908212569285578,Regular,At_Risk,Medium Risk,NORMAL,270.40000000000003,360.161971821341,89.76197182134098,112,3,270.40000000000003,2,3,2,2.3,23
13243.0,11.159065936806318,Regular,Hibernating,High Risk,MEDIUM,600.0700000000002,1699.1812084186615,1099.1112084186614,203,1,600.0700000000002,1,1,3,1.8000000000000005,11
13244.0,4.286281154315632,Regular,Hibernating,High Risk,MEDIUM,121.74,34.181314052212656,-87.55868594778734,93,1,121.74,2,1,1,1.2999999999999998,21
13245.0,13.346632184840018,Regular,About_to_Sleep,Medium Risk,NORMAL,430.5,863.8972088000908,433.39720880009077,51,1,430.5,3,1,2,2.0,31
13246.0,42.57114698338273,Regular,Loyal_Customers,Low Risk,NORMAL,1987.3,2132.5009249815275,145.20092498152758,18,6,1987.3,4,5,4,4.300000000000001,45
13247.0,33.388858498728794,Regular,Loyal_Customers,Low Risk,NORMAL,501.12,976.7882269189356,475.6682269189356,18,4,501.12,4,4,3,3.6,44
13248.0,13.26474175611851,Regular,Hibernating,Medium Risk,NORMAL,465.68,644.9651491154559,179.2851491154559,125,2,465.68,2,2,2,2.0,22
13249.0,22.173513090190003,Regular,At_Risk,Medium Risk,NORMAL,711.41,1069.4364301898388,358.02643018983883,92,3,711.41,2,3,3,2.7,23
13253.0,23.87253706372211,Regular,Hibernating,Medium Risk,NORMAL,1030.4,2269.89104873242,1239.49104873242,157,2,1030.4,2,2,4,2.8,22
13255.0,24.596286155954267,Regular,Potential_Loyalists,Low Risk,NORMAL,399.51,862.9721090313958,463.4621090313958,9,2,399.51,5,2,2,2.9000000000000004,52
13258.0,33.543654622923135,Regular,Potential_Loyalists,Low Risk,NORMAL,698.5799999999999,1390.6318815457623,692.0518815457624,12,3,698.5799999999999,5,3,3,3.6,53
13259.0,13.35842575322533,Regular,About_to_Sleep,Medium Risk,NORMAL,292.31999999999994,895.4270256289749,603.107025628975,62,1,292.31999999999994,3,1,2,2.0,31
13260.0,18.644096983158924,Regular,About_to_Sleep,Medium Risk,NORMAL,557.62,1659.1620767019083,1101.5420767019082,61,1,557.62,3,1,3,2.4000000000000004,31
13261.0,20.173979386345607,Regular,Hibernating,Medium Risk,NORMAL,944.1,2407.420840953001,1463.3208409530012,269,2,944.1,1,2,4,2.5,12
13262.0,0.6499077466071358,Regular,Hibernating,High Risk,MEDIUM,200.29,337.95923137054524,137.66923137054525,263,1,200.29,1,1,1,1.0,11
13263.0,58.56425849578787,High-Value,Champions,Low Risk,HIGH,7454.07,21496.78252288565,14042.71252288565,1,35,7454.07,5,5,5,5.0,55
13265.0,40.41936903310975,High-Value,Loyal_Customers,Low Risk,HIGH,2107.6600000000003,3063.464063953641,955.8040639536407,53,5,2107.6600000000003,3,4,5,4.1,34
13266.0,53.09784167678305,High-Value,Champions,Low Risk,HIGH,3834.26,6882.450763194286,3048.190763194286,11,12,3834.26,5,5,5,5.0,55
13267.0,54.75621965412473,High-Value,Champions,Low Risk,HIGH,4521.49,11316.08375282963,6794.593752829631,3,19,4521.49,5,5,5,5.0,55
13268.0,49.04857258302933,High-Value,Loyal_Customers,Low Risk,HIGH,3214.69,6082.36215554669,2867.6721555466897,18,11,3214.69,4,5,5,4.7,45
13269.0,53.80152958725774,High-Value,Champions,Low Risk,HIGH,5346.23,8763.743192854516,3417.513192854516,1,15,5346.23,5,5,5,5.0,55
13270.0,11.333825177425028,Regular,Hibernating,High Risk,MEDIUM,590.0,2166.3957668830344,1576.3957668830344,366,1,590.0,1,1,3,1.8000000000000005,11
13271.0,8.044878816199184,Regular,About_to_Sleep,Medium Risk,NORMAL,217.38,57.166952960496474,-160.21304703950352,37,1,217.38,3,1,1,1.6,31
13272.0,20.8012356463343,Regular,Potential_Loyalists,Low Risk,NORMAL,276.56000000000006,742.5306726520155,465.9706726520154,31,2,276.56000000000006,4,2,2,2.6,42
13273.0,4.30772400592529,Regular,Hibernating,High Risk,MEDIUM,138.98,91.50825374109263,-47.47174625890736,113,1,138.98,2,1,1,1.2999999999999998,21
13276.0,22.30472207761372,Regular,About_to_Sleep,Low Risk,NORMAL,590.93,1420.2204511588977,829.2904511588978,64,2,590.93,3,2,3,2.7,32
13277.0,28.099970841053757,Regular,Loyal_Customers,Low Risk,NORMAL,258.4,204.45413489266934,-53.94586510733063,16,4,258.4,4,4,2,3.2,44
13278.0,18.622654131549268,Regular,About_to_Sleep,Medium Risk,NORMAL,542.73,1601.8351370130283,1059.1051370130283,41,1,542.73,3,1,3,2.4000000000000004,31
13279.0,4.270199015608389,Regular,Hibernating,Medium Risk,NORMAL,137.75,-8.813890714447325,-146.56389071444733,78,1,137.75,2,1,1,1.2999999999999998,21
13280.0,22.20567736760449,Regular,At_Risk,Medium Risk,NORMAL,814.86,1155.4268397231588,340.56683972315875,122,3,814.86,2,3,3,2.7,23
13282.0,35.01819320452952,Regular,Potential_Loyalists,Low Risk,NORMAL,1132.14,1990.9302914726566,858.7902914726565,18,3,1132.14,4,3,4,3.7,43
13283.0,11.726946762263635,Regular,About_to_Sleep,Low Risk,NORMAL,93.66,-124.44773289363445,-218.10773289363445,60,2,93.66,3,2,1,1.9,32
13284.0,0.7228134420799719,Regular,Hibernating,High Risk,MEDIUM,201.19,532.8708263127376,331.68082631273757,331,1,201.19,1,1,1,1.0,11
13285.0,43.967705956659366,High-Value,Loyal_Customers,Low Risk,HIGH,2709.1200000000003,2524.3227579559116,-184.79724204408876,23,4,2709.1200000000003,4,4,5,4.4,44
13291.0,9.640569509400132,Regular,Hibernating,High Risk,MEDIUM,361.11,981.3625721295627,620.2525721295627,156,1,361.11,2,1,2,1.7,21
13292.0,22.27791851310165,Regular,About_to_Sleep,Low Risk,NORMAL,578.9399999999999,1348.561776547798,769.621776547798,39,2,578.9399999999999,3,2,3,2.7,32
13294.0,14.802536749973386,Regular,Hibernating,Medium Risk,NORMAL,873.74,1414.3780311245462,540.6380311245462,190,2,873.74,1,2,3,2.1,12
13295.0,0.7539055769139754,Regular,Hibernating,High Risk,MEDIUM,201.2,615.9948888616134,414.7948888616134,360,1,201.2,1,1,1,1.0,11
13296.0,4.3334554278568795,Regular,Hibernating,High Risk,MEDIUM,87.4,160.3005813677487,72.90058136774869,137,1,87.4,2,1,1,1.2999999999999998,21
13297.0,47.7702614643427,High-Value,Champions,Low Risk,HIGH,2089.85,2664.8286232264,574.9786232264,8,4,2089.85,5,4,5,4.7,54
13298.0,20.93030034859705,Regular,New_Customers,Medium Risk,NORMAL,360.0,1087.5819996521866,727.5819996521866,1,1,360.0,5,1,2,2.6,51
13299.0,0.6552684595095501,Regular,Hibernating,High Risk,MEDIUM,142.5,352.29096629276523,209.79096629276523,268,1,142.5,1,1,1,1.0,11
13300.0,9.65450736294641,Regular,Hibernating,High Risk,MEDIUM,371.89,1018.6250829273351,646.7350829273352,169,1,371.89,2,1,2,1.7,21
13301.0,25.843787467869145,Regular,At_Risk,Medium Risk,NORMAL,618.09,856.2919275068236,238.2019275068236,104,4,618.09,2,4,3,3.0,24
13302.0,4.352753994305571,Regular,Hibernating,High Risk,MEDIUM,63.75,211.89482708774085,148.14482708774085,155,1,63.75,2,1,1,1.2999999999999998,21
13304.0,6.030999666203704,Regular,Hibernating,High Risk,MEDIUM,300.42,1356.7991640589955,1056.3791640589955,351,1,300.42,1,1,2,1.4,11
13305.0,47.327320415352574,Regular,Champions,Low Risk,NORMAL,2000.86,4822.481003242687,2821.621003242687,4,10,2000.86,5,5,4,4.6,55
13307.0,4.31522900398867,Regular,Hibernating,High Risk,MEDIUM,15.0,111.57268263220067,96.57268263220067,120,1,15.0,2,1,1,1.2999999999999998,21
13308.0,35.02355391743193,Regular,Potential_Loyalists,Low Risk,NORMAL,1385.51,2005.2620263948768,619.7520263948768,23,3,1385.51,4,3,4,3.7,43
13309.0,42.72058239467466,Regular,Champions,Low Risk,NORMAL,1456.79,2532.0128446861345,1075.2228446861345,7,5,1456.79,5,4,4,4.300000000000001,54
13310.0,35.02891463033435,Regular,Potential_Loyalists,Low Risk,NORMAL,1132.0300000000002,2019.5937613170966,887.5637613170964,28,3,1132.0300000000002,4,3,4,3.7,43
13311.0,29.877668815565926,Regular,Potential_Loyalists,Low Risk,NORMAL,598.57,1615.2417721665536,1016.6717721665535,4,2,598.57,5,2,3,3.3000000000000003,52
13313.0,38.918026886991306,Regular,Loyal_Customers,Low Risk,NORMAL,1555.32,2391.506979415647,836.1869794156471,22,5,1555.32,4,4,4,4.0,44
13314.0,33.532933197118304,Regular,Potential_Loyalists,Low Risk,NORMAL,775.94,1361.9684117013223,586.0284117013223,2,3,775.94,5,3,3,3.6,53
13316.0,40.164078306395524,High-Value,Loyal_Customers,Low Risk,HIGH,5977.7300000000005,2380.95054570098,-3596.7794542990205,37,4,5977.7300000000005,3,4,5,4.1,34
13317.0,44.0907155533694,High-Value,Loyal_Customers,Low Risk,HIGH,2273.6800000000003,2853.18590825507,579.5059082550697,66,6,2273.6800000000003,3,5,5,4.4,35
13318.0,33.53186105453783,Regular,Potential_Loyalists,Low Risk,NORMAL,640.7600000000001,1359.1020647168787,718.3420647168786,1,3,640.7600000000001,5,3,3,3.6,53
13319.0,56.42531905727124,High-Value,Champions,Low Risk,HIGH,10845.55,15778.380212309414,4932.8302123094145,5,26,10845.55,5,5,5,5.0,55
13320.0,31.102655133290664,Regular,At_Risk,Low Risk,NORMAL,1548.6999999999998,1548.3683039686582,-0.3316960313416075,78,4,1548.6999999999998,2,4,4,3.4,24
13321.0,22.313299218257587,Regular,About_to_Sleep,Low Risk,NORMAL,567.36,1443.15122703445,875.7912270344499,72,2,567.36,3,2,3,2.7,32
13322.0,11.842073610980112,Regular,Promising,Medium Risk,NORMAL,199.48,183.34108330876438,-16.138916691235607,17,1,199.48,4,1,1,1.9,41
13323.0,37.429550451838644,Regular,Champions,Low Risk,NORMAL,787.8499999999999,1753.9460586909806,966.0960586909807,3,5,787.8499999999999,5,4,3,3.9,54
13324.0,45.01109705766093,High-Value,Loyal_Customers,Low Risk,HIGH,7121.95,5313.803364727977,-1808.1466352720226,36,10,7121.95,3,5,5,4.4,35
13325.0,14.847974330958476,Regular,Hibernating,Medium Risk,NORMAL,675.3,1535.8542933380847,860.5542933380848,82,1,675.3,2,1,3,2.1,21
13327.0,44.53804059454937,High-Value,Loyal_Customers,Low Risk,HIGH,3627.77,4049.0984726781953,421.32847267819534,39,8,3627.77,3,5,5,4.4,35
13328.0,16.566961420914957,Regular,Hibernating,High Risk,MEDIUM,1308.48,2789.679815718212,1481.199815718212,316,1,1308.48,1,1,4,2.2,11
13329.0,26.089051161428856,Regular,Potential_Loyalists,Low Risk,NORMAL,789.0,1511.9984176938376,722.9984176938376,32,2,789.0,4,2,3,3.0,42
13330.0,27.461328605284557,Regular,At_Risk,Medium Risk,NORMAL,1140.93,1838.9041752316614,697.9741752316613,93,3,1140.93,2,3,4,3.1,23
13332.0,17.125600555752737,Regular,Promising,Medium Risk,NORMAL,350.9,941.3434404128109,590.4434404128109,14,1,350.9,4,1,2,2.3,41
13334.0,32.73627840941332,High-Value,At_Risk,Low Risk,HIGH,3536.8200000000006,2573.975756460155,-962.8442435398456,82,3,3536.8200000000006,2,3,5,3.5,23
13336.0,14.842613618056061,Regular,Hibernating,Medium Risk,NORMAL,795.1200000000001,1521.522558415865,726.4025584158649,77,1,795.1200000000001,2,1,3,2.1,21
13338.0,9.642713794561097,Regular,Hibernating,High Risk,MEDIUM,487.02,987.095266098451,500.07526609845104,158,1,487.02,2,1,2,1.7,21
13339.0,11.156921651645353,Regular,Hibernating,High Risk,MEDIUM,860.12,1693.4485144497733,833.3285144497733,201,1,860.12,1,1,3,1.8000000000000005,11
13340.0,44.306337004605766,High-Value,Loyal_Customers,Low Risk,HIGH,10736.48,3429.6445880833026,-7306.835411916697,45,7,10736.48,3,5,5,4.4,35
13341.0,11.221250206474327,Regular,Hibernating,High Risk,MEDIUM,775.8499999999999,1865.4293335164136,1089.5793335164137,261,1,775.8499999999999,1,1,3,1.8000000000000005,11
13343.0,9.664156646170754,Regular,Hibernating,High Risk,MEDIUM,353.43,1044.422205787331,690.9922057873309,178,1,353.43,2,1,2,1.7,21
13344.0,36.53990605967715,High-Value,Need_Attention,Low Risk,HIGH,2543.7200000000007,2717.3479687150875,173.6279687150868,68,3,2543.7200000000007,3,3,5,3.8,33
13345.0,5.963454683633282,Regular,Hibernating,High Risk,MEDIUM,389.5,1176.2193040390237,786.7193040390237,288,1,389.5,1,1,2,1.4,11
13347.0,13.367002893869191,Regular,About_to_Sleep,Medium Risk,NORMAL,341.36,918.3578015045268,576.9978015045268,70,1,341.36,3,1,2,2.0,31
13348.0,8.07382666587222,Regular,About_to_Sleep,Medium Risk,NORMAL,233.76,134.55832154048449,-99.2016784595155,64,1,233.76,3,1,1,1.6,31
13349.0,15.654278401887806,Regular,New_Customers,Medium Risk,NORMAL,247.32,349.64407143924836,102.32407143924837,11,1,247.32,5,1,1,2.2,51
13350.0,31.358640252655206,Regular,Potential_Loyalists,Low Risk,NORMAL,979.12,2232.7382640001115,1253.6182640001116,16,2,979.12,4,2,4,3.4,42
13351.0,13.36271432354726,Regular,About_to_Sleep,Medium Risk,NORMAL,373.94,906.8924135667507,532.9524135667507,66,1,373.94,3,1,2,2.0,31
13352.0,13.356281468064363,Regular,About_to_Sleep,Medium Risk,NORMAL,397.98,889.6943316600866,491.7143316600866,60,1,397.98,3,1,2,2.0,31
13354.0,18.654818408963756,Regular,About_to_Sleep,Medium Risk,NORMAL,743.5300000000001,1687.8255465463487,944.2955465463486,71,1,743.5300000000001,3,1,3,2.4000000000000004,31
13355.0,14.890860034177791,Regular,Hibernating,High Risk,MEDIUM,674.7,1650.5081727158447,975.8081727158446,122,1,674.7,2,1,3,2.1,21
13356.0,14.84583004579751,Regular,Hibernating,Medium Risk,NORMAL,768.2400000000001,1530.121599369197,761.8815993691968,80,1,768.2400000000001,2,1,3,2.1,21
13357.0,11.216961636152394,Regular,Hibernating,High Risk,MEDIUM,609.95,1853.9639455786375,1244.0139455786375,257,1,609.95,1,1,3,1.8000000000000005,11
13358.0,5.943083974604107,Regular,Hibernating,High Risk,MEDIUM,439.03,1121.7587113345874,682.7287113345874,269,1,439.03,1,1,2,1.4,11
13359.0,13.360570038386296,Regular,About_to_Sleep,Medium Risk,NORMAL,439.56,901.1597195978627,461.5997195978627,64,1,439.56,3,1,2,2.0,31
13362.0,47.771333606923186,High-Value,Champions,Low Risk,HIGH,3090.74,2667.694970210844,-423.0450297891557,9,4,3090.74,5,4,5,4.7,54
13363.0,31.36078453781617,Regular,Potential_Loyalists,Low Risk,NORMAL,992.5,2238.4709579689998,1245.9709579689998,18,2,992.5,4,2,4,3.4,42
13364.0,8.0813316639356,Regular,About_to_Sleep,Medium Risk,NORMAL,134.96,154.62275043159252,19.662750431592514,71,1,134.96,3,1,1,1.6,31
13365.0,32.846044545227386,High-Value,About_to_Sleep,Low Risk,HIGH,2225.37,2867.4328377403344,642.0628377403345,34,2,2225.37,3,2,5,3.5,32
13366.0,8.058816669745461,Regular,About_to_Sleep,Medium Risk,NORMAL,56.16,94.42946375826864,38.26946375826864,50,1,56.16,3,1,1,1.6,31
13368.0,14.87437030286574,Regular,Hibernating,Medium Risk,NORMAL,623.4,1606.4232790822941,983.0232790822942,257,2,623.4,1,2,3,2.1,12
13369.0,6.047081804910947,Regular,Hibernating,High Risk,MEDIUM,308.28,1399.7943688256557,1091.5143688256558,366,1,308.28,1,1,2,1.4,11
13370.0,11.340258032907926,Regular,Hibernating,High Risk,MEDIUM,754.8700000000001,2183.5938487896983,1428.7238487896982,372,1,754.8700000000001,1,1,3,1.8000000000000005,11
13372.0,9.569808099088261,Regular,Hibernating,Medium Risk,NORMAL,378.63999999999993,792.1836711562589,413.543671156259,90,1,378.63999999999993,2,1,2,1.7,21
13373.0,36.53240106161377,High-Value,Need_Attention,Low Risk,HIGH,3312.2500000000005,2697.2835398239795,-614.966460176021,61,3,3312.2500000000005,3,3,5,3.8,33
13375.0,14.855479329021856,Regular,Hibernating,Medium Risk,NORMAL,778.65,1555.9187222291928,777.2687222291928,89,1,778.65,2,1,3,2.1,21
13376.0,27.467761460767456,Regular,At_Risk,Medium Risk,NORMAL,1019.76,1856.1022571383253,836.3422571383253,99,3,1019.76,2,3,4,3.1,23
13379.0,29.740026972659305,Regular,Potential_Loyalists,Low Risk,NORMAL,572.56,1247.2596692908307,674.6996692908308,26,3,572.56,4,3,3,3.3,43
13381.0,47.87290035202356,High-Value,Loyal_Customers,Low Risk,HIGH,3639.31,2939.2311808211216,-700.0788191788783,32,6,3639.31,4,5,5,4.7,45
13382.0,0.6692063130558277,Regular,Hibernating,High Risk,MEDIUM,222.99,389.55347709053717,166.56347709053716,281,1,222.99,1,1,1,1.0,11
13384.0,48.109964654869586,High-Value,Loyal_Customers,Low Risk,HIGH,4151.93,3573.016800338235,-578.9131996617652,31,7,4151.93,4,5,5,4.7,45
13385.0,11.295228044527645,Regular,Hibernating,High Risk,MEDIUM,534.5699999999999,2063.20727544305,1528.6372754430502,330,1,534.5699999999999,1,1,3,1.8000000000000005,11
13388.0,18.557917984115488,Regular,Hibernating,Medium Risk,NORMAL,677.1,1428.764629079498,751.664629079498,131,2,677.1,2,2,3,2.4000000000000004,22
13389.0,33.54258248034265,Regular,Potential_Loyalists,Low Risk,NORMAL,797.9599999999999,1387.7655345613182,589.8055345613183,11,3,797.9599999999999,5,3,3,3.6,53
13390.0,14.840469332895095,Regular,Hibernating,Medium Risk,NORMAL,544.08,1515.7898644469767,971.7098644469767,75,1,544.08,2,1,3,2.1,21
13391.0,0.5866513343586457,Regular,Hibernating,High Risk,MEDIUM,59.8,168.84475928834922,109.04475928834923,204,1,59.8,1,1,1,1.0,11
13394.0,52.13564661185268,High-Value,Champions,Low Risk,HIGH,2520.0200000000004,4310.045774328063,1790.0257743280627,2,8,2520.0200000000004,5,5,5,5.0,55
13395.0,5.853023997843545,Regular,Hibernating,High Risk,MEDIUM,307.72,880.9855646412911,573.2655646412911,185,1,307.72,1,1,2,1.4,11
13396.0,31.372578106201484,Regular,Potential_Loyalists,Low Risk,NORMAL,1360.99,2270.0007747978843,909.0107747978843,29,2,1360.99,4,2,4,3.4,42
13397.0,31.335430865814757,Regular,At_Risk,Low Risk,NORMAL,1544.13,2170.6885355479944,626.5585355479943,73,5,1544.13,2,4,4,3.4,24
13398.0,5.860528995906925,Regular,Hibernating,High Risk,MEDIUM,457.34,901.049993532399,443.709993532399,192,1,457.34,1,1,2,1.4,11
13402.0,18.553629413793555,Regular,Hibernating,Medium Risk,NORMAL,621.2300000000002,1417.2992411417215,796.0692411417212,127,2,621.2300000000002,2,2,3,2.4000000000000004,22
13403.0,11.843145753560595,Regular,Promising,Medium Risk,NORMAL,75.0,186.20743029320852,111.20743029320852,18,1,75.0,4,1,1,1.9,41
13404.0,24.587709015310402,Regular,Potential_Loyalists,Low Risk,NORMAL,252.49,840.0413331558436,587.5513331558436,1,2,252.49,5,2,2,2.9000000000000004,52
13405.0,22.154214523741313,Regular,At_Risk,Low Risk,NORMAL,572.4509999999999,1017.8421844698466,445.39118446984673,74,3,572.4509999999999,2,3,3,2.7,23
13408.0,64.99501466488402,High-Value,Champions,Low Risk,HIGH,28117.04,38689.25196541211,10572.211965412112,2,62,28117.04,5,5,5,5.0,55
13410.0,38.92017117215227,Regular,Loyal_Customers,Low Risk,NORMAL,1003.0600000000002,2397.2396733845344,1394.1796733845342,24,5,1003.0600000000002,4,4,4,4.0,44
13411.0,4.301291150442393,Regular,Hibernating,High Risk,MEDIUM,213.55,74.31017183442873,-139.23982816557128,107,1,213.55,2,1,1,1.2999999999999998,21
13414.0,27.505286451084356,Regular,At_Risk,Medium Risk,NORMAL,1390.5,1956.4244015938655,565.9244015938655,134,3,1390.5,2,3,4,3.1,23
13416.0,22.283279226004066,Regular,About_to_Sleep,Low Risk,NORMAL,712.5,1362.8935114700178,650.3935114700178,44,2,712.5,3,2,3,2.7,32
13417.0,29.87874095814641,Regular,Potential_Loyalists,Low Risk,NORMAL,640.83,1618.1081191509977,977.2781191509977,5,2,640.83,5,2,3,3.3000000000000003,52
13418.0,54.52773249192257,High-Value,Champions,Low Risk,HIGH,6127.43,10705.22890918807,4577.79890918807,12,18,6127.43,5,5,5,5.0,55
13419.0,8.07382666587222,Regular,About_to_Sleep,Medium Risk,NORMAL,221.06,134.55832154048449,-86.50167845951552,64,1,221.06,3,1,1,1.6,31
13420.0,8.004801948116508,Regular,Hibernating,Medium Risk,NORMAL,159.85,-49.97757433082211,-209.8275743308221,150,2,159.85,2,2,1,1.6,22
13421.0,27.565734028196204,Regular,About_to_Sleep,Low Risk,NORMAL,1851.08,2118.0295215896203,266.9495215896204,40,2,1851.08,3,2,4,3.1,32
13422.0,29.220800155928526,High-Value,About_to_Sleep,Medium Risk,HIGH,2626.3,3200.963913769998,574.6639137699976,64,1,2626.3,3,1,5,3.2,31
13425.0,27.4774107439918,Regular,At_Risk,Medium Risk,NORMAL,1624.2100000000005,1881.8993799983216,257.6893799983211,108,3,1624.2100000000005,2,3,4,3.1,23
13426.0,52.610847360125206,High-Value,Champions,Low Risk,HIGH,3641.32,5580.483360346732,1939.1633603467321,1,10,3641.32,5,5,5,5.0,55
13427.0,29.732521974595922,Regular,Potential_Loyalists,Low Risk,NORMAL,582.6,1227.1952403997227,644.5952403997227,19,3,582.6,4,3,3,3.3,43
13428.0,15.653206259307323,Regular,New_Customers,Medium Risk,NORMAL,218.47,346.77772445480446,128.30772445480446,10,1,218.47,5,1,1,2.2,51
13429.0,42.486734519570085,Regular,Champions,Low Risk,NORMAL,1006.7999999999998,1906.8262661223537,900.0262661223538,11,4,1006.7999999999998,5,4,4,4.300000000000001,54
13430.0,26.075113307882578,Regular,Potential_Loyalists,Low Risk,NORMAL,679.4499999999999,1474.7359068960657,795.2859068960657,19,2,679.4499999999999,4,2,3,3.0,42
13431.0,27.59468187786924,Regular,About_to_Sleep,Low Risk,NORMAL,1269.1,2195.4208901696084,926.3208901696084,67,2,1269.1,3,2,4,3.1,32
13434.0,18.49680585702796,Regular,Hibernating,Low Risk,NORMAL,534.24,1265.3828509661896,731.1428509661896,74,2,534.24,2,2,3,2.4000000000000004,22
13435.0,51.900726594167615,High-Value,Champions,Low Risk,HIGH,3809.89,3681.992848779839,-127.89715122016105,5,7,3809.89,5,5,5,5.0,55
13436.0,15.64462911866346,Regular,New_Customers,Medium Risk,NORMAL,196.89,323.8469485792523,126.9569485792523,2,1,196.89,5,1,1,2.2,51
13437.0,48.09173823100137,High-Value,Loyal_Customers,Low Risk,HIGH,3408.0600000000004,3524.2889016026866,116.22890160268616,14,7,3408.0600000000004,4,5,5,4.7,45
13439.0,5.9280739784773475,Regular,Hibernating,High Risk,MEDIUM,283.71,1081.6298535523713,797.9198535523713,255,1,283.71,1,1,2,1.4,11
13441.0,9.571952384249228,Regular,Hibernating,High Risk,MEDIUM,296.64000000000004,797.9163651251467,501.2763651251467,92,1,296.64000000000004,2,1,2,1.7,21
13447.0,35.02355391743193,Regular,Potential_Loyalists,Low Risk,NORMAL,1129.1400000000003,2005.2620263948768,876.1220263948765,23,3,1129.1400000000003,4,3,4,3.7,43
13448.0,47.856818213316316,High-Value,Loyal_Customers,Low Risk,HIGH,3539.3700000000003,2896.2359760544623,-643.134023945538,17,6,3539.3700000000003,4,5,5,4.7,45
13449.0,17.136321981557565,Regular,Promising,Medium Risk,NORMAL,291.88000000000005,970.0069102572504,678.1269102572503,24,1,291.88000000000005,4,1,2,2.3,41
13450.0,42.58079626660708,Regular,Loyal_Customers,Low Risk,NORMAL,2043.72,2158.298047841524,114.57804784152381,27,6,2043.72,4,5,4,4.300000000000001,45
13451.0,44.20905882982732,High-Value,Loyal_Customers,Low Risk,HIGH,2976.15,3169.5737654108007,193.42376541080057,26,5,2976.15,4,4,5,4.4,44
13452.0,14.876514588026705,Regular,Hibernating,Medium Risk,NORMAL,590.0,1612.1559730511824,1022.1559730511824,259,2,590.0,1,2,3,2.1,12
13453.0,13.30869960191831,Regular,Hibernating,Medium Risk,NORMAL,356.98,762.4853754776602,405.5053754776602,166,2,356.98,2,2,2,2.0,22
13455.0,31.36828953587955,Regular,Potential_Loyalists,Low Risk,NORMAL,1058.34,2258.535386860108,1200.1953868601079,25,2,1058.34,4,2,4,3.4,42
13456.0,42.57114698338273,Regular,Loyal_Customers,Low Risk,NORMAL,1766.72,2132.5009249815275,365.7809249815275,18,6,1766.72,4,5,4,4.300000000000001,45
13458.0,53.569825997314126,High-Value,Champions,Low Risk,HIGH,9646.57,8144.289308259624,-1502.280691740376,7,14,9646.57,5,5,5,5.0,55
13460.0,15.512347988659258,Regular,Potential_Loyalists,Low Risk,NORMAL,183.44,-29.803419374250552,-213.24341937425055,29,2,183.44,4,2,1,2.2,42
13461.0,31.222070552329072,Regular,Need_Attention,Low Risk,NORMAL,1445.0000000000002,1867.622508108833,422.6225081088328,39,3,1445.0000000000002,3,3,4,3.4,33
13462.0,0.639186320802307,Regular,Hibernating,High Risk,MEDIUM,151.5,309.295761526105,157.79576152610503,253,1,151.5,1,1,1,1.0,11
13464.0,18.640880555417475,Regular,About_to_Sleep,Medium Risk,NORMAL,674.6800000000001,1650.5630357485768,975.8830357485767,58,1,674.6800000000001,3,1,3,2.4000000000000004,31
13466.0,5.851951855263063,Regular,Hibernating,High Risk,MEDIUM,307.90000000000003,878.1192176568472,570.2192176568471,184,1,307.90000000000003,1,1,2,1.4,11
13467.0,35.17191718614338,Regular,Potential_Loyalists,Low Risk,NORMAL,1083.71,2401.9075991150394,1318.1975991150393,11,2,1083.71,5,2,4,3.7,52
13468.0,59.04160352922136,High-Value,Champions,Low Risk,HIGH,5704.969999999999,22772.95280287321,17067.982802873208,2,37,5704.969999999999,5,5,5,5.0,55
13470.0,7.9501226765118815,Regular,Hibernating,Medium Risk,NORMAL,165.0,-196.1612705374663,-361.1612705374663,99,2,165.0,2,2,1,1.6,22
13471.0,47.76275646627932,High-Value,Champions,Low Risk,HIGH,2531.58,2644.764194335292,113.18419433529198,1,4,2531.58,5,4,5,4.7,54
13473.0,17.01476227735819,Regular,About_to_Sleep,Low Risk,NORMAL,422.64,645.0200121481878,222.3800121481878,61,2,422.64,3,2,2,2.3,32
13474.0,0.6209598969340979,Regular,Hibernating,High Risk,MEDIUM,229.59,260.567862790557,30.977862790556998,236,1,229.59,1,1,1,1.0,11
13475.0,27.40516959849464,Regular,At_Risk,Medium Risk,NORMAL,1431.7800000000002,1688.7644431736828,256.9844431736826,191,4,1431.7800000000002,1,4,4,3.1,14
13476.0,23.896124200492732,Regular,Hibernating,Medium Risk,NORMAL,1238.47,2332.9506823901884,1094.4806823901883,179,2,1238.47,2,2,4,2.8,22
13477.0,38.77395218860179,Regular,Loyal_Customers,Low Risk,NORMAL,1454.5800000000002,2006.3267946332596,551.7467946332595,38,6,1454.5800000000002,3,5,4,4.0,35
13479.0,9.527586945844622,Regular,Hibernating,Medium Risk,NORMAL,300.95,679.3064498960523,378.3564498960523,201,2,300.95,1,2,2,1.7,12
13481.0,35.12512066253231,Regular,Loyal_Customers,Low Risk,NORMAL,1804.56,2276.798237005155,472.23823700515504,46,5,1804.56,3,4,4,3.7,34
13482.0,0.6166713266121665,Regular,Hibernating,High Risk,MEDIUM,184.64,249.10247485278114,64.46247485278116,232,1,184.64,1,1,1,1.0,11
13483.0,8.075970951033186,Regular,About_to_Sleep,Medium Risk,NORMAL,140.34,140.29101550937253,-0.04898449062747545,66,1,140.34,3,1,1,1.6,31
13484.0,5.913063982350587,Regular,Hibernating,High Risk,MEDIUM,313.8,1041.5009957701552,727.7009957701553,241,1,313.8,1,1,2,1.4,11
13485.0,5.904486841706724,Regular,Hibernating,High Risk,MEDIUM,454.24,1018.5702198946035,564.3302198946035,233,1,454.24,1,1,2,1.4,11
13486.0,27.445246466577316,Regular,At_Risk,Low Risk,NORMAL,1122.41,1795.9089704650012,673.4989704650011,78,3,1122.41,2,3,4,3.1,23
13487.0,25.95569788884417,Regular,Need_Attention,Low Risk,NORMAL,575.4000000000001,1155.4817027558909,580.0817027558908,58,3,575.4000000000001,3,3,3,3.0,33
13488.0,49.52377333130186,High-Value,Loyal_Customers,Low Risk,HIGH,8968.31,7352.799741565359,-1615.5102584346405,17,13,8968.31,4,5,5,4.7,45
13489.0,20.55811623793555,Regular,At_Risk,Medium Risk,NORMAL,449.52,92.55687643388978,-356.9631235661102,105,4,449.52,2,4,2,2.6,24
13491.0,39.74150796643458,Regular,Loyal_Customers,Low Risk,NORMAL,1215.8199999999997,4593.063518421703,3377.243518421703,52,10,1215.8199999999997,3,5,4,4.0,35
13492.0,27.507430736245322,Regular,At_Risk,Medium Risk,NORMAL,1269.84,1962.1570955627537,692.3170955627538,136,3,1269.84,2,3,4,3.1,23
13493.0,14.893668869314432,Regular,Hibernating,Medium Risk,NORMAL,618.63,1658.0175248022863,1039.3875248022864,275,2,618.63,1,2,3,2.1,12
13494.0,5.989186105564872,Regular,Hibernating,High Risk,MEDIUM,316.26000000000005,1245.0116316656793,928.7516316656793,312,1,316.26000000000005,1,1,2,1.4,11
13495.0,42.72165453725514,Regular,Champions,Low Risk,NORMAL,2044.87,2534.8791916705786,490.00919167057873,8,5,2044.87,5,4,4,4.300000000000001,54
13496.0,29.885173813629308,Regular,Potential_Loyalists,Low Risk,NORMAL,653.3299999999999,1635.3062010576616,981.9762010576617,11,2,653.3299999999999,5,2,3,3.3000000000000003,52
13497.0,9.615502637444218,Regular,Hibernating,Medium Risk,NORMAL,348.04999999999995,914.3469026204605,566.2969026204605,283,2,348.04999999999995,1,2,2,1.7,12
13499.0,38.913738316669374,Regular,Loyal_Customers,Low Risk,NORMAL,1159.11,2380.0415914778705,1220.9315914778706,18,5,1159.11,4,4,4,4.0,44
13500.0,35.02355391743193,Regular,Potential_Loyalists,Low Risk,NORMAL,1166.77,2005.2620263948768,838.4920263948768,23,3,1166.77,4,3,4,3.7,43
13501.0,16.536941428661436,Regular,Hibernating,High Risk,MEDIUM,1340.32,2709.42210015378,1369.10210015378,288,1,1340.32,1,1,4,2.2,11
13502.0,24.44363431692088,Regular,Potential_Loyalists,Low Risk,NORMAL,291.99999999999994,454.86114837345644,162.8611483734565,17,3,291.99999999999994,4,3,2,2.8999999999999995,43
13503.0,8.0813316639356,Regular,About_to_Sleep,Medium Risk,NORMAL,216.85,154.62275043159252,-62.22724956840747,71,1,216.85,3,1,1,1.6,31
13504.0,13.360570038386296,Regular,About_to_Sleep,Medium Risk,NORMAL,295.93000000000006,901.1597195978627,605.2297195978626,64,1,295.93000000000006,3,1,2,2.0,31
13505.0,36.384037792902326,High-Value,At_Risk,Low Risk,HIGH,4393.63,2300.6379671038158,-2092.9920328961844,73,4,4393.63,2,4,5,3.8,24
13506.0,9.650883342600153,Regular,Hibernating,Medium Risk,NORMAL,458.52,1008.9363531071124,550.4163531071124,316,2,458.52,1,2,2,1.7,12
13507.0,47.76490075144029,High-Value,Champions,Low Risk,HIGH,2479.16,2650.49688830418,171.33688830418032,3,4,2479.16,5,4,5,4.7,54
13508.0,0.629537037577961,Regular,Hibernating,High Risk,MEDIUM,110.97000000000004,283.4986386661092,172.52863866610915,244,1,110.97000000000004,1,1,1,1.0,11
13509.0,46.61827179197547,Regular,Champions,Low Risk,NORMAL,979.72,2926.8568386602365,1947.1368386602364,9,7,979.72,5,5,4,4.6,55
13510.0,42.47601309376525,Regular,Champions,Low Risk,NORMAL,1791.56,1878.1627962779137,86.60279627791374,1,4,1791.56,5,4,4,4.300000000000001,54
13512.0,5.934506833960245,Regular,Hibernating,High Risk,MEDIUM,251.21,1098.8279354590352,847.6179354590352,261,1,251.21,1,1,2,1.4,11
13513.0,4.322734002052051,Regular,Hibernating,High Risk,MEDIUM,205.1,131.6371115233087,-73.46288847669129,127,1,205.1,2,1,1,1.2999999999999998,21
13514.0,4.265910445286457,Regular,Hibernating,Medium Risk,NORMAL,152.20000000000002,-20.27927865222341,-172.47927865222343,74,1,152.20000000000002,2,1,1,1.2999999999999998,21
13515.0,25.810551047874174,Regular,At_Risk,Low Risk,NORMAL,891.12,767.4351709890595,-123.68482901094046,73,4,891.12,2,4,3,3.0,24
13516.0,35.02140963227097,Regular,Potential_Loyalists,Low Risk,NORMAL,1389.4100000000003,1999.529332425989,610.1193324259887,21,3,1389.4100000000003,4,3,4,3.7,43
13517.0,36.531328919033285,High-Value,Need_Attention,Low Risk,HIGH,2128.42,2694.4171928395353,565.9971928395353,60,3,2128.42,3,3,5,3.8,33
13518.0,14.852262901280406,Regular,Hibernating,Medium Risk,NORMAL,659.4399999999998,1547.3196812758608,887.879681275861,86,1,659.4399999999998,2,1,3,2.1,21
13519.0,4.270199015608389,Regular,Hibernating,Medium Risk,NORMAL,122.75,-8.813890714447325,-131.56389071444733,78,1,122.75,2,1,1,1.2999999999999998,21
13520.0,44.08321055530602,High-Value,Loyal_Customers,Low Risk,HIGH,3624.35,2833.121479363962,-791.228520636038,59,6,3624.35,3,5,5,4.4,35
13521.0,38.8186044270519,Regular,Potential_Loyalists,Low Risk,NORMAL,1093.65,2125.703462774257,1032.0534627742568,1,3,1093.65,5,3,4,4.0,53
13522.0,11.85601146452639,Regular,Promising,Medium Risk,NORMAL,125.8,220.60359410653632,94.80359410653632,30,1,125.8,4,1,1,1.9,41
13523.0,44.2165638278907,High-Value,Loyal_Customers,Low Risk,HIGH,3964.88,3189.6381943019087,-775.2418056980914,33,5,3964.88,4,4,5,4.4,44
13524.0,29.833016577115814,Regular,Loyal_Customers,Low Risk,NORMAL,680.1800000000001,1495.8651040255565,815.6851040255565,41,5,680.1800000000001,3,4,3,3.3,34
13525.0,26.070824737560645,Regular,Potential_Loyalists,Low Risk,NORMAL,628.78,1463.2705189582896,834.4905189582896,15,2,628.78,4,2,3,3.0,42
13527.0,44.29454343622045,High-Value,Loyal_Customers,Low Risk,HIGH,2287.51,3398.114771254419,1110.6047712544187,34,7,2287.51,3,5,5,4.4,35
13529.0,13.215423197416298,Regular,Hibernating,Low Risk,NORMAL,307.76,513.1131878310318,205.35318783103185,79,2,307.76,2,2,2,2.0,22
13531.0,9.531875516166552,Regular,Hibernating,Medium Risk,NORMAL,483.80000000000007,690.7718378338282,206.9718378338281,205,2,483.80000000000007,1,2,2,1.7,12
13532.0,8.041662388457734,Regular,About_to_Sleep,Medium Risk,NORMAL,210.30999999999997,48.567912007164296,-161.74208799283568,34,1,210.30999999999997,3,1,1,1.6,31
13533.0,13.165697046109278,Regular,At_Risk,Medium Risk,NORMAL,270.79,380.1715376797172,109.38153767971716,183,3,270.79,1,3,2,2.0,13
13534.0,56.183966184103284,High-Value,Champions,Low Risk,HIGH,5870.08,15133.129204854526,9263.049204854526,2,25,5870.08,5,5,5,5.0,55
13536.0,51.89643802384568,High-Value,Champions,Low Risk,HIGH,3448.29,3670.5274608420623,222.23746084206232,1,7,3448.29,5,5,5,5.0,55
13538.0,39.01744934693071,Regular,Loyal_Customers,Low Risk,NORMAL,1280.85,2657.3104960570363,1376.4604960570364,43,7,1280.85,3,5,4,4.0,35
13539.0,22.167080234707107,Regular,At_Risk,Low Risk,NORMAL,631.34,1052.238348283175,420.89834828317487,86,3,631.34,2,3,3,2.7,23
13544.0,16.99224728316805,Regular,About_to_Sleep,Low Risk,NORMAL,291.41,584.8267254748637,293.41672547486365,40,2,291.41,3,2,2,2.3,32
13546.0,33.543654622923135,Regular,Potential_Loyalists,Low Risk,NORMAL,626.99,1390.6318815457623,763.6418815457623,12,3,626.99,5,3,3,3.6,53
13548.0,18.520392993798588,Regular,Hibernating,Medium Risk,NORMAL,682.4100000000001,1328.4424846239579,646.0324846239578,96,2,682.4100000000001,2,2,3,2.4000000000000004,22
13549.0,37.53111719693902,Regular,Loyal_Customers,Low Risk,NORMAL,918.2,2025.4822693012582,1107.282269301258,26,7,918.2,4,5,3,3.9,45
13551.0,0.7099477311141772,Regular,Hibernating,High Risk,MEDIUM,91.8,498.4746624994093,406.6746624994093,319,1,91.8,1,1,1,1.0,11
13552.0,45.51953422592844,High-Value,Loyal_Customers,Low Risk,HIGH,3740.07,6673.097707264411,2933.0277072644108,66,12,3740.07,3,5,5,4.4,35
13555.0,36.38510993548281,High-Value,At_Risk,Low Risk,HIGH,4149.280000000001,2303.50431408826,-1845.7756859117408,74,4,4149.280000000001,2,4,5,3.8,24
13557.0,26.084762591106923,Regular,Potential_Loyalists,Low Risk,NORMAL,584.06,1500.5330297560615,916.4730297560616,28,2,584.06,4,2,3,3.0,42
13558.0,37.19463043415359,Regular,Champions,Low Risk,NORMAL,605.06,1125.8931331427555,520.8331331427555,6,4,605.06,5,4,3,3.9,54
13560.0,15.649989831565875,Regular,New_Customers,Medium Risk,NORMAL,174.36999999999998,338.1786835014725,163.80868350147253,7,1,174.36999999999998,5,1,1,2.2,51
13561.0,0.5995170453244403,Regular,Hibernating,High Risk,MEDIUM,141.86,203.24092310167703,61.38092310167701,216,1,141.86,1,1,1,1.0,11
13562.0,27.449535036899245,Regular,At_Risk,Low Risk,NORMAL,1799.33,1807.3743584027773,8.044358402777334,82,3,1799.33,2,3,4,3.1,23
13563.0,18.50752728283279,Regular,Hibernating,Low Risk,NORMAL,777.53,1294.0463208106296,516.5163208106296,84,2,777.53,2,2,3,2.4000000000000004,22
13564.0,27.516007876889184,Regular,At_Risk,Medium Risk,NORMAL,1749.0200000000004,1985.0878714383055,236.06787143830502,144,3,1749.0200000000004,2,3,4,3.1,23
13565.0,15.50162656285443,Regular,Potential_Loyalists,Low Risk,NORMAL,240.22,-58.46688921869054,-298.68688921869057,19,2,240.22,4,2,1,2.2,42
13566.0,22.280062798262616,Regular,About_to_Sleep,Low Risk,NORMAL,874.71,1354.2944705166858,479.58447051668577,41,2,874.71,3,2,3,2.7,32
13568.0,4.372052560754263,Regular,Hibernating,High Risk,MEDIUM,192.85,263.4890728077328,70.63907280773279,173,1,192.85,2,1,1,1.2999999999999998,21
13569.0,20.786225650207538,Regular,Potential_Loyalists,Low Risk,NORMAL,373.75,702.4018148697994,328.6518148697994,17,2,373.75,4,2,2,2.6,42
13570.0,0.628464894997478,Regular,Hibernating,High Risk,MEDIUM,239.49000000000004,280.63229168166504,41.142291681665,243,1,239.49000000000004,1,1,1,1.0,11
13571.0,53.099985961944014,High-Value,Champions,Low Risk,HIGH,2092.32,6888.183457163174,4795.863457163174,13,12,2092.32,5,5,5,5.0,55
13572.0,16.449025737061838,Regular,Hibernating,High Risk,MEDIUM,1384.2499999999998,2474.3816474293717,1090.131647429372,206,1,1384.2499999999998,1,1,4,2.2,11
13573.0,17.00296870897288,Regular,About_to_Sleep,Low Risk,NORMAL,294.4,613.4901953193037,319.0901953193037,50,2,294.4,3,2,2,2.3,32
13575.0,33.632355657057715,Regular,Loyal_Customers,Low Risk,NORMAL,732.07,1627.771928342712,895.701928342712,23,5,732.07,4,4,3,3.6,44
13576.0,54.525588206761604,High-Value,Champions,Low Risk,HIGH,6717.34,10699.496215219182,3982.156215219182,10,18,6717.34,5,5,5,5.0,55
13577.0,38.68310686930625,Regular,Loyal_Customers,Low Risk,NORMAL,1687.6,1763.454053867422,75.85405386742218,25,4,1687.6,4,4,4,4.0,44
13579.0,20.78408136504657,Regular,Potential_Loyalists,Low Risk,NORMAL,467.0400000000001,696.6691209009116,229.62912090091152,15,2,467.0400000000001,4,2,2,2.6,42
13581.0,0.6992263053093484,Regular,Hibernating,High Risk,MEDIUM,118.0,469.8111926549693,351.8111926549693,309,1,118.0,1,1,1,1.0,11
13583.0,14.927312881914208,Regular,Hibernating,High Risk,MEDIUM,781.03,1747.9639701869407,966.9339701869408,156,1,781.03,2,1,3,2.1,21
13584.0,0.6970820201483827,Regular,Hibernating,High Risk,MEDIUM,142.4,464.0784986860815,321.6784986860815,307,1,142.4,1,1,1,1.0,11
13587.0,18.647313410900374,Regular,About_to_Sleep,Medium Risk,NORMAL,712.4,1667.7611176552407,955.3611176552407,64,1,712.4,3,1,3,2.4000000000000004,31
13588.0,48.570155407015356,High-Value,Loyal_Customers,Low Risk,HIGH,2478.95,4803.325528574688,2324.3755285746884,16,9,2478.95,4,5,5,4.7,45
13589.0,20.78408136504657,Regular,Potential_Loyalists,Low Risk,NORMAL,379.65,696.6691209009116,317.0191209009116,15,2,379.65,4,2,2,2.6,42
13590.0,46.38227963170993,Regular,Champions,Low Risk,NORMAL,1981.9199999999996,2295.937566127568,314.01756612756844,11,6,1981.9199999999996,5,5,4,4.6,55
13591.0,31.249946259421627,Regular,Need_Attention,Low Risk,NORMAL,1117.1299999999997,1942.147529704377,825.0175297043772,65,3,1117.1299999999997,3,3,4,3.4,33
13592.0,19.016032673758748,Regular,Loyal_Customers,Low Risk,NORMAL,247.96,-688.3213935129764,-936.2813935129765,36,4,247.96,3,4,1,2.5,34
13593.0,31.372955856131657,Regular,At_Risk,Medium Risk,NORMAL,2037.08,2271.0106800035346,233.9306800035347,108,5,2037.08,2,4,4,3.4,24
13594.0,13.348776470000983,Regular,About_to_Sleep,Medium Risk,NORMAL,396.97,869.6299027689786,472.65990276897855,53,1,396.97,3,1,2,2.0,31
13596.0,29.879813100726892,Regular,Potential_Loyalists,Low Risk,NORMAL,697.0400000000001,1620.9744661354414,923.9344661354413,6,2,697.0400000000001,5,2,3,3.3000000000000003,52
13598.0,8.055600242004012,Regular,About_to_Sleep,Medium Risk,NORMAL,180.17,85.83042280493646,-94.33957719506353,47,1,180.17,3,1,1,1.6,31
13599.0,55.23034825981678,High-Value,Champions,Low Risk,HIGH,5153.67,12583.654991863856,7429.984991863856,1,21,5153.67,5,5,5,5.0,55
13600.0,0.7024427330507971,Regular,Hibernating,High Risk,MEDIUM,219.52,478.41023360830127,258.8902336083013,312,1,219.52,1,1,1,1.0,11
13601.0,22.28435136858455,Regular,About_to_Sleep,Low Risk,NORMAL,693.32,1365.759858454462,672.4398584544618,45,2,693.32,3,2,3,2.7,32
13602.0,13.361642180966777,Regular,About_to_Sleep,Medium Risk,NORMAL,428.89,904.0260665823068,475.13606658230685,65,1,428.89,3,1,2,2.0,31
13603.0,11.851722894204457,Regular,Promising,Medium Risk,NORMAL,164.34,209.13820616876046,44.79820616876046,26,1,164.34,4,1,1,1.9,41
13606.0,24.456500027886673,Regular,Potential_Loyalists,Low Risk,NORMAL,280.54,489.2573121867845,208.71731218678445,29,3,280.54,4,3,2,2.8999999999999995,43
13607.0,18.621581988968785,Regular,About_to_Sleep,Medium Risk,NORMAL,678.0100000000001,1598.9687900285842,920.9587900285841,40,1,678.0100000000001,3,1,3,2.4000000000000004,31
13610.0,46.621488219716916,Regular,Champions,Low Risk,NORMAL,1131.88,2935.455879613568,1803.5758796135678,12,7,1131.88,5,5,4,4.6,55
13611.0,27.457040034962628,Regular,At_Risk,Low Risk,NORMAL,1171.7999999999995,1827.4387872938853,655.6387872938858,89,3,1171.7999999999995,2,3,4,3.1,23
13614.0,38.68203472672577,Regular,Loyal_Customers,Low Risk,NORMAL,1610.46,1760.587706882978,150.12770688297792,24,4,1610.46,4,4,4,4.0,44
13615.0,5.996691103628251,Regular,Hibernating,High Risk,MEDIUM,417.6900000000001,1265.0760605567873,847.3860605567872,319,1,417.6900000000001,1,1,2,1.4,11
13617.0,25.936399322395477,Regular,Need_Attention,Low Risk,NORMAL,544.1800000000001,1103.8874570358983,559.7074570358982,40,3,544.1800000000001,3,3,3,3.0,33
13618.0,4.373124703334746,Regular,Hibernating,High Risk,MEDIUM,177.34,266.3554197921769,89.01541979217691,174,1,177.34,2,1,1,1.2999999999999998,21
13621.0,4.312012576247222,Regular,Hibernating,High Risk,MEDIUM,213.85,102.97364167886872,-110.87635832113128,117,1,213.85,2,1,1,1.2999999999999998,21
13623.0,33.64093279770158,Regular,Loyal_Customers,Low Risk,NORMAL,747.7800000000001,1650.7027042182642,902.9227042182641,31,5,747.7800000000001,4,4,3,3.6,44
13626.0,5.925929693316381,Regular,Hibernating,High Risk,MEDIUM,257.23,1075.8971595834835,818.6671595834835,253,1,257.23,1,1,2,1.4,11
13627.0,35.139058516078585,Regular,Loyal_Customers,Low Risk,NORMAL,1638.47,2314.060747802927,675.5907478029269,59,5,1638.47,3,4,4,3.7,34
13629.0,49.05393329593175,High-Value,Loyal_Customers,Low Risk,HIGH,7792.360000000001,6096.69389046891,-1695.666109531091,23,11,7792.360000000001,4,5,5,4.7,45
13630.0,46.613983221653534,Regular,Champions,Low Risk,NORMAL,2031.78,2915.39145072246,883.61145072246,5,7,2031.78,5,5,4,4.6,55
13631.0,41.49921298184774,High-Value,Cant_Loose,Medium Risk,HIGH,3070.42,5950.400468196802,2879.9804681968017,100,11,3070.42,2,5,5,4.1,25
13632.0,44.20798668724684,High-Value,Loyal_Customers,Low Risk,HIGH,2121.27,3166.7074184263565,1045.4374184263565,25,5,2121.27,4,4,5,4.4,44
13634.0,38.92982045537662,Regular,Loyal_Customers,Low Risk,NORMAL,1575.16,2423.0367962445307,847.8767962445306,33,5,1575.16,4,4,4,4.0,44
13635.0,23.938345353736374,Regular,About_to_Sleep,Medium Risk,NORMAL,1071.03,2445.8279036503955,1374.7979036503955,68,1,1071.03,3,1,4,2.8,31
13636.0,35.11547137930796,Regular,Loyal_Customers,Low Risk,NORMAL,949.12,2251.0011141451587,1301.8811141451588,37,5,949.12,3,4,4,3.7,34
13637.0,25.949265033361275,Regular,Need_Attention,Low Risk,NORMAL,810.5,1138.2836208492265,327.7836208492265,52,3,810.5,3,3,3,3.0,33
13638.0,11.841001468399629,Regular,Promising,Medium Risk,NORMAL,122.64,180.47473632432025,57.83473632432025,16,1,122.64,4,1,1,1.9,41
13639.0,20.126140562828684,Regular,Hibernating,Medium Risk,NORMAL,1033.34,2279.5249155199117,1246.1849155199118,74,1,1033.34,2,1,4,2.5,21
13642.0,5.886260417838515,Regular,Hibernating,High Risk,MEDIUM,354.8,969.842321159055,615.0423211590551,216,1,354.8,1,1,2,1.4,11
13643.0,29.745387685561717,Regular,Potential_Loyalists,Low Risk,NORMAL,519.44,1261.5914042130505,742.1514042130505,31,3,519.44,4,3,3,3.3,43
13644.0,43.96020095859598,High-Value,Loyal_Customers,Low Risk,HIGH,2624.26,2504.2583290648035,-120.00167093519667,16,4,2624.26,4,4,5,4.4,44
13645.0,9.601972376502747,Regular,Hibernating,High Risk,MEDIUM,252.1,878.1740806895789,626.0740806895789,120,1,252.1,2,1,2,1.7,21
13647.0,42.4856623769896,Regular,Champions,Low Risk,NORMAL,1678.12,1903.9599191379095,225.83991913790965,10,4,1678.12,5,4,4,4.300000000000001,54
13649.0,9.587626930351663,Regular,Hibernating,Medium Risk,NORMAL,346.6,839.8218810249164,493.22188102491634,257,2,346.6,1,2,2,1.7,12
13650.0,42.57007484080225,Regular,Loyal_Customers,Low Risk,NORMAL,1836.34,2129.6345779970834,293.2945779970835,17,6,1836.34,4,5,4,4.300000000000001,45
13651.0,11.700143197751563,Regular,About_to_Sleep,Low Risk,NORMAL,94.2,-196.10640750473453,-290.3064075047345,35,2,94.2,3,2,1,1.9,32
13652.0,31.22957555039245,Regular,Need_Attention,Low Risk,NORMAL,1095.08,1887.686936999941,792.6069369999411,46,3,1095.08,3,3,4,3.4,33
13654.0,44.06605627401829,High-Value,Loyal_Customers,Low Risk,HIGH,2707.33,2787.2599276128576,79.92992761285768,43,6,2707.33,3,5,5,4.4,35
13655.0,18.539691560247277,Regular,Hibernating,Medium Risk,NORMAL,932.97,1380.0367303439496,447.06673034394953,114,2,932.97,2,2,3,2.4000000000000004,22
13656.0,13.307627459337827,Regular,Hibernating,Medium Risk,NORMAL,379.65,759.6190284932161,379.9690284932161,165,2,379.65,2,2,2,2.0,22
13657.0,24.598430441115234,Regular,Potential_Loyalists,Low Risk,NORMAL,382.14,868.7048030002836,486.56480300028363,11,2,382.14,5,2,2,2.9000000000000004,52
13658.0,48.010542194930174,High-Value,Champions,Low Risk,HIGH,2639.1700000000005,3307.213283696845,668.0432836968444,10,5,2639.1700000000005,5,4,5,4.7,54
13659.0,20.106434403775186,Regular,Hibernating,Medium Risk,NORMAL,1573.1999999999998,2226.8409809330287,653.6409809330289,206,2,1573.1999999999998,1,2,4,2.5,12
13662.0,22.167080234707107,Regular,At_Risk,Low Risk,NORMAL,897.76,1052.238348283175,154.4783482831749,86,3,897.76,2,3,3,2.7,23
13663.0,4.37848541623716,Regular,Hibernating,High Risk,MEDIUM,189.47,280.6871547143969,91.21715471439691,179,1,189.47,2,1,1,1.2999999999999998,21
13666.0,15.384355428976988,Regular,Need_Attention,Low Risk,NORMAL,84.65,-371.9883993899774,-456.6383993899774,60,3,84.65,3,3,1,2.2,33
13667.0,9.633064511336752,Regular,Hibernating,High Risk,MEDIUM,305.0199999999999,961.2981432384547,656.2781432384547,149,1,305.0199999999999,2,1,2,1.7,21
13668.0,55.232492544977745,High-Value,Champions,Low Risk,HIGH,6363.59,12589.387685832744,6225.797685832744,3,21,6363.59,5,5,5,5.0,55
13669.0,11.717297479039289,Regular,About_to_Sleep,Low Risk,NORMAL,218.55,-150.24485575363042,-368.79485575363043,51,2,218.55,3,2,1,1.9,32
13670.0,9.553725960381017,Regular,Hibernating,Medium Risk,NORMAL,349.7,749.1884663895987,399.4884663895987,75,1,349.7,2,1,2,1.7,21
13672.0,4.348057831378832,Regular,Hibernating,Medium Risk,NORMAL,186.39,199.3397502830744,12.949750283074422,301,2,186.39,1,2,1,1.2999999999999998,12
13673.0,20.788369935368504,Regular,Potential_Loyalists,Low Risk,NORMAL,396.92,708.1345088386875,311.21450883868744,19,2,396.92,4,2,2,2.6,42
13675.0,13.292617463211066,Regular,Hibernating,Medium Risk,NORMAL,486.8200000000001,719.490170711,232.6701707109999,151,2,486.8200000000001,2,2,2,2.0,22
13678.0,4.3495375665641225,Regular,Hibernating,High Risk,MEDIUM,232.6,203.29578613440867,-29.304213865591322,152,1,232.6,2,1,1,1.2999999999999998,21
13680.0,47.76275646627932,High-Value,Champions,Low Risk,HIGH,3722.42,2644.764194335292,-1077.6558056647082,1,4,3722.42,5,4,5,4.7,54
13681.0,33.388858498728794,Regular,Loyal_Customers,Low Risk,NORMAL,827.83,976.7882269189356,148.95822691893557,18,4,827.83,4,4,3,3.6,44
13682.0,0.5684249104904368,Regular,Hibernating,High Risk,MEDIUM,59.5,120.11686055280097,60.61686055280097,187,1,59.5,1,1,1,1.0,11
13684.0,0.6745670259582421,Regular,Hibernating,High Risk,MEDIUM,67.23,403.8852120127574,336.6552120127574,286,1,67.23,1,1,1,1.0,11
13685.0,51.89858230900665,High-Value,Champions,Low Risk,HIGH,3119.44,3676.2601548109506,556.8201548109505,3,7,3119.44,5,5,5,5.0,55
13686.0,0.5641363401685052,Regular,Hibernating,High Risk,MEDIUM,72.0,108.65147261502511,36.651472615025114,183,1,72.0,1,1,1,1.0,11
13689.0,18.64624126831989,Regular,About_to_Sleep,Medium Risk,NORMAL,910.0,1664.8947706707966,754.8947706707966,63,1,910.0,3,1,3,2.4000000000000004,31
13690.0,8.068465952969806,Regular,About_to_Sleep,Medium Risk,NORMAL,172.25,120.22658661826449,-52.02341338173551,59,1,172.25,3,1,1,1.6,31
13692.0,35.0256982025929,Regular,Potential_Loyalists,Low Risk,NORMAL,1488.32,2010.9947203637646,522.6747203637647,25,3,1488.32,4,3,4,3.7,43
13694.0,62.13952160492691,High-Value,Champions,Low Risk,HIGH,65039.62,31055.16106136233,-33984.458938637676,4,50,65039.62,5,5,5,5.0,55
13695.0,50.015056218281636,High-Value,Loyal_Customers,Low Risk,HIGH,2504.13,8666.232532350688,6162.102532350688,31,15,2504.13,4,5,5,4.7,45
13697.0,8.047023101360148,Regular,About_to_Sleep,Medium Risk,NORMAL,151.3,62.89964692938452,-88.4003530706155,39,1,151.3,3,1,1,1.6,31
13699.0,9.639497366819649,Regular,Hibernating,High Risk,MEDIUM,308.58,978.4962251451191,669.9162251451191,155,1,308.58,2,1,2,1.7,21
13700.0,48.819013278246686,High-Value,Loyal_Customers,Low Risk,HIGH,2265.12,5468.640964920685,3203.5209649206854,26,10,2265.12,4,5,5,4.7,45
13703.0,0.7088755885336945,Regular,Hibernating,High Risk,MEDIUM,99.5,495.6083155149656,396.1083155149656,318,1,99.5,1,1,1,1.0,11
13704.0,52.37699948502063,High-Value,Champions,Low Risk,HIGH,2308.0600000000004,4955.296781782952,2647.2367817829518,5,9,2308.0600000000004,5,5,5,5.0,55
13705.0,33.5393660526012,Regular,Potential_Loyalists,Low Risk,NORMAL,711.86,1379.1664936079867,667.3064936079867,8,3,711.86,5,3,3,3.6,53
13706.0,5.979536822340526,Regular,Hibernating,High Risk,MEDIUM,330.79,1219.2145088056834,888.4245088056834,303,1,330.79,1,1,2,1.4,11
13707.0,14.885091728670568,Regular,Hibernating,Medium Risk,NORMAL,806.41,1635.0867489267346,828.6767489267346,267,2,806.41,1,2,3,2.1,12
13708.0,5.945228259765074,Regular,Hibernating,High Risk,MEDIUM,296.88,1127.4914053034752,830.6114053034752,271,1,296.88,1,1,2,1.4,11
13709.0,53.32847312414617,High-Value,Champions,Low Risk,HIGH,6328.05,7499.038300804736,1170.9883008047354,4,13,6328.05,5,5,5,5.0,55
13710.0,11.858155749687354,Regular,Promising,Medium Risk,NORMAL,180.48,226.3362880754246,45.8562880754246,32,1,180.48,4,1,1,1.9,41
13711.0,9.546885512293313,Regular,Hibernating,Medium Risk,NORMAL,252.06000000000003,730.9006956160442,478.8406956160442,219,2,252.06000000000003,1,2,2,1.7,12
13712.0,0.6327534653194096,Regular,Hibernating,High Risk,MEDIUM,228.84,292.0976796194411,63.25767961944112,247,1,228.84,1,1,1,1.0,11
13715.0,27.739798876164606,Regular,At_Risk,Medium Risk,NORMAL,1079.34,2583.3876382751996,1504.0476382751997,281,5,1079.34,1,4,4,3.1,14
13716.0,0.6563406020900332,Regular,Hibernating,High Risk,MEDIUM,138.28,355.15731327720937,216.87731327720937,269,1,138.28,1,1,1,1.0,11
13717.0,42.58615697950949,Regular,Loyal_Customers,Low Risk,NORMAL,1445.0100000000002,2172.6297827637436,727.6197827637434,32,6,1445.0100000000002,4,5,4,4.300000000000001,45
13718.0,9.575833361966351,Regular,Hibernating,Medium Risk,NORMAL,306.55,808.2920641960325,501.74206419603246,246,2,306.55,1,2,2,1.7,12
13719.0,38.910521888927924,Regular,Loyal_Customers,Low Risk,NORMAL,1041.68,2371.442550524539,1329.762550524539,15,5,1041.68,4,4,4,4.0,44
13720.0,25.857725321415423,Regular,At_Risk,Medium Risk,NORMAL,799.9,893.5544383045958,93.65443830459583,117,4,799.9,2,4,3,3.0,24
13721.0,18.617293418646852,Regular,About_to_Sleep,Medium Risk,NORMAL,524.1400000000001,1587.5034020908085,1063.3634020908084,36,1,524.1400000000001,3,1,3,2.4000000000000004,31
13722.0,32.78988553843747,High-Value,At_Risk,Medium Risk,HIGH,2375.41,2717.2931056823554,341.88310568235556,132,3,2375.41,2,3,5,3.5,23
13723.0,0.6005891879049232,Regular,Hibernating,High Risk,MEDIUM,199.85,206.10727008612116,6.257270086121167,217,1,199.85,1,1,1,1.0,11
13725.0,39.2630907904206,Regular,Loyal_Customers,Low Risk,NORMAL,1980.56,3314.026891449701,1333.466891449701,50,8,1980.56,3,5,4,4.0,35
13726.0,27.564661885615724,Regular,About_to_Sleep,Low Risk,NORMAL,1079.66,2115.163174605176,1035.5031746051761,39,2,1079.66,3,2,4,3.1,32
13727.0,20.799091361173332,Regular,Potential_Loyalists,Low Risk,NORMAL,333.48,736.7979786831274,403.3179786831274,29,2,333.48,4,2,2,2.6,42
13728.0,38.772880046021314,Regular,Loyal_Customers,Low Risk,NORMAL,1016.14,2003.4604476488155,987.3204476488155,37,6,1016.14,3,5,4,4.0,35
13730.0,18.5632786970179,Regular,Hibernating,Medium Risk,NORMAL,752.6,1443.0963640017178,690.4963640017178,136,2,752.6,2,2,3,2.4000000000000004,22
13731.0,14.833628884807391,Regular,Hibernating,Medium Risk,NORMAL,610.59,1497.5020936734225,886.9120936734224,219,2,610.59,1,2,3,2.1,12
13732.0,22.42735392439358,Regular,Promising,Medium Risk,NORMAL,491.86000000000007,1748.0736962524045,1256.2136962524044,28,1,491.86000000000007,4,1,3,2.7,41
13735.0,43.96985024182033,High-Value,Loyal_Customers,Low Risk,HIGH,2885.24,2530.0554519248,-355.1845480751999,25,4,2885.24,4,4,5,4.4,44
13736.0,29.87874095814641,Regular,Potential_Loyalists,Low Risk,NORMAL,731.8999999999999,1618.1081191509977,886.2081191509978,5,2,731.8999999999999,5,2,3,3.3000000000000003,52
13737.0,5.869106136550789,Regular,Hibernating,High Risk,MEDIUM,339.6,923.9807694079511,584.3807694079511,200,1,339.6,1,1,2,1.4,11
13739.0,11.843145753560595,Regular,Promising,Medium Risk,NORMAL,216.9,186.20743029320852,-30.692569706791488,18,1,216.9,4,1,1,1.9,41
13740.0,5.913063982350587,Regular,Hibernating,High Risk,MEDIUM,350.75,1041.5009957701552,690.7509957701552,241,1,350.75,1,1,2,1.4,11
13741.0,25.97070788497093,Regular,Need_Attention,Low Risk,NORMAL,668.4300000000001,1195.6105605381065,527.1805605381064,72,3,668.4300000000001,3,3,3,3.0,33
13742.0,49.285636885875356,High-Value,Loyal_Customers,Low Risk,HIGH,3131.0199999999995,6716.147775063802,3585.127775063803,17,12,3131.0199999999995,4,5,5,4.7,45
13743.0,46.61183893649257,Regular,Champions,Low Risk,NORMAL,1341.6,2909.6587567535726,1568.0587567535727,3,7,1341.6,5,5,4,4.6,55
13744.0,23.80606422373217,Regular,Hibernating,Medium Risk,NORMAL,1156.36,2092.177535696892,935.817535696892,95,2,1156.36,2,2,4,2.8,22
13745.0,9.64700236488303,Regular,Hibernating,High Risk,MEDIUM,300.04,998.5606540362271,698.5206540362271,162,1,300.04,2,1,2,1.7,21
13747.0,0.7689155730407358,Regular,Hibernating,High Risk,MEDIUM,79.6,656.1237466438295,576.5237466438294,374,1,79.6,1,1,1,1.0,11
13748.0,31.360090145165863,Regular,At_Risk,Medium Risk,NORMAL,948.25,2236.614516190207,1288.3645161902068,96,5,948.25,2,4,4,3.4,24
13750.0,35.13369780317617,Regular,Loyal_Customers,Low Risk,NORMAL,1647.26,2299.7290128807063,652.4690128807063,54,5,1647.26,3,4,4,3.7,34
13751.0,5.963454683633282,Regular,Hibernating,High Risk,MEDIUM,296.25,1176.2193040390237,879.9693040390237,288,1,296.25,1,1,2,1.4,11
13752.0,35.047518804132736,Regular,Cant_Loose,Medium Risk,NORMAL,1186.28,2069.331565258296,883.051565258296,124,6,1186.28,2,5,4,3.7,25
13753.0,11.250198056147363,Regular,Hibernating,High Risk,MEDIUM,741.26,1942.8207020964016,1201.5607020964017,288,1,741.26,1,1,3,1.8000000000000005,11
13754.0,13.293689605791549,Regular,Hibernating,Medium Risk,NORMAL,282.6,722.3565176954442,439.75651769544413,152,2,282.6,2,2,2,2.0,22
13755.0,52.37592734244015,High-Value,Champions,Low Risk,HIGH,2161.35,4952.430434798508,2791.080434798508,4,9,2161.35,5,5,5,5.0,55
13756.0,53.56446528441172,High-Value,Champions,Low Risk,HIGH,5189.52,8129.957573337404,2940.4375733374036,2,14,5189.52,5,5,5,5.0,55
13758.0,51.908231592231,High-Value,Champions,Low Risk,HIGH,3190.55,3702.057277670947,511.5072776709467,12,7,3190.55,5,5,5,5.0,55
13759.0,26.09012330400934,Regular,Potential_Loyalists,Low Risk,NORMAL,659.41,1514.8647646782817,855.4547646782818,33,2,659.41,4,2,3,3.0,42
13760.0,17.007257279294812,Regular,About_to_Sleep,Low Risk,NORMAL,286.79,624.9555832570798,338.16558325707973,54,2,286.79,3,2,2,2.3,32
13761.0,27.576455454001035,Regular,About_to_Sleep,Low Risk,NORMAL,1070.65,2146.69299143406,1076.0429914340598,50,2,1070.65,3,2,4,3.1,32
13762.0,5.8894768455799635,Regular,Hibernating,High Risk,MEDIUM,306.72,978.4413621123874,671.7213621123874,219,1,306.72,1,1,2,1.4,11
13763.0,23.932984640833958,Regular,About_to_Sleep,Medium Risk,NORMAL,1714.9599999999998,2431.496168728175,716.536168728175,63,1,1714.9599999999998,3,1,4,2.8,31
13764.0,31.256379114904522,Regular,Need_Attention,Low Risk,NORMAL,1521.7600000000002,1959.3456116110408,437.5856116110406,71,3,1521.7600000000002,3,3,4,3.4,33
13767.0,59.04160352922136,High-Value,Champions,Low Risk,HIGH,17220.36,22772.95280287321,5552.592802873209,2,37,17220.36,5,5,5,5.0,55
13769.0,52.61191950270569,High-Value,Champions,Low Risk,HIGH,2796.51,5583.349707331176,2786.839707331176,2,10,2796.51,5,5,5,5.0,55
13771.0,40.19302615606856,High-Value,Loyal_Customers,Low Risk,HIGH,2634.45,2458.341914280968,-176.1080857190318,64,4,2634.45,3,4,5,4.1,34
13772.0,31.216709839426656,Regular,Need_Attention,Low Risk,NORMAL,1132.13,1853.2907731866128,721.1607731866127,34,3,1132.13,3,3,4,3.4,33
13774.0,9.561230958444398,Regular,Hibernating,Medium Risk,NORMAL,345.0,769.2528952807068,424.25289528070675,82,1,345.0,2,1,2,1.7,21
13777.0,58.08798560493486,High-Value,Champions,Low Risk,HIGH,25977.160000000003,20223.47858988254,-5753.681410117464,1,33,25977.160000000003,5,5,5,5.0,55
13778.0,4.297002580120461,Regular,Hibernating,High Risk,MEDIUM,178.7,62.84478389665264,-115.85521610334735,103,1,178.7,2,1,1,1.2999999999999998,21
13780.0,24.5941418707933,Regular,Potential_Loyalists,Low Risk,NORMAL,360.01000000000005,857.2394150625075,497.2294150625075,7,2,360.01000000000005,5,2,2,2.9000000000000004,52
13781.0,0.6370420356413412,Regular,Hibernating,High Risk,MEDIUM,127.84,303.5630675572172,175.7230675572172,251,1,127.84,1,1,1,1.0,11
13782.0,41.09768054435682,Regular,Champions,Low Risk,NORMAL,912.0,1535.0688620390772,623.0688620390772,13,6,912.0,5,5,3,4.2,55
13784.0,52.85863308877606,High-Value,Champions,Low Risk,HIGH,2462.7899999999995,6242.932449708285,3780.1424497082858,10,11,2462.7899999999995,5,5,5,5.0,55
13786.0,0.7614105749773556,Regular,Hibernating,High Risk,MEDIUM,230.4,636.0593177527214,405.65931775272145,367,1,230.4,1,1,1,1.0,11
13787.0,13.21220676967485,Regular,Hibernating,Low Risk,NORMAL,309.04,504.5141468776999,195.47414687769987,76,2,309.04,2,2,2,2.0,22
13790.0,20.9335167763385,Regular,New_Customers,Medium Risk,NORMAL,348.79999999999995,1096.181040605518,747.3810406055181,4,1,348.79999999999995,5,1,2,2.6,51
13791.0,23.841444928888105,Regular,Hibernating,Medium Risk,NORMAL,1516.0,2186.766986183544,670.7669861835438,128,2,1516.0,2,2,4,2.8,22
13792.0,11.733379617746532,Regular,About_to_Sleep,Low Risk,NORMAL,195.54999999999995,-107.24965098697044,-302.7996509869704,66,2,195.54999999999995,3,2,1,1.9,32
13798.0,63.803260295171015,High-Value,Champions,Low Risk,HIGH,37153.85,35503.125785919896,-1650.7242140801027,1,57,37153.85,5,5,5,5.0,55
13799.0,18.542907987988727,Regular,Hibernating,Medium Risk,NORMAL,688.8600000000001,1388.635771297282,699.7757712972818,117,2,688.8600000000001,2,2,3,2.4000000000000004,22
13800.0,11.273785192917988,Regular,Hibernating,High Risk,MEDIUM,558.32,2005.88033575417,1447.56033575417,310,1,558.32,1,1,3,1.8000000000000005,11
13801.0,13.363786466127744,Regular,About_to_Sleep,Medium Risk,NORMAL,324.79999999999995,909.7587605511947,584.9587605511947,67,1,324.79999999999995,3,1,2,2.0,31
13802.0,32.79739053650085,High-Value,At_Risk,Medium Risk,HIGH,4599.42,2737.3575345734635,-1862.0624654265366,139,3,4599.42,2,3,5,3.5,23
13803.0,5.9280739784773475,Regular,Hibernating,High Risk,MEDIUM,277.07000000000005,1081.6298535523713,804.5598535523712,255,1,277.07000000000005,1,1,2,1.4,11
13804.0,48.109964654869586,High-Value,Loyal_Customers,Low Risk,HIGH,2635.79,3573.016800338235,937.2268003382351,31,7,2635.79,4,5,5,4.7,45
13805.0,22.291856366647927,Regular,About_to_Sleep,Low Risk,NORMAL,924.6,1385.82428734557,461.2242873455699,52,2,924.6,3,2,3,2.7,32
13806.0,13.360570038386296,Regular,About_to_Sleep,Medium Risk,NORMAL,256.38,901.1597195978627,644.7797195978627,64,1,256.38,3,1,2,2.0,31
13807.0,0.7614105749773556,Regular,Hibernating,High Risk,MEDIUM,112.6,636.0593177527214,523.4593177527214,367,1,112.6,1,1,1,1.0,11
13808.0,42.719510252094175,Regular,Champions,Low Risk,NORMAL,1747.6600000000003,2529.1464977016904,781.48649770169,6,5,1747.6600000000003,5,4,4,4.300000000000001,54
13809.0,0.6949377349874168,Regular,Hibernating,High Risk,MEDIUM,155.05,458.34580471719323,303.2958047171932,305,1,155.05,1,1,1,1.0,11
13810.0,35.02998677291483,Regular,Potential_Loyalists,Low Risk,NORMAL,1499.0100000000002,2022.4601083015407,523.4501083015405,29,3,1499.0100000000002,4,3,4,3.7,43
13811.0,18.45351256120384,Regular,At_Risk,Medium Risk,NORMAL,814.5,1149.6392827215388,335.13928272153885,184,3,814.5,1,3,3,2.4000000000000004,13
13812.0,25.938543607556444,Regular,Need_Attention,Low Risk,NORMAL,539.0,1109.6201510047865,570.6201510047865,42,3,539.0,3,3,3,3.0,33
13813.0,34.880551361622906,Regular,Loyal_Customers,Low Risk,NORMAL,1366.86,1622.9481885969337,256.08818859693383,40,4,1366.86,3,4,4,3.7,34
13814.0,23.802847795990722,Regular,Hibernating,Medium Risk,NORMAL,1579.12,2083.5784947435604,504.45849474356055,92,2,1579.12,2,2,4,2.8,22
13815.0,43.96663381407888,High-Value,Loyal_Customers,Low Risk,HIGH,4027.36,2521.4564109714684,-1505.9035890285318,22,4,4027.36,4,4,5,4.4,44
13816.0,26.080474020784994,Regular,Potential_Loyalists,Low Risk,NORMAL,571.6700000000001,1489.0676418182854,917.3976418182854,24,2,571.6700000000001,4,2,3,3.0,42
13817.0,20.799091361173332,Regular,Potential_Loyalists,Low Risk,NORMAL,382.98,736.7979786831274,353.8179786831274,29,2,382.98,4,2,2,2.6,42
13819.0,23.86676875821489,Regular,At_Risk,Medium Risk,NORMAL,1140.35,2254.46962494331,1114.11962494331,302,3,1140.35,1,3,4,2.8,13
13821.0,13.286184607728169,Regular,Hibernating,Medium Risk,NORMAL,385.64,702.2920888043361,316.65208880433613,145,2,385.64,2,2,2,2.0,22
13822.0,29.879813100726892,Regular,Potential_Loyalists,Low Risk,NORMAL,632.0,1620.9744661354414,988.9744661354414,6,2,632.0,5,2,3,3.3000000000000003,52
13823.0,31.361856680396652,Regular,Potential_Loyalists,Low Risk,NORMAL,957.66,2241.337304953444,1283.677304953444,19,2,957.66,4,2,4,3.4,42
13824.0,38.92982045537662,Regular,Loyal_Customers,Low Risk,NORMAL,1698.94,2423.0367962445307,724.0967962445307,33,5,1698.94,4,4,4,4.0,44
13826.0,4.375268988495711,Regular,Hibernating,High Risk,MEDIUM,189.5,272.08811376106473,82.58811376106473,176,1,189.5,2,1,1,1.2999999999999998,21
13827.0,20.668954516330096,Regular,Need_Attention,Low Risk,NORMAL,412.05,388.88030469851265,-23.169695301487366,58,3,412.05,3,3,2,2.6,33
13828.0,11.847434323882526,Regular,Promising,Medium Risk,NORMAL,209.49000000000004,197.67281823098438,-11.817181769015662,22,1,209.49000000000004,4,1,1,1.9,41
13831.0,47.85574607073583,High-Value,Loyal_Customers,Low Risk,HIGH,2202.99,2893.369629070018,690.3796290700184,16,6,2202.99,4,5,5,4.7,45
13832.0,11.844217896141076,Regular,Promising,Medium Risk,NORMAL,52.2,189.07377727765243,136.87377727765244,19,1,52.2,4,1,1,1.9,41
13833.0,9.64378593714158,Regular,Hibernating,High Risk,MEDIUM,384.7999999999999,989.9616130828952,605.1616130828952,159,1,384.7999999999999,2,1,2,1.7,21
13835.0,33.396363496792176,Regular,Loyal_Customers,Low Risk,NORMAL,834.57,996.8526558100436,162.2826558100436,25,4,834.57,4,4,3,3.6,44
13837.0,9.539380514229933,Regular,Hibernating,Medium Risk,NORMAL,271.24,710.8362667249362,439.5962667249362,212,2,271.24,1,2,2,1.7,12
13838.0,37.19463043415359,Regular,Champions,Low Risk,NORMAL,691.7299999999999,1125.8931331427555,434.16313314275556,6,4,691.7299999999999,5,4,3,3.9,54
13841.0,0.639186320802307,Regular,Hibernating,High Risk,MEDIUM,85.0,309.295761526105,224.29576152610503,253,1,85.0,1,1,1,1.0,11
13842.0,44.79761989158553,High-Value,Loyal_Customers,Low Risk,HIGH,3385.6200000000003,4743.077378868632,1357.4573788686316,59,9,3385.6200000000003,3,5,5,4.4,35
13844.0,20.94102177440188,Regular,New_Customers,Medium Risk,NORMAL,361.62,1116.2454694966261,754.6254694966261,11,1,361.62,5,1,2,2.6,51
13845.0,13.361642180966777,Regular,About_to_Sleep,Medium Risk,NORMAL,312.98,904.0260665823068,591.0460665823068,65,1,312.98,3,1,2,2.0,31
13846.0,29.73895483007882,Regular,Potential_Loyalists,Low Risk,NORMAL,865.0600000000002,1244.3933223063866,379.33332230638644,25,3,865.0600000000002,4,3,3,3.3,43
13848.0,27.460256462704077,Regular,At_Risk,Medium Risk,NORMAL,1255.0,1836.0378282472172,581.0378282472172,92,3,1255.0,2,3,4,3.1,23
13849.0,27.578599739162,Regular,About_to_Sleep,Low Risk,NORMAL,1537.95,2152.425685402948,614.4756854029481,52,2,1537.95,3,2,4,3.1,32
13850.0,20.185108404755244,Regular,Hibernating,High Risk,MEDIUM,1595.4800000000002,2437.173999664332,841.6939996643316,129,1,1595.4800000000002,2,1,4,2.5,21
13851.0,32.75128840554008,High-Value,At_Risk,Medium Risk,HIGH,2651.46,2614.104614242371,-37.35538575762894,96,3,2651.46,2,3,5,3.5,23
13853.0,23.926551785351062,Regular,About_to_Sleep,Medium Risk,NORMAL,1090.14,2414.298086821511,1324.1580868215108,57,1,1090.14,3,1,4,2.8,31
13854.0,56.191471182166666,High-Value,Champions,Low Risk,HIGH,8109.52,15153.193633745634,7043.673633745633,9,25,8109.52,5,5,5,5.0,55
13856.0,16.969324696373103,Regular,At_Risk,Medium Risk,NORMAL,388.5,523.5437499346492,135.0437499346492,169,3,388.5,2,3,2,2.3,23
13858.0,8.06632166780884,Regular,About_to_Sleep,Medium Risk,NORMAL,216.17,114.49389264937668,-101.67610735062331,57,1,216.17,3,1,1,1.6,31
13859.0,0.7174527291775574,Regular,Hibernating,High Risk,MEDIUM,201.16,518.5390913905173,317.3790913905174,326,1,201.16,1,1,1,1.0,11
13860.0,42.71414953919176,Regular,Champions,Low Risk,NORMAL,1245.9,2514.8147627794706,1268.9147627794705,1,5,1245.9,5,4,4,4.300000000000001,54
13862.0,48.33416324674981,High-Value,Loyal_Customers,Low Risk,HIGH,2209.36,4172.406256042019,1963.0462560420187,18,8,2209.36,4,5,5,4.7,45
13863.0,5.920568980413967,Regular,Hibernating,High Risk,MEDIUM,305.78,1061.5654246612633,755.7854246612633,248,1,305.78,1,1,2,1.4,11
13865.0,29.613106555557515,Regular,Loyal_Customers,Low Risk,NORMAL,501.56,907.9410362595479,406.3810362595479,58,4,501.56,3,4,3,3.3,34
13866.0,4.265910445286457,Regular,Hibernating,Medium Risk,NORMAL,145.67,-20.27927865222341,-165.9492786522234,74,1,145.67,2,1,1,1.2999999999999998,21
13867.0,35.0321310580758,Regular,Potential_Loyalists,Low Risk,NORMAL,1015.29,2028.1928022704285,1012.9028022704285,31,3,1015.29,4,3,4,3.7,43
13868.0,40.45437198833552,High-Value,Potential_Loyalists,Low Risk,HIGH,3192.54,3157.0436092346426,-35.49639076535732,7,2,3192.54,5,2,5,4.1,52
13869.0,36.43764492192647,High-Value,At_Risk,Medium Risk,HIGH,3104.95,2443.955316326016,-660.9946836739837,123,4,3104.95,2,4,5,3.8,24
13870.0,52.13564661185268,High-Value,Champions,Low Risk,HIGH,2770.94,4310.045774328063,1539.105774328063,2,8,2770.94,5,5,5,5.0,55
13871.0,49.53020618678476,High-Value,Loyal_Customers,Low Risk,HIGH,6403.25,7369.997823472022,966.747823472022,23,13,6403.25,4,5,5,4.7,45
13873.0,16.916789709929443,Regular,At_Risk,Medium Risk,NORMAL,389.6,383.09274769689296,-6.507252303107066,120,3,389.6,2,3,2,2.3,23
13874.0,11.325248036781165,Regular,Hibernating,High Risk,MEDIUM,540.45,2143.4649910074822,1603.0149910074822,358,1,540.45,1,1,3,1.8000000000000005,11
13875.0,35.13369780317617,Regular,Loyal_Customers,Low Risk,NORMAL,1786.79,2299.7290128807063,512.9390128807063,54,5,1786.79,3,4,4,3.7,34
13876.0,8.07382666587222,Regular,About_to_Sleep,Medium Risk,NORMAL,122.7,134.55832154048449,11.858321540484482,64,1,122.7,3,1,1,1.6,31
13877.0,4.278776156252253,Regular,Hibernating,Medium Risk,NORMAL,117.24,14.11688516110462,-103.12311483889538,86,1,117.24,2,1,1,1.2999999999999998,21
13878.0,23.924407500190096,Regular,About_to_Sleep,Medium Risk,NORMAL,1281.53,2408.5653928526226,1127.0353928526226,55,1,1281.53,3,1,4,2.8,31
13880.0,49.52806190162379,High-Value,Loyal_Customers,Low Risk,HIGH,3219.7700000000004,7364.2651295031355,4144.495129503135,21,13,3219.7700000000004,4,5,5,4.7,45
13881.0,54.99542824213172,High-Value,Champions,Low Risk,HIGH,17159.52,11955.60206631563,-5203.91793368437,4,20,17159.52,5,5,5,5.0,55
13882.0,42.716293824352725,Regular,Champions,Low Risk,NORMAL,1191.13,2520.547456748359,1329.4174567483587,3,5,1191.13,5,4,4,4.300000000000001,54
13883.0,48.01161433751066,High-Value,Champions,Low Risk,HIGH,2674.48,3310.079630681289,635.599630681289,11,5,2674.48,5,4,5,4.7,54
13884.0,37.433839022160576,Regular,Champions,Low Risk,NORMAL,787.6000000000001,1765.4114466287563,977.8114466287561,7,5,787.6000000000001,5,4,3,3.9,54
13885.0,14.801464607392903,Regular,Hibernating,Medium Risk,NORMAL,506.8,1411.511684140102,904.7116841401021,189,2,506.8,1,2,3,2.1,12
13886.0,8.0813316639356,Regular,About_to_Sleep,Medium Risk,NORMAL,243.56,154.62275043159252,-88.93724956840748,71,1,243.56,3,1,1,1.6,31
13887.0,5.87339470687272,Regular,Hibernating,High Risk,MEDIUM,349.54999999999995,935.4461573457272,585.8961573457273,204,1,349.54999999999995,1,1,2,1.4,11
13888.0,18.546124415730176,Regular,Hibernating,Medium Risk,NORMAL,605.63,1397.2348122506135,791.6048122506135,120,2,605.63,2,2,3,2.4000000000000004,22
13889.0,9.573024526829709,Regular,Hibernating,High Risk,MEDIUM,416.9,800.7827121095909,383.8827121095909,93,1,416.9,2,1,2,1.7,21
13890.0,47.324103987611124,Regular,Champions,Low Risk,NORMAL,1883.8100000000004,4813.881962289354,2930.071962289354,1,10,1883.8100000000004,5,5,4,4.6,55
13892.0,33.39850778195314,Regular,Loyal_Customers,Low Risk,NORMAL,632.97,1002.5853497789315,369.61534977893143,27,4,632.97,4,4,3,3.6,44
13893.0,11.260919481952193,Regular,Hibernating,High Risk,MEDIUM,821.1000000000001,1971.4841719408416,1150.3841719408415,298,1,821.1000000000001,1,1,3,1.8000000000000005,11
13894.0,29.737882687498338,Regular,Potential_Loyalists,Low Risk,NORMAL,564.6200000000001,1241.5269753219425,676.9069753219424,24,3,564.6200000000001,4,3,3,3.3,43
13895.0,43.97306666956178,High-Value,Loyal_Customers,Low Risk,HIGH,2593.07,2538.6544928781323,-54.415507121867904,28,4,2593.07,4,4,5,4.4,44
13897.0,13.345560042259535,Regular,About_to_Sleep,Medium Risk,NORMAL,311.16,861.0308618156466,549.8708618156465,50,1,311.16,3,1,2,2.0,31
13898.0,0.7174527291775574,Regular,Hibernating,High Risk,MEDIUM,155.93,518.5390913905173,362.60909139051734,326,1,155.93,1,1,1,1.0,11
13899.0,20.785153507627054,Regular,Potential_Loyalists,Low Risk,NORMAL,388.52,699.5354678853553,311.0154678853553,16,2,388.52,4,2,2,2.6,42
13900.0,18.452440418623357,Regular,At_Risk,Medium Risk,NORMAL,740.9499999999999,1146.7729357370952,405.82293573709524,183,3,740.9499999999999,1,3,3,2.4000000000000004,13
13901.0,40.43973974213893,High-Value,Loyal_Customers,Low Risk,HIGH,2867.2,3117.924656658077,250.72465665807704,72,5,2867.2,3,4,5,4.1,34
13904.0,16.989030855426602,Regular,About_to_Sleep,Low Risk,NORMAL,332.64000000000004,576.2276845215317,243.58768452153168,37,2,332.64000000000004,3,2,2,2.3,32
13908.0,36.3915427909657,High-Value,At_Risk,Low Risk,HIGH,2369.55,2320.702395994924,-48.84760400507639,80,4,2369.55,2,4,5,3.8,24
13911.0,44.79547560642457,High-Value,Loyal_Customers,Low Risk,HIGH,2580.91,4737.344684899745,2156.4346848997448,57,9,2580.91,3,5,5,4.4,35
13914.0,29.88624595620979,Regular,Potential_Loyalists,Low Risk,NORMAL,626.45,1638.1725480421057,1011.7225480421057,12,2,626.45,5,2,3,3.3000000000000003,52
13917.0,17.00296870897288,Regular,About_to_Sleep,Low Risk,NORMAL,272.04,613.4901953193037,341.45019531930365,50,2,272.04,3,2,2,2.3,32
13918.0,27.576455454001035,Regular,About_to_Sleep,Low Risk,NORMAL,1212.8400000000004,2146.69299143406,933.8529914340595,50,2,1212.8400000000004,3,2,4,3.1,32
13919.0,17.012617992197224,Regular,About_to_Sleep,Low Risk,NORMAL,384.81000000000006,639.2873181792997,254.4773181792997,59,2,384.81000000000006,3,2,2,2.3,32
13922.0,0.7453284362701125,Regular,Hibernating,High Risk,MEDIUM,172.24999999999997,593.0641129860617,420.8141129860617,352,1,172.24999999999997,1,1,1,1.0,11
13923.0,13.349848612581466,Regular,About_to_Sleep,Medium Risk,NORMAL,351.13000000000005,872.4962497534227,521.3662497534226,54,1,351.13000000000005,3,1,2,2.0,31
13924.0,46.37263034848558,Regular,Champions,Low Risk,NORMAL,1838.85,2270.1404432675718,431.29044326757185,2,6,1838.85,5,5,4,4.6,55
13925.0,25.83199389948383,Regular,At_Risk,Medium Risk,NORMAL,678.25,824.7621106779397,146.51211067793975,93,4,678.25,2,4,3,3.0,24
13926.0,11.848506466463009,Regular,Promising,Medium Risk,NORMAL,223.85,200.53916521542828,-23.31083478457171,23,1,223.85,4,1,1,1.9,41
13927.0,9.553725960381017,Regular,Hibernating,Medium Risk,NORMAL,348.99000000000007,749.1884663895987,400.19846638959865,75,1,348.99000000000007,2,1,2,1.7,21
13928.0,31.913247774541926,Regular,Champions,Low Risk,NORMAL,464.57,373.62347000759746,-90.94652999240253,11,4,464.57,5,4,2,3.5,54
13929.0,18.598659402173837,Regular,Hibernating,Medium Risk,NORMAL,842.65,1537.6858144883697,695.0358144883697,169,2,842.65,2,2,3,2.4000000000000004,22
13930.0,17.011545849616745,Regular,About_to_Sleep,Low Risk,NORMAL,337.34,636.4209711948558,299.08097119485586,58,2,337.34,3,2,2,2.3,32
13931.0,23.807136366312655,Regular,Hibernating,Medium Risk,NORMAL,1237.53,2095.043882681336,857.5138826813361,96,2,1237.53,2,2,4,2.8,22
13932.0,5.970959681696662,Regular,Hibernating,High Risk,MEDIUM,307.4,1196.2837329301317,888.8837329301317,295,1,307.4,1,1,2,1.4,11
13933.0,18.534330847344865,Regular,Hibernating,Medium Risk,NORMAL,608.7899999999998,1365.7049954217298,756.9149954217299,109,2,608.7899999999998,2,2,3,2.4000000000000004,22
13934.0,11.224466634215775,Regular,Hibernating,High Risk,MEDIUM,922.1,1874.0283744697456,951.9283744697456,264,1,922.1,1,1,3,1.8000000000000005,11
13936.0,5.847663284941131,Regular,Hibernating,High Risk,MEDIUM,376.5799999999999,866.6538297190712,490.0738297190712,180,1,376.5799999999999,1,1,2,1.4,11
13937.0,4.367763990432332,Regular,Hibernating,High Risk,MEDIUM,158.85,252.02368486995692,93.17368486995693,169,1,158.85,2,1,1,1.2999999999999998,21
13938.0,8.042734531038217,Regular,About_to_Sleep,Medium Risk,NORMAL,71.66,51.43425899160843,-20.225741008391566,35,1,71.66,3,1,1,1.6,31
13939.0,29.736810544917855,Regular,Potential_Loyalists,Low Risk,NORMAL,568.55,1238.6606283374988,670.1106283374988,23,3,568.55,4,3,3,3.3,43
13940.0,33.38778635614831,Regular,Loyal_Customers,Low Risk,NORMAL,839.14,973.9218799344915,134.78187993449149,17,4,839.14,4,4,3,3.6,44
13941.0,44.20477025950539,High-Value,Loyal_Customers,Low Risk,HIGH,5112.96,3158.108377473025,-1954.851622526975,22,5,5112.96,4,4,5,4.4,44
13946.0,22.159575236643725,Regular,At_Risk,Low Risk,NORMAL,561.57,1032.1739193920669,470.6039193920668,79,3,561.57,2,3,3,2.7,23
13947.0,8.074898808452703,Regular,About_to_Sleep,Medium Risk,NORMAL,90.6,137.4246685249284,46.8246685249284,65,1,90.6,3,1,1,1.6,31
13948.0,0.7549777194944584,Regular,Hibernating,High Risk,MEDIUM,102.0,618.8612358460575,516.8612358460575,361,1,102.0,1,1,1,1.0,11
13949.0,51.660445863580144,High-Value,Champions,Low Risk,HIGH,2427.32,3039.608188309394,612.2881883093937,3,6,2427.32,5,5,5,5.0,55
13950.0,37.199991147056004,Regular,Champions,Low Risk,NORMAL,745.0600000000001,1140.2248680649757,395.1648680649756,11,4,745.0600000000001,5,4,3,3.9,54
13951.0,22.263573066950567,Regular,At_Risk,Medium Risk,NORMAL,674.4499999999998,1310.2095768831352,635.7595768831354,176,3,674.4499999999998,2,3,3,2.7,23
13952.0,25.406043487255054,High-Value,Hibernating,Medium Risk,HIGH,3251.071,3027.8385428037345,-223.2324571962654,218,2,3251.071,1,2,5,2.9,12
13953.0,51.90287087932858,High-Value,Champions,Low Risk,HIGH,3515.6799999999994,3687.725542748726,172.0455427487268,7,7,3515.6799999999994,5,5,5,5.0,55
13954.0,28.008053379177728,Regular,Potential_Loyalists,Low Risk,NORMAL,439.92,-41.284952857612325,-481.20495285761234,2,2,439.92,5,3,2,3.2,53
13955.0,16.715106112239354,Regular,At_Risk,Medium Risk,NORMAL,322.96,-156.10342133356767,-479.06342133356765,154,2,322.96,2,3,2,2.3,23
13956.0,42.71843810951369,Regular,Champions,Low Risk,NORMAL,1026.42,2526.280150717246,1499.8601507172461,5,5,1026.42,5,4,4,4.300000000000001,54
13959.0,22.159575236643725,Regular,At_Risk,Low Risk,NORMAL,598.1999999999999,1032.1739193920669,433.97391939206693,79,3,598.1999999999999,2,3,3,2.7,23
13960.0,18.923043069302235,Regular,Potential_Loyalists,Low Risk,NORMAL,230.22,-936.9268282477021,-1167.1468282477022,21,2,230.22,4,3,1,2.5,43
13962.0,18.924115211882718,Regular,Potential_Loyalists,Low Risk,NORMAL,169.55,-934.0604812632582,-1103.6104812632582,22,2,169.55,4,3,1,2.5,43
13963.0,22.243866907897065,Regular,At_Risk,Medium Risk,NORMAL,664.5400000000001,1257.5256422962527,592.9856422962526,308,4,664.5400000000001,1,4,3,2.7,14
13967.0,4.343104711081225,Regular,Hibernating,High Risk,MEDIUM,80.7,186.09770422774477,105.39770422774477,146,1,80.7,2,1,1,1.2999999999999998,21
13969.0,54.522371779020155,High-Value,Champions,Low Risk,HIGH,9053.94,10690.89717426585,1636.95717426585,7,18,9053.94,5,5,5,5.0,55
13971.0,48.33523538933029,High-Value,Loyal_Customers,Low Risk,HIGH,2758.26,4175.272603026464,1417.0126030264637,19,8,2758.26,4,5,5,4.7,45
13972.0,15.158012551935792,Regular,Need_Attention,Low Risk,NORMAL,190.25000000000003,-977.1105490626501,-1167.36054906265,71,2,190.25000000000003,3,3,1,2.2,33
13973.0,5.9623825410528,Regular,Hibernating,High Risk,MEDIUM,264.7,1173.3529570545795,908.6529570545795,287,1,264.7,1,1,2,1.4,11
13974.0,13.344487899679052,Regular,About_to_Sleep,Medium Risk,NORMAL,413.59,858.1645148312027,444.57451483120275,49,1,413.59,3,1,2,2.0,31
13975.0,47.87182820944308,High-Value,Loyal_Customers,Low Risk,HIGH,2526.28,2936.3648338366784,410.0848338366782,31,6,2526.28,4,5,5,4.7,45
13976.0,5.876611134614169,Regular,Hibernating,High Risk,MEDIUM,357.98,944.0451982990592,586.0651982990591,207,1,357.98,1,1,2,1.4,11
13978.0,18.91661021381934,Regular,Potential_Loyalists,Low Risk,NORMAL,196.79,-954.1249101543661,-1150.9149101543662,15,2,196.79,4,3,1,2.5,43
13979.0,14.838325047734129,Regular,Hibernating,Medium Risk,NORMAL,869.8699999999998,1510.057170478089,640.1871704780891,73,1,869.8699999999998,2,1,3,2.1,21
13980.0,8.06953809555029,Regular,About_to_Sleep,Medium Risk,NORMAL,200.14,123.09293360270863,-77.04706639729136,60,1,200.14,3,1,1,1.6,31
13982.0,34.87947921904242,Regular,Loyal_Customers,Low Risk,NORMAL,1871.81,1620.08184161249,-251.7281583875099,39,4,1871.81,3,4,4,3.7,34
13983.0,49.29957473942164,High-Value,Loyal_Customers,Low Risk,HIGH,2603.4300000000003,6753.410285861574,4149.980285861574,30,12,2603.4300000000003,4,5,5,4.7,45
13984.0,33.63664422737965,Regular,Loyal_Customers,Low Risk,NORMAL,920.51,1639.2373162804881,718.7273162804881,27,5,920.51,4,4,3,3.6,44
13985.0,53.80474601499919,High-Value,Champions,Low Risk,HIGH,7060.13,8772.342233807849,1712.2122338078489,4,15,7060.13,5,5,5,5.0,55
13986.0,17.128816983494186,Regular,Promising,Medium Risk,NORMAL,320.46000000000004,949.9424813661424,629.4824813661423,17,1,320.46000000000004,4,1,2,2.3,41
13988.0,47.860034641057766,High-Value,Loyal_Customers,Low Risk,HIGH,4147.96,2904.835017007794,-1243.1249829922062,20,6,4147.96,4,5,5,4.7,45
13989.0,31.012881956575605,Regular,Need_Attention,Low Risk,NORMAL,1266.08,1308.3619101872644,42.28191018726443,66,2,1266.08,3,3,4,3.4,33
13990.0,5.883043990097066,Regular,Hibernating,High Risk,MEDIUM,311.3,961.2432802057231,649.9432802057231,213,1,311.3,1,1,2,1.4,11
13991.0,41.096608401776344,Regular,Champions,Low Risk,NORMAL,855.9700000000001,1532.202515054633,676.2325150546329,12,6,855.9700000000001,5,5,3,4.2,55
13992.0,11.85601146452639,Regular,Promising,Medium Risk,NORMAL,76.8,220.60359410653632,143.8035941065363,30,1,76.8,4,1,1,1.9,41
13993.0,44.78046561029781,High-Value,Loyal_Customers,Low Risk,HIGH,3466.3600000000006,4697.2158271175285,1230.855827117528,43,9,3466.3600000000006,3,5,5,4.4,35
13994.0,51.66151800616063,High-Value,Champions,Low Risk,HIGH,2313.1400000000003,3042.474535293838,729.3345352938377,4,6,2313.1400000000003,5,5,5,5.0,55
13995.0,38.910521888927924,Regular,Loyal_Customers,Low Risk,NORMAL,1393.69,2371.442550524539,977.752550524539,15,5,1393.69,4,4,4,4.0,44
13999.0,53.096769534202565,High-Value,Champions,Low Risk,HIGH,3901.81,6879.584416209842,2977.774416209842,10,12,3901.81,5,5,5,5.0,55
14000.0,11.167643077450181,Regular,Hibernating,High Risk,MEDIUM,635.6600000000001,1722.1119842942132,1086.4519842942132,211,1,635.6600000000001,1,1,3,1.8000000000000005,11
14001.0,31.22957555039245,Regular,Need_Attention,Low Risk,NORMAL,2043.08,1887.686936999941,-155.39306300005887,46,3,2043.08,3,3,4,3.4,33
14002.0,21.98040663314378,Regular,At_Risk,Medium Risk,NORMAL,529.7299999999999,553.1710370349304,23.441037034930446,134,2,529.7299999999999,2,3,3,2.7,23
14004.0,44.3041927194448,High-Value,Loyal_Customers,Low Risk,HIGH,4582.639999999999,3423.9118941144143,-1158.7281058855851,43,7,4582.639999999999,3,5,5,4.4,35
14005.0,48.010542194930174,High-Value,Champions,Low Risk,HIGH,2874.72,3307.213283696845,432.4932836968451,10,5,2874.72,5,4,5,4.7,54
14006.0,27.485987884635666,Regular,At_Risk,Medium Risk,NORMAL,962.19,1904.8301558738733,942.6401558738733,116,3,962.19,2,3,4,3.1,23
14009.0,18.230386111904092,Regular,At_Risk,Medium Risk,NORMAL,695.6099999999999,553.1161740021982,-142.49382599780165,198,2,695.6099999999999,1,3,3,2.4000000000000004,13
14012.0,5.952733257828453,Regular,Hibernating,High Risk,MEDIUM,328.8,1147.5558341945832,818.7558341945833,278,1,328.8,1,1,2,1.4,11
14013.0,16.906068284124615,Regular,At_Risk,Medium Risk,NORMAL,473.02,354.42927785245297,-118.59072214754701,110,3,473.02,2,3,2,2.3,23
14014.0,14.842613618056061,Regular,Hibernating,Medium Risk,NORMAL,505.18,1521.522558415865,1016.3425584158649,77,1,505.18,2,1,3,2.1,21
14015.0,18.635519842515063,Regular,About_to_Sleep,Medium Risk,NORMAL,917.34,1636.2313008263566,718.8913008263565,53,1,917.34,3,1,3,2.4000000000000004,31
14016.0,36.4794584825653,High-Value,At_Risk,Medium Risk,HIGH,4341.21,2555.742848719333,-1785.4671512806672,162,4,4341.21,2,4,5,3.8,24
14019.0,31.230647692972934,Regular,Need_Attention,Low Risk,NORMAL,1421.61,1890.5532839843852,468.9432839843853,47,3,1421.61,3,3,4,3.4,33
14020.0,29.49224124400845,Regular,Potential_Loyalists,Low Risk,NORMAL,642.8000000000001,584.810579929278,-57.989420070722076,17,2,642.8000000000001,4,3,3,3.3,43
14021.0,22.241058072760424,Regular,At_Risk,Medium Risk,NORMAL,631.9000000000001,1250.0162902098111,618.116290209811,155,3,631.9000000000001,2,3,3,2.7,23
14022.0,5.895909701062861,Regular,Hibernating,High Risk,MEDIUM,440.0,995.6394440190513,555.6394440190513,225,1,440.0,1,1,2,1.4,11
14023.0,33.300157464594214,Regular,Potential_Loyalists,Low Risk,NORMAL,584.0699999999999,739.6481801219859,155.57818012198595,7,2,584.0699999999999,5,3,3,3.6,53
14024.0,16.6807975496639,Regular,At_Risk,Medium Risk,NORMAL,327.70000000000005,-247.82652483577567,-575.5265248357757,122,2,327.70000000000005,2,3,2,2.3,23
14027.0,8.070610238130772,Regular,About_to_Sleep,Medium Risk,NORMAL,104.82000000000002,125.95928058715253,21.139280587152513,61,1,104.82000000000002,3,1,1,1.6,31
14029.0,20.436178783806003,Regular,Need_Attention,Low Risk,NORMAL,467.66,-233.43992688082403,-701.0999268808241,63,2,467.66,3,3,2,2.6,33
14030.0,48.33416324674981,High-Value,Loyal_Customers,Low Risk,HIGH,2360.09,4172.406256042019,1812.3162560420187,18,8,2360.09,4,5,5,4.7,45
14031.0,54.76050822444666,High-Value,Champions,Low Risk,HIGH,17286.86,11327.549140767407,-5959.310859232593,7,19,17286.86,5,5,5,5.0,55
14032.0,52.850055948132194,High-Value,Champions,Low Risk,HIGH,2975.59,6220.001673832734,3244.411673832734,2,11,2975.59,5,5,5,5.0,55
14034.0,29.735738402337372,Regular,Potential_Loyalists,Low Risk,NORMAL,651.8199999999999,1235.7942813530547,583.9742813530547,22,3,651.8199999999999,4,3,3,3.3,43
14035.0,38.92553188505469,Regular,Loyal_Customers,Low Risk,NORMAL,1428.0200000000002,2411.571408306755,983.5514083067549,29,5,1428.0200000000002,4,4,4,4.0,44
14036.0,11.246981628405916,Regular,Hibernating,High Risk,MEDIUM,626.65,1934.2216611430697,1307.5716611430698,285,1,626.65,1,1,3,1.8000000000000005,11
14037.0,11.451949876495902,Regular,At_Risk,Medium Risk,NORMAL,147.2,-859.6451857331778,-1006.8451857331777,176,2,147.2,2,3,1,1.9,23
14038.0,27.445246466577316,Regular,At_Risk,Low Risk,NORMAL,1560.3799999999994,1795.9089704650012,235.52897046500175,78,3,1560.3799999999994,2,3,4,3.1,23
14039.0,11.859227892267837,Regular,Promising,Medium Risk,NORMAL,152.2,229.2026350598685,77.00263505986851,33,1,152.2,4,1,1,1.9,41
14040.0,45.49273066141636,High-Value,Loyal_Customers,Low Risk,HIGH,3614.92,6601.43903265331,2986.51903265331,41,12,3614.92,3,5,5,4.4,35
14041.0,0.6531241743485844,Regular,Hibernating,High Risk,MEDIUM,141.41,346.5582723238772,205.1482723238772,266,1,141.41,1,1,1,1.0,11
14044.0,33.39850778195314,Regular,Loyal_Customers,Low Risk,NORMAL,652.8199999999999,1002.5853497789315,349.7653497789315,27,4,652.8199999999999,4,4,3,3.6,44
14045.0,31.135891553285635,Regular,At_Risk,Medium Risk,NORMAL,1659.75,1637.2250604864223,-22.524939513577692,109,4,1659.75,2,4,4,3.4,24
14046.0,0.6724227407972763,Regular,Hibernating,High Risk,MEDIUM,154.99,398.1525180438691,243.1625180438691,284,1,154.99,1,1,1,1.0,11
14047.0,42.722726679835624,Regular,Champions,Low Risk,NORMAL,1308.61,2537.7455386550228,1229.1355386550229,9,5,1308.61,5,4,4,4.300000000000001,54
14048.0,5.981681107501491,Regular,Hibernating,High Risk,MEDIUM,409.93,1224.9472027745712,815.0172027745712,305,1,409.93,1,1,2,1.4,11
14049.0,43.96127310117647,High-Value,Loyal_Customers,Low Risk,HIGH,5681.72,2507.1246760492477,-3174.5953239507526,17,4,5681.72,4,4,5,4.4,44
14050.0,29.508323382715695,Regular,Potential_Loyalists,Low Risk,NORMAL,746.3599999999999,627.805784695938,-118.55421530406193,32,2,746.3599999999999,4,3,3,3.3,43
14051.0,55.70662115066979,High-Value,Champions,Low Risk,HIGH,15610.390000000005,13856.958924866969,-1753.4310751330358,1,23,15610.390000000005,5,5,5,5.0,55
14052.0,11.84529003872156,Regular,Promising,Medium Risk,NORMAL,225.36,191.94012426209633,-33.41987573790368,20,1,225.36,4,1,1,1.9,41
14053.0,16.682941834824867,Regular,At_Risk,Medium Risk,NORMAL,260.25,-242.09383086688763,-502.34383086688763,124,2,260.25,2,3,2,2.3,23
14054.0,8.074898808452703,Regular,About_to_Sleep,Medium Risk,NORMAL,92.46,137.4246685249284,44.9646685249284,65,1,92.46,3,1,1,1.6,31
14055.0,14.873705752890064,Regular,Hibernating,High Risk,MEDIUM,725.6400000000001,1604.6466209647408,879.0066209647407,106,1,725.6400000000001,2,1,3,2.1,21
14056.0,55.70662115066979,High-Value,Champions,Low Risk,HIGH,8214.65,13856.958924866969,5642.308924866969,1,23,8214.65,5,5,5,5.0,55
14057.0,50.48382411107127,High-Value,Loyal_Customers,Low Risk,HIGH,6217.959999999999,9919.472036462694,3701.5120364626946,24,17,6217.959999999999,4,5,5,4.7,45
14059.0,0.6541963169290673,Regular,Hibernating,High Risk,MEDIUM,183.6,349.4246193083211,165.8246193083211,267,1,183.6,1,1,1,1.0,11
14060.0,54.758363939285694,High-Value,Champions,Low Risk,HIGH,6140.42,11321.816446798519,5181.396446798519,5,19,6140.42,5,5,5,5.0,55
14062.0,53.096769534202565,High-Value,Champions,Low Risk,HIGH,10464.850000000002,6879.584416209842,-3585.2655837901602,10,12,10464.850000000002,5,5,5,5.0,55
14064.0,38.92553188505469,Regular,Loyal_Customers,Low Risk,NORMAL,1353.74,2411.571408306755,1057.831408306755,29,5,1353.74,4,4,4,4.0,44
14066.0,0.6541963169290673,Regular,Hibernating,High Risk,MEDIUM,152.55,349.4246193083211,196.8746193083211,267,1,152.55,1,1,1,1.0,11
14067.0,20.437250926386486,Regular,Need_Attention,Low Risk,NORMAL,374.7,-230.57357989638012,-605.2735798963802,64,2,374.7,3,3,2,2.6,33
14068.0,5.997763246208734,Regular,Hibernating,High Risk,MEDIUM,265.85,1267.9424075412314,1002.0924075412314,320,1,265.85,1,1,2,1.4,11
14071.0,46.851047524499556,Regular,Champions,Low Risk,NORMAL,1438.8200000000002,3549.1770702395734,2110.357070239573,4,8,1438.8200000000002,5,5,4,4.6,55
14073.0,11.858155749687354,Regular,Promising,Medium Risk,NORMAL,151.04,226.3362880754246,75.2962880754246,32,1,151.04,4,1,1,1.9,41
14075.0,33.53614962485975,Regular,Potential_Loyalists,Low Risk,NORMAL,942.26,1370.5674526546543,428.3074526546543,5,3,942.26,5,3,3,3.6,53
14076.0,4.324878287213016,Regular,Hibernating,High Risk,MEDIUM,122.47,137.36980549219675,14.899805492196748,129,1,122.47,2,1,1,1.2999999999999998,21
14077.0,29.833016577115814,Regular,Loyal_Customers,Low Risk,NORMAL,499.4200000000001,1495.8651040255565,996.4451040255565,41,5,499.4200000000001,3,4,3,3.3,34
14078.0,35.023931667362106,Regular,Cant_Loose,Medium Risk,NORMAL,1049.37,2006.2719316005275,956.9019316005276,102,6,1049.37,2,5,4,3.7,25
14079.0,9.607333089405163,Regular,Hibernating,High Risk,MEDIUM,375.0999999999999,892.5058156117989,517.405815611799,125,1,375.0999999999999,2,1,2,1.7,21
14080.0,11.859227892267837,Regular,Promising,Medium Risk,NORMAL,45.6,229.2026350598685,183.6026350598685,33,1,45.6,4,1,1,1.9,41
14081.0,18.341888940274313,Regular,At_Risk,Medium Risk,NORMAL,934.52,851.2162603843744,-83.30373961562555,302,2,934.52,1,3,3,2.4000000000000004,13
14082.0,0.7592662898163899,Regular,Hibernating,High Risk,MEDIUM,182.25,630.3266237838336,448.0766237838336,365,1,182.25,1,1,1,1.0,11
14083.0,47.08918396992607,Regular,Champions,Low Risk,NORMAL,1018.43,4185.82903674113,3167.39903674113,4,9,1018.43,5,5,4,4.6,55
14085.0,54.51701106611774,High-Value,Champions,Low Risk,HIGH,4448.540000000001,10676.56543934363,6228.02543934363,2,18,4448.540000000001,5,5,5,5.0,55
14087.0,15.645701261243943,Regular,New_Customers,Medium Risk,NORMAL,194.42,326.7132955636964,132.29329556369643,3,1,194.42,5,1,1,2.2,51
14088.0,53.33490597962907,High-Value,Champions,Low Risk,HIGH,50491.81,7516.236382711399,-42975.573617288595,10,13,50491.81,5,5,5,5.0,55
14089.0,8.06632166780884,Regular,About_to_Sleep,Medium Risk,NORMAL,161.0,114.49389264937668,-46.506107350623324,57,1,161.0,3,1,1,1.6,31
14090.0,0.7163805865970746,Regular,Hibernating,High Risk,MEDIUM,76.32000000000001,515.6727444060737,439.35274440607367,325,1,76.32000000000001,1,1,1,1.0,11
14092.0,53.57089813989461,High-Value,Champions,Low Risk,HIGH,4076.91,8147.155655244067,4070.245655244067,8,14,4076.91,5,5,5,5.0,55
14093.0,20.942093916982362,Regular,New_Customers,Medium Risk,NORMAL,442.85,1119.1118164810703,676.2618164810702,12,1,442.85,5,1,2,2.6,51
14096.0,54.2810189058522,High-Value,Champions,Low Risk,HIGH,65164.79,10045.646166810962,-55119.14383318904,4,17,65164.79,5,5,5,5.0,55
14098.0,8.044878816199184,Regular,About_to_Sleep,Medium Risk,NORMAL,147.34999999999997,57.166952960496474,-90.18304703950349,37,1,147.34999999999997,3,1,1,1.6,31
14099.0,49.04642829786837,High-Value,Loyal_Customers,Low Risk,HIGH,3104.17,6076.6294615778015,2972.4594615778014,16,11,3104.17,4,5,5,4.7,45
14100.0,4.334527570437362,Regular,Hibernating,High Risk,MEDIUM,194.90000000000003,163.16692835219283,-31.733071647807208,138,1,194.90000000000003,2,1,1,1.2999999999999998,21
14101.0,40.28065504762266,High-Value,Cant_Loose,Low Risk,HIGH,5976.790000000001,2692.6156140934745,-3284.1743859065264,74,6,5976.790000000001,2,5,5,4.1,25
14102.0,42.71843810951369,Regular,Champions,Low Risk,NORMAL,1360.28,2526.280150717246,1166.0001507172462,5,5,1360.28,5,4,4,4.300000000000001,54
14104.0,11.429434882305763,Regular,At_Risk,Medium Risk,NORMAL,216.21,-919.8384724065018,-1136.0484724065018,155,2,216.21,2,3,1,1.9,23
14105.0,16.484406442217775,Regular,Hibernating,High Risk,MEDIUM,1266.23,2568.9710979160236,1302.7410979160236,239,1,1266.23,1,1,4,2.2,11
14107.0,44.31384200266914,High-Value,Loyal_Customers,Low Risk,HIGH,2703.23,3449.7090169744106,746.4790169744106,52,7,2703.23,3,5,5,4.4,35
14108.0,29.50725124013521,Regular,Potential_Loyalists,Low Risk,NORMAL,597.9100000000001,624.9394377114941,27.029437711493983,31,2,597.9100000000001,4,3,3,3.3,43
14109.0,4.264838302705974,Regular,Hibernating,Medium Risk,NORMAL,144.2,-23.145625636667546,-167.34562563666753,73,1,144.2,2,1,1,1.2999999999999998,21
14110.0,53.090336678719666,High-Value,Champions,Low Risk,HIGH,5683.1500000000015,6862.386334303178,1179.2363343031766,4,12,5683.1500000000015,5,5,5,5.0,55
14111.0,33.38456992840686,Regular,Loyal_Customers,Low Risk,NORMAL,692.85,965.3228389811595,272.4728389811595,14,4,692.85,4,4,3,3.6,44
14112.0,48.10138751422572,High-Value,Loyal_Customers,Low Risk,HIGH,2915.15,3550.086024462683,634.9360244626828,23,7,2915.15,4,5,5,4.7,45
14113.0,42.4792295215067,Regular,Champions,Low Risk,NORMAL,1840.42,1886.7618372312456,46.34183723124556,4,4,1840.42,5,4,4,4.300000000000001,54
14114.0,13.025125575506713,Regular,At_Risk,Medium Risk,NORMAL,386.53,4.357146762564753,-382.1728532374352,274,2,386.53,1,3,2,2.0,13
14116.0,38.91588260183034,Regular,Loyal_Customers,Low Risk,NORMAL,1382.7399999999998,2385.7742854467588,1003.034285446759,20,5,1382.7399999999998,4,4,4,4.0,44
14117.0,4.340960425920259,Regular,Hibernating,High Risk,MEDIUM,90.0,180.36501025885673,90.36501025885673,144,1,90.0,2,1,1,1.2999999999999998,21
14121.0,47.76597289402077,High-Value,Champions,Low Risk,HIGH,2780.15,2653.3632352886243,-126.78676471137578,4,4,2780.15,5,4,5,4.7,54
14124.0,9.563375243605364,Regular,Hibernating,Medium Risk,NORMAL,419.58,774.9855892495948,355.4055892495948,84,1,419.58,2,1,2,1.7,21
14125.0,44.11606922537081,High-Value,Potential_Loyalists,Low Risk,HIGH,2740.4300000000003,2920.9683306760753,180.53833067607502,11,3,2740.4300000000003,5,3,5,4.4,53
14126.0,33.5393660526012,Regular,Potential_Loyalists,Low Risk,NORMAL,706.1300000000001,1379.1664936079867,673.0364936079866,8,3,706.1300000000001,5,3,3,3.6,53
14127.0,22.206749510184974,Regular,At_Risk,Medium Risk,NORMAL,709.7099999999999,1158.293186707603,448.583186707603,123,3,709.7099999999999,2,3,3,2.7,23
14128.0,25.720777871159115,Regular,Need_Attention,Low Risk,NORMAL,637.5000000000002,527.4287772076659,-110.07122279233431,61,2,637.5000000000002,3,3,3,3.0,33
14129.0,42.71522168177224,Regular,Champions,Low Risk,NORMAL,1123.86,2517.6811097639147,1393.8211097639148,2,5,1123.86,5,4,4,4.300000000000001,54
14130.0,5.996691103628251,Regular,Hibernating,High Risk,MEDIUM,483.86,1265.0760605567873,781.2160605567873,319,1,483.86,1,1,2,1.4,11
14132.0,52.850055948132194,High-Value,Champions,Low Risk,HIGH,3586.03,6220.001673832734,2633.971673832734,2,11,3586.03,5,5,5,5.0,55
14133.0,22.214254508248352,Regular,At_Risk,Medium Risk,NORMAL,605.6399999999999,1178.357615598711,572.7176155987111,130,3,605.6399999999999,2,3,3,2.7,23
14135.0,53.80260172983822,High-Value,Champions,Low Risk,HIGH,4690.31,8766.609539838959,4076.2995398389585,2,15,4690.31,5,5,5,5.0,55
14138.0,38.58154012420587,Regular,Potential_Loyalists,Low Risk,NORMAL,982.3800000000002,1491.917843257144,509.5378432571439,2,2,982.3800000000002,5,3,4,4.0,53
14139.0,13.341271471937603,Regular,About_to_Sleep,Medium Risk,NORMAL,415.82,849.5654738778708,433.7454738778708,46,1,415.82,3,1,2,2.0,31
14140.0,33.296941036852765,Regular,Potential_Loyalists,Low Risk,NORMAL,935.05,731.0491391686537,-204.00086083134624,4,2,935.05,5,3,3,3.6,53
14141.0,37.19141400641214,Regular,Champions,Low Risk,NORMAL,915.13,1117.294092189424,202.16409218942397,3,4,915.13,5,4,3,3.9,54
14142.0,6.0545868029743275,Regular,Hibernating,High Risk,MEDIUM,311.81,1419.8587977167638,1108.0487977167638,373,1,311.81,1,1,2,1.4,11
14143.0,4.33023900011543,Regular,Hibernating,High Risk,MEDIUM,115.8,151.70154041441674,35.90154041441674,134,1,115.8,2,1,1,1.2999999999999998,21
14145.0,40.17479973220035,High-Value,Loyal_Customers,Low Risk,HIGH,3742.2,2409.6140155454204,-1332.5859844545794,47,4,3742.2,3,4,5,4.1,34
14146.0,48.00947005234969,High-Value,Champions,Low Risk,HIGH,4191.0,3304.3469367124007,-886.6530632875993,9,5,4191.0,5,4,5,4.7,54
14147.0,16.633623276122655,Regular,At_Risk,Low Risk,NORMAL,483.4,-373.9457921513118,-857.3457921513118,78,2,483.4,2,3,2,2.3,23
14148.0,0.6188156117731323,Regular,Hibernating,High Risk,MEDIUM,157.2,254.83516882166919,97.6351688216692,234,1,157.2,1,1,1,1.0,11
14149.0,5.891621130740929,Regular,Hibernating,High Risk,MEDIUM,446.62000000000006,984.1740560812752,537.5540560812751,221,1,446.62000000000006,1,1,2,1.4,11
14150.0,25.69397430664704,Regular,Need_Attention,Low Risk,NORMAL,658.64,455.77010259656595,-202.86989740343404,36,2,658.64,3,3,3,3.0,33
14152.0,21.917150220895287,Regular,At_Risk,Low Risk,NORMAL,621.29,384.0565649527341,-237.23343504726586,75,2,621.29,2,3,3,2.7,23
14154.0,23.56108733021796,Regular,At_Risk,Medium Risk,NORMAL,1345.62,1437.2377984217808,91.61779842178089,239,2,1345.62,1,3,4,2.8,13
14155.0,0.6531241743485844,Regular,Hibernating,High Risk,MEDIUM,118.75,346.5582723238772,227.8082723238772,266,1,118.75,1,1,1,1.0,11
14156.0,63.336636687542345,High-Value,Champions,Low Risk,HIGH,117379.63,34255.61897577678,-83124.01102422323,10,55,117379.63,5,5,5,5.0,55
14157.0,24.208714299235822,Regular,Potential_Loyalists,Low Risk,NORMAL,432.88,-173.19177717476816,-606.0717771747682,20,2,432.88,4,3,2,2.8999999999999995,43
14158.0,18.621581988968785,Regular,About_to_Sleep,Medium Risk,NORMAL,507.66,1598.9687900285842,1091.308790028584,40,1,507.66,3,1,3,2.4000000000000004,31
14159.0,49.0507168681903,High-Value,Loyal_Customers,Low Risk,HIGH,4693.01,6088.094849515577,1395.084849515577,20,11,4693.01,4,5,5,4.7,45
14161.0,23.77456449629336,Regular,At_Risk,Medium Risk,NORMAL,1110.52,2007.9637842811255,897.4437842811255,216,3,1110.52,1,3,4,2.8,13
14162.0,16.73654896384901,Regular,At_Risk,Medium Risk,NORMAL,289.36,-98.77648164468746,-388.1364816446875,174,2,289.36,2,3,2,2.3,23
14163.0,36.39904778902908,High-Value,At_Risk,Low Risk,HIGH,2445.9100000000003,2340.766824886032,-105.14317511396848,87,4,2445.9100000000003,2,4,5,3.8,24
14164.0,31.018242669478017,Regular,Need_Attention,Low Risk,NORMAL,1631.7700000000004,1322.6936451094841,-309.0763548905163,71,2,1631.7700000000004,3,3,4,3.4,33
14165.0,0.6638456001534133,Regular,Hibernating,High Risk,MEDIUM,122.54,375.2217421683174,252.68174216831738,276,1,122.54,1,1,1,1.0,11
14167.0,29.592735846528342,Regular,Loyal_Customers,Low Risk,NORMAL,574.84,853.4804435551118,278.6404435551118,39,4,574.84,3,4,3,3.3,34
14171.0,9.578385239732125,Regular,Hibernating,High Risk,MEDIUM,363.79,815.1144470318109,451.32444703181085,98,1,363.79,2,1,2,1.7,21
14173.0,31.913247774541926,Regular,Champions,Low Risk,NORMAL,450.8400000000001,373.62347000759746,-77.21652999240263,11,4,450.8400000000001,5,4,2,3.5,54
14174.0,11.859227892267837,Regular,Promising,Medium Risk,NORMAL,134.46,229.2026350598685,94.74263505986849,33,1,134.46,4,1,1,1.9,41
14175.0,36.531328919033285,High-Value,Need_Attention,Low Risk,HIGH,3222.3,2694.4171928395353,-527.8828071604648,60,3,3222.3,3,3,5,3.8,33
14176.0,22.232073339511754,Regular,At_Risk,Medium Risk,NORMAL,576.9,1225.9958254673686,649.0958254673686,297,4,576.9,1,4,3,2.7,14
14177.0,25.82448890142045,Regular,At_Risk,Low Risk,NORMAL,559.4100000000001,804.6976817868317,245.28768178683163,86,4,559.4100000000001,2,4,3,3.0,24
14178.0,46.61827179197547,Regular,Champions,Low Risk,NORMAL,1620.9300000000003,2926.8568386602365,1305.9268386602362,9,7,1620.9300000000003,5,5,4,4.6,55
14179.0,25.699335019549455,Regular,Need_Attention,Low Risk,NORMAL,719.78,470.1018375187857,-249.67816248121426,41,2,719.78,3,3,3,3.0,33
14180.0,56.19361546732763,High-Value,Champions,Low Risk,HIGH,4748.52,15158.926327714522,10410.406327714521,11,25,4748.52,5,5,5,5.0,55
14184.0,13.363786466127744,Regular,About_to_Sleep,Medium Risk,NORMAL,452.89,909.7587605511947,456.86876055119467,67,1,452.89,3,1,2,2.0,31
14185.0,0.7228134420799719,Regular,Hibernating,High Risk,MEDIUM,197.65,532.8708263127376,335.2208263127376,331,1,197.65,1,1,1,1.0,11
14188.0,42.585084836929006,Regular,Loyal_Customers,Low Risk,NORMAL,2054.36,2169.7634357792995,115.40343577929934,31,6,2054.36,4,5,4,4.300000000000001,45
14189.0,53.80260172983822,High-Value,Champions,Low Risk,HIGH,4654.08,8766.609539838959,4112.529539838959,2,15,4654.08,5,5,5,5.0,55
14191.0,53.326328838985205,High-Value,Champions,Low Risk,HIGH,4684.76,7493.3056068358455,2808.5456068358453,2,13,4684.76,5,5,5,5.0,55
14193.0,25.728282869222493,Regular,Need_Attention,Low Risk,NORMAL,853.3900000000001,547.493206098774,-305.89679390122615,68,2,853.3900000000001,3,3,3,3.0,33
14194.0,55.23463683013871,High-Value,Champions,Low Risk,HIGH,11349.52,12595.12037980163,1245.60037980163,5,21,11349.52,5,5,5,5.0,55
14195.0,23.521418054740092,Regular,At_Risk,Medium Risk,NORMAL,1011.9999999999998,1331.1829599973528,319.182959997353,202,2,1011.9999999999998,1,3,4,2.8,13
14196.0,9.58803452295647,Regular,Hibernating,High Risk,MEDIUM,335.52,840.911569891807,505.39156989180697,107,1,335.52,2,1,2,1.7,21
14198.0,33.388858498728794,Regular,Loyal_Customers,Low Risk,NORMAL,701.4,976.7882269189356,275.38822691893563,18,4,701.4,4,4,3,3.6,44
14199.0,0.601661330485406,Regular,Hibernating,High Risk,MEDIUM,185.4,208.97361707056507,23.573617070565064,218,1,185.4,1,1,1,1.0,11
14201.0,33.74893239828485,Regular,Loyal_Customers,Low Risk,NORMAL,747.4400000000002,1939.436996735206,1191.9969967352058,60,7,747.4400000000002,3,5,3,3.6,35
14204.0,15.64462911866346,Regular,New_Customers,Medium Risk,NORMAL,161.02999999999994,323.8469485792523,162.81694857925234,2,1,161.02999999999994,5,1,1,2.2,51
14205.0,24.205497871494373,Regular,Potential_Loyalists,Low Risk,NORMAL,466.7000000000001,-181.79081812810023,-648.4908181281003,17,2,466.7000000000001,4,3,2,2.8999999999999995,43
14206.0,5.910919697189621,Regular,Hibernating,High Risk,MEDIUM,328.16,1035.7683018012674,707.6083018012673,239,1,328.16,1,1,2,1.4,11
14208.0,4.288425439476598,Regular,Hibernating,High Risk,MEDIUM,151.73999999999998,39.9140080211007,-111.82599197889928,95,1,151.73999999999998,2,1,1,1.2999999999999998,21
14209.0,51.66902300422401,High-Value,Champions,Low Risk,HIGH,2073.4300000000003,3062.538964184946,989.1089641849458,11,6,2073.4300000000003,5,5,5,5.0,55
14210.0,35.02822023768404,Regular,Cant_Loose,Medium Risk,NORMAL,1905.84,2017.7373195383036,111.89731953830369,106,6,1905.84,2,5,4,3.7,25
14211.0,44.79118703610264,High-Value,Loyal_Customers,Low Risk,HIGH,2241.1000000000004,4725.879296961968,2484.7792969619677,53,9,2241.1000000000004,3,5,5,4.4,35
14212.0,20.14329484411641,Regular,Hibernating,Medium Risk,NORMAL,1070.48,2325.386467271015,1254.9064672710151,90,1,1070.48,2,1,4,2.5,21
14214.0,38.927676170215655,Regular,Loyal_Customers,Low Risk,NORMAL,1004.38,2417.3041022756424,1412.9241022756423,31,5,1004.38,4,4,4,4.0,44
14215.0,46.38335177429041,Regular,Champions,Low Risk,NORMAL,1789.72,2298.8039131120113,509.08391311201126,12,6,1789.72,5,5,4,4.6,55
14216.0,42.47815737892622,Regular,Champions,Low Risk,NORMAL,1839.3,1883.895490246802,44.595490246802,3,4,1839.3,5,4,4,4.300000000000001,54
14217.0,48.99213124817715,Regular,Champions,Low Risk,NORMAL,2004.98,9273.312074784695,7268.332074784696,2,17,2004.98,5,5,4,4.6,55
14218.0,8.05131167168208,Regular,About_to_Sleep,Medium Risk,NORMAL,169.48000000000002,74.3650348671606,-95.11496513283942,43,1,169.48000000000002,3,1,1,1.6,31
14219.0,15.646773403824426,Regular,New_Customers,Medium Risk,NORMAL,89.94,329.5796425481403,239.63964254814033,4,1,89.94,5,1,1,2.2,51
14220.0,18.282921098347757,Regular,At_Risk,Medium Risk,NORMAL,632.3999999999999,693.5671762399545,61.16717623995464,247,2,632.3999999999999,1,3,3,2.4000000000000004,13
14221.0,44.77939346771733,High-Value,Loyal_Customers,Low Risk,HIGH,3432.8,4694.3494801330835,1261.5494801330833,42,9,3432.8,3,5,5,4.4,35
14222.0,14.949827876104349,Regular,Hibernating,High Risk,MEDIUM,683.1700000000001,1808.1572568602649,1124.9872568602648,177,1,683.1700000000001,2,1,3,2.1,21
14223.0,27.460256462704077,Regular,At_Risk,Medium Risk,NORMAL,991.13,1836.0378282472172,844.9078282472173,92,3,991.13,2,3,4,3.1,23
14224.0,31.136963695866115,Regular,At_Risk,Medium Risk,NORMAL,1050.12,1640.091407470866,589.9714074708661,110,4,1050.12,2,4,4,3.4,24
14226.0,44.21227525756877,High-Value,Loyal_Customers,Low Risk,HIGH,2232.19,3178.172806364133,945.982806364133,29,5,2232.19,4,4,5,4.4,44
14227.0,48.819013278246686,High-Value,Loyal_Customers,Low Risk,HIGH,3350.96,5468.640964920685,2117.6809649206853,26,10,3350.96,4,5,5,4.7,45
14229.0,31.23600840587535,Regular,Need_Attention,Low Risk,NORMAL,1547.2,1904.885018906605,357.6850189066049,52,3,1547.2,3,3,4,3.4,33
14231.0,18.45351256120384,Regular,At_Risk,Medium Risk,NORMAL,925.71,1149.6392827215388,223.9292827215388,184,3,925.71,1,3,3,2.4000000000000004,13
14232.0,35.12190423479086,Regular,Loyal_Customers,Low Risk,NORMAL,2048.07,2268.1991960518226,220.12919605182242,43,5,2048.07,3,4,4,3.7,34
14233.0,34.89020064484725,Regular,Loyal_Customers,Low Risk,NORMAL,1462.7200000000005,1648.7453114569296,186.0253114569291,49,4,1462.7200000000005,3,4,4,3.7,34
14234.0,33.39314706905073,Regular,Loyal_Customers,Low Risk,NORMAL,775.4600000000003,988.2536148567112,212.79361485671097,22,4,775.4600000000003,4,4,3,3.6,44
14235.0,36.6243185234898,High-Value,At_Risk,Low Risk,HIGH,3144.86,2943.0226275742607,-201.83737242573943,75,5,3144.86,2,4,5,3.8,24
14236.0,21.923583076378186,Regular,At_Risk,Low Risk,NORMAL,490.86,401.25464685939824,-89.60535314060178,81,2,490.86,2,3,3,2.7,23
14237.0,0.767843430460253,Regular,Hibernating,High Risk,MEDIUM,161.00000000000003,653.2573996593858,492.2573996593858,373,1,161.00000000000003,1,1,1,1.0,11
14238.0,0.7174527291775574,Regular,Hibernating,High Risk,MEDIUM,146.85,518.5390913905173,371.6890913905173,326,1,146.85,1,1,1,1.0,11
14239.0,45.25673850115082,High-Value,Loyal_Customers,Low Risk,HIGH,2380.8500000000004,5970.519760120642,3589.6697601206415,43,11,2380.8500000000004,3,5,5,4.4,35
14240.0,29.50617909755473,Regular,Potential_Loyalists,Low Risk,NORMAL,890.3400000000001,622.0730907270502,-268.26690927295,30,2,890.3400000000001,4,3,3,3.3,43
14241.0,0.565208482748988,Regular,Hibernating,High Risk,MEDIUM,213.70000000000005,111.51781959946902,-102.18218040053102,184,1,213.70000000000005,1,1,1,1.0,11
14242.0,12.983312014867881,Regular,At_Risk,Medium Risk,NORMAL,280.55,-107.4303856307514,-387.9803856307514,235,2,280.55,1,3,2,2.0,13
14243.0,52.61942450076907,High-Value,Champions,Low Risk,HIGH,2588.7699999999995,5603.4141362222845,3014.644136222285,9,10,2588.7699999999995,5,5,5,5.0,55
14245.0,23.540716621188785,Regular,At_Risk,Medium Risk,NORMAL,1693.4499999999998,1382.777205717345,-310.6727942826549,220,2,1693.4499999999998,1,3,4,2.8,13
14246.0,27.48062717173325,Regular,At_Risk,Medium Risk,NORMAL,1474.0600000000002,1890.4984209516535,416.43842095165337,111,3,1474.0600000000002,2,3,4,3.1,23
14247.0,0.665989885314379,Regular,Hibernating,High Risk,MEDIUM,136.76999999999998,380.9544361372052,244.18443613720524,278,1,136.76999999999998,1,1,1,1.0,11
14248.0,5.995618961047769,Regular,Hibernating,High Risk,MEDIUM,302.58,1262.2097135723436,959.6297135723437,318,1,302.58,1,1,2,1.4,11
14250.0,38.825037282534794,Regular,Potential_Loyalists,Low Risk,NORMAL,1904.05,2142.901544680921,238.85154468092082,7,3,1904.05,5,3,4,4.0,53
14251.0,48.001965054286316,High-Value,Champions,Low Risk,HIGH,2879.7,3284.2825078212927,404.5825078212929,2,5,2879.7,5,4,5,4.7,54
14256.0,23.5836023244081,Regular,At_Risk,Medium Risk,NORMAL,969.06,1497.431085095105,528.371085095105,260,2,969.06,1,3,4,2.8,13
14257.0,40.43116260149507,High-Value,Loyal_Customers,Low Risk,HIGH,3099.7200000000003,3094.9938807825256,-4.726119217474661,64,5,3099.7200000000003,3,4,5,4.1,34
14258.0,52.381288055342566,High-Value,Champions,Low Risk,HIGH,12669.98,4966.762169720728,-7703.217830279272,9,9,12669.98,5,5,5,5.0,55
14259.0,4.338816140759294,Regular,Hibernating,High Risk,MEDIUM,120.0,174.63231628996868,54.632316289968685,142,1,120.0,2,1,1,1.2999999999999998,21
14261.0,30.99679981786836,Regular,Need_Attention,Low Risk,NORMAL,1163.45,1265.3667054206041,101.9167054206041,51,2,1163.45,3,3,4,3.4,33
14262.0,52.14207946733557,High-Value,Champions,Low Risk,HIGH,2618.23,4327.243856234727,1709.013856234727,8,8,2618.23,5,5,5,5.0,55
14264.0,16.716178254819837,Regular,At_Risk,Medium Risk,NORMAL,333.97,-153.23707434912353,-487.20707434912356,155,2,333.97,2,3,2,2.3,23
14265.0,21.953603068631708,Regular,At_Risk,Medium Risk,NORMAL,530.18,481.51236242383015,-48.667637576169795,109,2,530.18,2,3,3,2.7,23
14267.0,27.53637858591836,Regular,At_Risk,Medium Risk,NORMAL,1516.24,2039.5484641427418,523.3084641427417,163,3,1516.24,2,3,4,3.1,23
14270.0,11.29737232968861,Regular,Hibernating,High Risk,MEDIUM,492.65,2068.9399694119384,1576.2899694119383,332,1,492.65,1,1,3,1.8000000000000005,11
14271.0,0.6102384711292691,Regular,Hibernating,High Risk,MEDIUM,112.32,231.904392946117,119.58439294611702,226,1,112.32,1,1,1,1.0,11
14272.0,16.629334705800723,Regular,At_Risk,Low Risk,NORMAL,437.96,-385.4111800890878,-823.3711800890878,74,2,437.96,2,3,2,2.3,23
14273.0,29.605601557494136,Regular,Loyal_Customers,Low Risk,NORMAL,559.97,887.8766073684399,327.90660736843984,51,4,559.97,3,4,3,3.3,34
14276.0,27.467761460767456,Regular,At_Risk,Medium Risk,NORMAL,1119.7400000000002,1856.1022571383253,736.362257138325,99,3,1119.7400000000002,2,3,4,3.1,23
14277.0,40.30172014930214,High-Value,Potential_Loyalists,Low Risk,HIGH,4216.2,2748.9326485767033,-1467.2673514232965,15,3,4216.2,4,3,5,4.1,43
14280.0,0.5791463362952656,Regular,Hibernating,High Risk,MEDIUM,134.04,148.7803303972412,14.740330397241195,197,1,134.04,1,1,1,1.0,11
14282.0,53.803673872418706,High-Value,Champions,Low Risk,HIGH,3729.34,8769.475886823404,5040.135886823404,3,15,3729.34,5,5,5,5.0,55
14284.0,29.50725124013521,Regular,Potential_Loyalists,Low Risk,NORMAL,595.25,624.9394377114941,29.689437711494065,31,2,595.25,4,3,3,3.3,43
14285.0,38.67881829898432,Regular,Loyal_Customers,Low Risk,NORMAL,1910.01,1751.988665929646,-158.021334070354,21,4,1910.01,4,4,4,4.0,44
14286.0,40.31136943252648,High-Value,Potential_Loyalists,Low Risk,HIGH,4628.75,2774.7297714366996,-1854.0202285633004,24,3,4628.75,4,3,5,4.1,43
14287.0,22.96587930757305,Regular,Potential_Loyalists,Low Risk,NORMAL,176.63,-154.03630250676963,-330.6663025067696,8,3,176.63,5,3,1,2.8,53
14288.0,5.883043990097066,Regular,Hibernating,High Risk,MEDIUM,426.6,961.2432802057231,534.643280205723,213,1,426.6,1,1,2,1.4,11
14289.0,41.093391974034894,Regular,Champions,Low Risk,NORMAL,911.26,1523.6034741013011,612.3434741013011,9,6,911.26,5,5,3,4.2,55
14290.0,48.01161433751066,High-Value,Champions,Low Risk,HIGH,2314.65,3310.079630681289,995.4296306812889,11,5,2314.65,5,4,5,4.7,54
14291.0,52.850055948132194,High-Value,Champions,Low Risk,HIGH,3883.25,6220.001673832734,2336.751673832734,2,11,3883.25,5,5,5,5.0,55
14292.0,52.38021591276208,High-Value,Champions,Low Risk,HIGH,4871.929999999999,4963.895822736284,91.96582273628428,8,9,4871.929999999999,5,5,5,5.0,55
14293.0,42.47815737892622,Regular,Champions,Low Risk,NORMAL,1046.56,1883.895490246802,837.335490246802,3,4,1046.56,5,4,4,4.300000000000001,54
14295.0,8.048095243940631,Regular,About_to_Sleep,Medium Risk,NORMAL,166.2,65.76599391382842,-100.43400608617156,40,1,166.2,3,1,1,1.6,31
14297.0,38.67560187124287,Regular,Loyal_Customers,Low Risk,NORMAL,1305.3299999999997,1743.389624976314,438.05962497631435,18,4,1305.3299999999997,4,4,4,4.0,44
14298.0,60.714991502689806,High-Value,Champions,Low Risk,HIGH,51527.3,27246.714650290767,-24280.585349709236,8,44,51527.3,5,5,5,5.0,55
14299.0,52.38021591276208,High-Value,Champions,Low Risk,HIGH,3965.62,4963.895822736284,998.2758227362838,8,9,3965.62,5,5,5,5.0,55
14300.0,11.844217896141076,Regular,Promising,Medium Risk,NORMAL,43.2,189.07377727765243,145.87377727765244,19,1,43.2,4,1,1,1.9,41
14301.0,14.885499321275375,Regular,Hibernating,High Risk,MEDIUM,640.1400000000001,1636.176437793625,996.0364377936248,117,1,640.1400000000001,2,1,3,2.1,21
14304.0,5.893765415901894,Regular,Hibernating,High Risk,MEDIUM,383.4500000000001,989.906750050163,606.456750050163,223,1,383.4500000000001,1,1,2,1.4,11
14305.0,31.256379114904522,Regular,Need_Attention,Low Risk,NORMAL,1858.9600000000005,1959.3456116110408,100.3856116110403,71,3,1858.9600000000005,3,3,4,3.4,33
14306.0,36.28354319038243,High-Value,Need_Attention,Low Risk,HIGH,2093.32,2031.9681034779821,-61.35189652201802,51,2,2093.32,3,3,5,3.8,33
14307.0,40.2967371863299,High-Value,Cant_Loose,Low Risk,HIGH,2995.72,2735.610818860134,-260.109181139866,89,6,2995.72,2,5,5,4.1,25
14309.0,52.38021591276208,High-Value,Champions,Low Risk,HIGH,2352.53,4963.895822736284,2611.3658227362835,8,9,2352.53,5,5,5,5.0,55
14311.0,5.915208267511552,Regular,Hibernating,High Risk,MEDIUM,310.26,1047.233689739043,736.973689739043,243,1,310.26,1,1,2,1.4,11
14312.0,38.78360147182614,Regular,Loyal_Customers,Low Risk,NORMAL,1611.59,2032.123917493256,420.533917493256,47,6,1611.59,3,5,4,4.0,35
14314.0,4.301291150442393,Regular,Hibernating,High Risk,MEDIUM,120.0,74.31017183442873,-45.68982816557127,107,1,120.0,2,1,1,1.2999999999999998,21
14315.0,44.06820055917925,High-Value,Loyal_Customers,Low Risk,HIGH,2481.13,2792.992621581746,311.86262158174577,45,6,2481.13,3,5,5,4.4,35
14317.0,18.648385553480857,Regular,About_to_Sleep,Medium Risk,NORMAL,508.58,1670.6274646396844,1162.0474646396844,65,1,508.58,3,1,3,2.4000000000000004,31
14320.0,12.953292022614361,Regular,At_Risk,Medium Risk,NORMAL,477.79,-187.68810119518344,-665.4781011951834,207,2,477.79,1,3,2,2.0,13
14321.0,42.72487096499659,Regular,Champions,Low Risk,NORMAL,1530.7500000000002,2543.47823262391,1012.7282326239099,11,5,1530.7500000000002,5,4,4,4.300000000000001,54
14323.0,21.960035924114603,Regular,At_Risk,Medium Risk,NORMAL,605.0600000000001,498.7104443304943,-106.34955566950578,115,2,605.0600000000001,2,3,3,2.7,23
14326.0,0.6273927524169952,Regular,Hibernating,High Risk,MEDIUM,183.85,277.76594469722113,93.91594469722114,242,1,183.85,1,1,1,1.0,11
14327.0,9.648074507463512,Regular,Hibernating,High Risk,MEDIUM,311.65000000000003,1001.4270010206708,689.7770010206707,163,1,311.65000000000003,2,1,2,1.7,21
14329.0,48.09495465874282,High-Value,Loyal_Customers,Low Risk,HIGH,5014.839999999999,3532.887942556019,-1481.9520574439803,17,7,5014.839999999999,4,5,5,4.7,45
14331.0,16.682941834824867,Regular,At_Risk,Medium Risk,NORMAL,462.66,-242.09383086688763,-704.7538308668877,124,2,462.66,2,3,2,2.3,23
14332.0,29.736810544917855,Regular,Potential_Loyalists,Low Risk,NORMAL,866.3100000000001,1238.6606283374988,372.35062833749873,23,3,866.3100000000001,4,3,3,3.3,43
14333.0,13.364858608708227,Regular,About_to_Sleep,Medium Risk,NORMAL,415.2,912.6251075356388,497.4251075356388,68,1,415.2,3,1,2,2.0,31
14334.0,48.33309110416933,High-Value,Loyal_Customers,Low Risk,HIGH,2552.2100000000005,4169.539909057576,1617.3299090575752,17,8,2552.2100000000005,4,5,5,4.7,45
14335.0,24.20442572891389,Regular,Potential_Loyalists,Low Risk,NORMAL,468.25999999999993,-184.65716511254425,-652.9171651125441,16,2,468.25999999999993,4,3,2,2.8999999999999995,43
14336.0,38.674529728662385,Regular,Loyal_Customers,Low Risk,NORMAL,1614.91,1740.52327799187,125.61327799186984,17,4,1614.91,4,4,4,4.0,44
14338.0,22.009354482816818,Regular,At_Risk,Medium Risk,NORMAL,588.2199999999999,630.5624056149184,42.34240561491845,161,2,588.2199999999999,2,3,3,2.7,23
14339.0,5.915208267511552,Regular,Hibernating,High Risk,MEDIUM,309.52,1047.233689739043,737.713689739043,243,1,309.52,1,1,2,1.4,11
14340.0,0.6027334730658889,Regular,Hibernating,High Risk,MEDIUM,134.7,211.83996405500898,77.13996405500899,219,1,134.7,1,1,1,1.0,11
14341.0,44.54447345003227,High-Value,Loyal_Customers,Low Risk,HIGH,2182.28,4066.296554584859,1884.016554584859,45,8,2182.28,3,5,5,4.4,35
14342.0,33.392074926470244,Regular,Loyal_Customers,Low Risk,NORMAL,668.5600000000002,985.3872678722676,316.8272678722674,21,4,668.5600000000002,4,4,3,3.6,44
14344.0,30.24026475021312,Regular,Cant_Loose,Medium Risk,NORMAL,889.9300000000002,2584.633141157363,1694.7031411573626,127,8,889.9300000000002,2,5,3,3.3000000000000003,25
14345.0,8.047023101360148,Regular,About_to_Sleep,Medium Risk,NORMAL,108.98,62.89964692938452,-46.08035307061549,39,1,108.98,3,1,1,1.6,31
14346.0,27.253212152111573,Regular,At_Risk,Medium Risk,NORMAL,1021.58,1282.5099242945369,260.9299242945368,121,2,1021.58,2,3,4,3.1,23
14348.0,5.9334346913797615,Regular,Hibernating,High Risk,MEDIUM,409.57,1095.9615884745915,686.3915884745916,260,1,409.57,1,1,2,1.4,11
14349.0,15.653206259307323,Regular,New_Customers,Medium Risk,NORMAL,133.5,346.77772445480446,213.27772445480446,10,1,133.5,5,1,1,2.2,51
14350.0,5.948444687506522,Regular,Hibernating,High Risk,MEDIUM,282.92999999999995,1136.0904462568076,853.1604462568076,274,1,282.92999999999995,1,1,2,1.4,11
14351.0,4.3634754201104,Regular,Hibernating,High Risk,MEDIUM,51.0,240.55829693218084,189.55829693218084,165,1,51.0,2,1,1,1.2999999999999998,21
14352.0,31.187354397148813,Regular,At_Risk,Medium Risk,NORMAL,1078.9600000000005,1774.8097157397344,695.8497157397339,157,4,1078.9600000000005,2,4,4,3.4,24
14353.0,0.5984449027439575,Regular,Hibernating,High Risk,MEDIUM,90.6,200.37457611723312,109.77457611723312,215,1,90.6,1,1,1,1.0,11
14354.0,22.72559857698558,Regular,Potential_Loyalists,Low Risk,NORMAL,163.62,-796.4209629772143,-960.0409629772143,6,2,163.62,5,3,1,2.8,53
14355.0,0.7603384323968728,Regular,Hibernating,High Risk,MEDIUM,174.4,633.1929707682777,458.79297076827777,366,1,174.4,1,1,1,1.0,11
14356.0,21.922510933797703,Regular,At_Risk,Low Risk,NORMAL,701.23,398.3882998749543,-302.8417001250457,80,2,701.23,2,3,3,2.7,23
14357.0,8.05131167168208,Regular,About_to_Sleep,Medium Risk,NORMAL,225.77,74.3650348671606,-151.4049651328394,43,1,225.77,3,1,1,1.6,31
14359.0,29.732521974595922,Regular,Potential_Loyalists,Low Risk,NORMAL,912.18,1227.1952403997227,315.01524039972276,19,3,912.18,4,3,3,3.3,43
14360.0,43.977355239883714,High-Value,Loyal_Customers,Low Risk,HIGH,2128.2300000000005,2550.119880815908,421.8898808159074,32,4,2128.2300000000005,4,4,5,4.4,44
14362.0,11.847434323882526,Regular,Promising,Medium Risk,NORMAL,161.2,197.67281823098438,36.47281823098439,22,1,161.2,4,1,1,1.9,41
14364.0,40.79445292879257,High-Value,Cant_Loose,Medium Risk,HIGH,3717.35,4066.241691552128,348.8916915521281,109,8,3717.35,2,5,5,4.1,25
14367.0,54.04717103074763,High-Value,Champions,Low Risk,HIGH,9261.52,9420.45958824718,158.93958824717993,8,16,9261.52,5,5,5,5.0,55
14368.0,0.7110198736946601,Regular,Hibernating,High Risk,MEDIUM,155.0,501.34100948385344,346.34100948385344,320,1,155.0,1,1,1,1.0,11
14371.0,0.684216309182588,Regular,Hibernating,High Risk,MEDIUM,100.5,429.68233487275324,329.18233487275324,295,1,100.5,1,1,1,1.0,11
14373.0,0.7517612917530097,Regular,Hibernating,High Risk,MEDIUM,76.55,610.2621948927256,533.7121948927256,358,1,76.55,1,1,1,1.0,11
14375.0,5.853023997843545,Regular,Hibernating,High Risk,MEDIUM,257.68,880.9855646412911,623.3055646412911,185,1,257.68,1,1,2,1.4,11
14377.0,18.222881113840714,Regular,At_Risk,Medium Risk,NORMAL,617.05,533.0517451110902,-83.99825488890974,191,2,617.05,1,3,3,2.4000000000000004,13
14379.0,20.41580807477683,Regular,Need_Attention,Low Risk,NORMAL,348.1,-287.9005195852601,-636.0005195852601,44,2,348.1,3,3,2,2.6,33
14381.0,8.060960954906426,Regular,About_to_Sleep,Medium Risk,NORMAL,202.68,100.16215772715645,-102.51784227284355,52,1,202.68,3,1,1,1.6,31
14382.0,22.425209639232612,Regular,Promising,Medium Risk,NORMAL,626.07,1742.3410022835167,1116.2710022835167,26,1,626.07,4,1,3,2.7,41
14383.0,31.22099840974859,Regular,Need_Attention,Low Risk,NORMAL,1247.69,1864.7561611243889,617.0661611243888,38,3,1247.69,3,3,4,3.4,33
14385.0,22.966951450153534,Regular,Potential_Loyalists,Low Risk,NORMAL,202.11,-151.1699555223256,-353.2799555223256,9,3,202.11,5,3,1,2.8,53
14386.0,0.6863605943435538,Regular,Hibernating,High Risk,MEDIUM,142.4,435.4150288416413,293.0150288416413,297,1,142.4,1,1,1,1.0,11
14387.0,35.034275343236764,Regular,Potential_Loyalists,Low Risk,NORMAL,1770.5600000000002,2033.9254962393168,263.3654962393166,33,3,1770.5600000000002,4,3,4,3.7,43
14388.0,52.144223752496536,High-Value,Champions,Low Risk,HIGH,3212.84,4332.976550203615,1120.1365502036151,10,8,3212.84,5,5,5,5.0,55
14389.0,31.01180981399512,Regular,Need_Attention,Low Risk,NORMAL,1043.46,1305.4955632028202,262.0355632028202,65,2,1043.46,3,3,4,3.4,33
14390.0,52.38236019792304,High-Value,Champions,Low Risk,HIGH,4652.82,4969.628516705172,316.8085167051722,10,9,4652.82,5,5,5,5.0,55
14393.0,0.601661330485406,Regular,Hibernating,High Risk,MEDIUM,67.94999999999999,208.97361707056507,141.02361707056508,218,1,67.94999999999999,1,1,1,1.0,11
14395.0,52.373783057279184,High-Value,Champions,Low Risk,HIGH,3507.71,4946.69774082962,1438.9877408296197,2,9,3507.71,5,5,5,5.0,55
14396.0,20.43832306896697,Regular,Need_Attention,Low Risk,NORMAL,487.99000000000007,-227.7072329119361,-715.6972329119362,65,2,487.99000000000007,3,3,2,2.6,33
14397.0,54.75621965412473,High-Value,Champions,Low Risk,HIGH,2612.96,11316.08375282963,8703.12375282963,3,19,2612.96,5,5,5,5.0,55
14400.0,14.919807883850828,Regular,Hibernating,High Risk,MEDIUM,574.6999999999999,1727.8995412958327,1153.1995412958327,149,1,574.6999999999999,2,1,3,2.1,21
14401.0,53.32847312414617,High-Value,Champions,Low Risk,HIGH,4051.48,7499.038300804736,3447.5583008047356,4,13,4051.48,5,5,5,5.0,55
14403.0,31.158406547475774,Regular,At_Risk,Medium Risk,NORMAL,1475.8100000000002,1697.418347159746,221.6083471597458,130,4,1475.8100000000002,2,4,4,3.4,24
14404.0,38.769663618279864,Regular,Loyal_Customers,Low Risk,NORMAL,1474.32,1994.8614066954835,520.5414066954836,34,6,1474.32,3,5,4,4.0,35
14406.0,4.314156861408187,Regular,Hibernating,High Risk,MEDIUM,156.75,108.70633564775676,-48.04366435224324,119,1,156.75,2,1,1,1.2999999999999998,21
14407.0,40.31603575277859,High-Value,Cant_Loose,Medium Risk,HIGH,2157.73,2787.2050645801264,629.4750645801264,107,6,2157.73,2,5,5,4.1,25
14408.0,51.907159449650514,High-Value,Champions,Low Risk,HIGH,2606.53,3699.1909306865027,1092.6609306865025,11,7,2606.53,5,5,5,5.0,55
14409.0,44.09607626627181,High-Value,Loyal_Customers,Low Risk,HIGH,2059.4500000000003,2867.5176431772898,808.0676431772895,71,6,2059.4500000000003,3,5,5,4.4,35
14410.0,35.7276195778368,Regular,Cant_Loose,Medium Risk,NORMAL,1105.0700000000002,3887.5643612607582,2782.494361260758,92,9,1105.0700000000002,2,5,4,3.7,25
14411.0,16.56160070801254,Regular,Hibernating,High Risk,MEDIUM,1063.0,2775.3480807959922,1712.3480807959922,311,1,1063.0,1,1,4,2.2,11
14412.0,25.70147930471042,Regular,Need_Attention,Low Risk,NORMAL,770.0300000000001,475.834531487674,-294.1954685123261,43,2,770.0300000000001,3,3,3,3.0,33
14413.0,0.7560498620749413,Regular,Hibernating,High Risk,MEDIUM,122.7,621.7275828305017,499.0275828305017,362,1,122.7,1,1,1,1.0,11
14414.0,35.25134668698379,Regular,Cant_Loose,Medium Risk,NORMAL,1496.98,2614.260428257644,1117.280428257644,92,7,1496.98,2,5,4,3.7,25
14415.0,53.32525669640472,High-Value,Champions,Low Risk,HIGH,5900.280000000001,7490.439259851402,1590.1592598514017,1,13,5900.280000000001,5,5,5,5.0,55
14416.0,29.497601956910867,Regular,Potential_Loyalists,Low Risk,NORMAL,490.2200000000001,599.142314851498,108.9223148514979,22,2,490.2200000000001,4,3,3,3.3,43
14418.0,38.82182085479335,Regular,Potential_Loyalists,Low Risk,NORMAL,1937.25,2134.3025037275893,197.05250372758928,4,3,1937.25,5,3,4,4.0,53
14419.0,46.38227963170993,Regular,Champions,Low Risk,NORMAL,1058.06,2295.937566127568,1237.8775661275681,11,6,1058.06,5,5,4,4.6,55
14420.0,9.579457382312608,Regular,Hibernating,High Risk,MEDIUM,387.52,817.9807940162548,430.4607940162548,99,1,387.52,2,1,2,1.7,21
14421.0,25.716489300837182,Regular,Need_Attention,Low Risk,NORMAL,813.1100000000001,515.9633892698901,-297.14661073011007,57,2,813.1100000000001,3,3,3,3.0,33
14422.0,51.65830157841918,High-Value,Champions,Low Risk,HIGH,4263.639999999999,3033.8754943405056,-1229.7645056594938,1,6,4263.639999999999,5,5,5,5.0,55
14423.0,5.88840470299948,Regular,Hibernating,High Risk,MEDIUM,265.2,975.5750151279433,710.3750151279432,218,1,265.2,1,1,2,1.4,11
14424.0,17.12988912607467,Regular,Promising,Medium Risk,NORMAL,322.08,952.8088283505865,630.7288283505866,18,1,322.08,4,1,2,2.3,41
14426.0,48.81686899308572,High-Value,Loyal_Customers,Low Risk,HIGH,4481.67,5462.908270951797,981.238270951797,24,10,4481.67,4,5,5,4.7,45
14427.0,20.422240930259726,Regular,Need_Attention,Low Risk,NORMAL,363.34,-270.7024376785961,-634.0424376785961,50,2,363.34,3,3,2,2.6,33
14428.0,42.72058239467466,Regular,Champions,Low Risk,NORMAL,1244.83,2532.0128446861345,1287.1828446861346,7,5,1244.83,5,4,4,4.300000000000001,54
14431.0,5.979536822340526,Regular,Hibernating,High Risk,MEDIUM,470.36,1219.2145088056834,748.8545088056834,303,1,470.36,1,1,2,1.4,11
14432.0,51.667950861643526,High-Value,Champions,Low Risk,HIGH,2255.51,3059.672617200502,804.1626172005017,10,6,2255.51,5,5,5,5.0,55
14434.0,42.575435553704665,Regular,Loyal_Customers,Low Risk,NORMAL,1372.8,2143.966312919303,771.1663129193032,22,6,1372.8,4,5,4,4.300000000000001,45
14436.0,4.292714009798529,Regular,Hibernating,High Risk,MEDIUM,89.06,51.379395958876785,-37.68060404112322,99,1,89.06,2,1,1,1.2999999999999998,21
14437.0,0.7603384323968728,Regular,Hibernating,High Risk,MEDIUM,63.0,633.1929707682777,570.1929707682777,366,1,63.0,1,1,1,1.0,11
14438.0,0.6960098775678998,Regular,Hibernating,High Risk,MEDIUM,131.9,461.21215170163737,329.3121517016374,306,1,131.9,1,1,1,1.0,11
14439.0,21.85799336375096,High-Value,Hibernating,High Risk,CRITICAL,2661.24,3567.7466017133665,906.5066017133668,320,1,2661.24,1,1,5,2.6,11
14440.0,48.00839790976921,High-Value,Champions,Low Risk,HIGH,2357.6800000000003,3301.4805897279566,943.8005897279563,8,5,2357.6800000000003,5,4,5,4.7,54
14441.0,42.47601309376525,Regular,Champions,Low Risk,NORMAL,1712.8900000000003,1878.1627962779137,165.27279627791336,1,4,1712.8900000000003,5,4,4,4.300000000000001,54
14442.0,23.52463448248154,Regular,At_Risk,Medium Risk,NORMAL,1589.82,1339.7820009506847,-250.0379990493152,205,2,1589.82,1,3,4,2.8,13
14443.0,34.89556135774966,Regular,Loyal_Customers,Low Risk,NORMAL,1420.2,1663.0770463791498,242.87704637914976,54,4,1420.2,3,4,4,3.7,34
14446.0,42.47601309376525,Regular,Champions,Low Risk,NORMAL,1039.58,1878.1627962779137,838.5827962779138,1,4,1039.58,5,4,4,4.300000000000001,54
14447.0,38.91481045924986,Regular,Loyal_Customers,Low Risk,NORMAL,1163.2300000000002,2382.9079384623146,1219.6779384623144,19,5,1163.2300000000002,4,4,4,4.0,44
14448.0,28.01555837724111,Regular,Potential_Loyalists,Low Risk,NORMAL,375.35,-21.220523966504288,-396.5705239665043,9,2,375.35,5,3,2,3.2,53
14449.0,33.38993064130928,Regular,Loyal_Customers,Low Risk,NORMAL,907.1,979.6545739033797,72.55457390337972,19,4,907.1,4,4,3,3.6,44
14450.0,13.163552760948313,Regular,At_Risk,Medium Risk,NORMAL,483.25,374.43884371082913,-108.81115628917087,181,3,483.25,1,3,2,2.0,13
14451.0,25.71970572857863,Regular,Need_Attention,Low Risk,NORMAL,662.59,524.562430223222,-138.02756977677802,60,2,662.59,3,3,3,3.0,33
14452.0,28.017702662402076,Regular,Potential_Loyalists,Low Risk,NORMAL,264.44,-15.487829997616245,-279.92782999761624,11,2,264.44,5,3,2,3.2,53
14453.0,0.5716413382318853,Regular,Hibernating,High Risk,MEDIUM,119.93,128.71590150613315,8.785901506133143,190,1,119.93,1,1,1,1.0,11
14456.0,52.37699948502063,High-Value,Champions,Low Risk,HIGH,3062.4,4955.296781782952,1892.896781782952,5,9,3062.4,5,5,5,5.0,55
14457.0,0.7013705904703142,Regular,Hibernating,High Risk,MEDIUM,113.64,475.5438866238576,361.9038866238576,311,1,113.64,1,1,1,1.0,11
14459.0,20.2129841118478,Regular,Hibernating,High Risk,MEDIUM,1837.92,2511.6990212598757,673.7790212598757,155,1,1837.92,2,1,4,2.5,21
14460.0,16.906068284124615,Regular,At_Risk,Medium Risk,NORMAL,434.34,354.42927785245297,-79.910722147547,110,3,434.34,2,3,2,2.3,23
14461.0,32.80703981972519,High-Value,At_Risk,Medium Risk,HIGH,2103.0599999999995,2763.1546574334598,660.0946574334603,148,3,2103.0599999999995,2,3,5,3.5,23
14462.0,39.994654407987845,Regular,Loyal_Customers,Low Risk,NORMAL,2004.02,5269.844342705475,3265.8243427054754,66,11,2004.02,3,5,4,4.0,35
14463.0,22.179945945672902,Regular,At_Risk,Medium Risk,NORMAL,529.62,1086.6345120965032,557.0145120965032,98,3,529.62,2,3,3,2.7,23
14465.0,23.80780091628833,Regular,At_Risk,Medium Risk,NORMAL,1058.62,2096.82054079889,1038.20054079889,247,3,1058.62,1,3,4,2.8,13
14466.0,48.10782036970862,High-Value,Loyal_Customers,Low Risk,HIGH,2272.4,3567.284106369347,1294.8841063693467,29,7,2272.4,4,5,5,4.7,45
14467.0,33.388858498728794,Regular,Loyal_Customers,Low Risk,NORMAL,598.76,976.7882269189356,378.0282269189356,18,4,598.76,4,4,3,3.6,44
14470.0,28.018774804982556,Regular,Potential_Loyalists,Low Risk,NORMAL,461.19000000000005,-12.621483013172337,-473.8114830131724,12,2,461.19000000000005,5,3,2,3.2,53
14472.0,35.50234884337609,Regular,Cant_Loose,Medium Risk,NORMAL,1936.84,3285.3085585725294,1348.4685585725294,104,8,1936.84,2,5,4,3.7,25
14473.0,11.342591333286649,Regular,At_Risk,Low Risk,NORMAL,234.34,-1152.012578146466,-1386.352578146466,74,2,234.34,2,3,1,1.9,23
14474.0,18.62801484445168,Regular,About_to_Sleep,Medium Risk,NORMAL,547.6600000000001,1616.1668719352485,1068.5068719352485,46,1,547.6600000000001,3,1,3,2.4000000000000004,31
14475.0,25.97070788497093,Regular,Need_Attention,Low Risk,NORMAL,925.85,1195.6105605381065,269.76056053810646,72,3,925.85,3,3,3,3.0,33
14476.0,0.6434748911242385,Regular,Hibernating,High Risk,MEDIUM,215.7,320.7611494638811,105.06114946388112,257,1,215.7,1,1,1,1.0,11
14477.0,38.677746156403835,Regular,Loyal_Customers,Low Risk,NORMAL,1309.6,1749.1223189452019,439.52231894520196,20,4,1309.6,4,4,4,4.0,44
14479.0,13.003682723897057,Regular,At_Risk,Medium Risk,NORMAL,316.24999999999994,-52.96979292631545,-369.2197929263154,254,2,316.24999999999994,1,3,2,2.0,13
14480.0,20.94102177440188,Regular,New_Customers,Medium Risk,NORMAL,279.05,1116.2454694966261,837.1954694966262,11,1,279.05,5,1,2,2.6,51
14481.0,22.013643053138747,Regular,At_Risk,Medium Risk,NORMAL,636.51,642.0277935526944,5.517793552694457,165,2,636.51,2,3,3,2.7,23
14482.0,47.8578903558968,High-Value,Loyal_Customers,Low Risk,HIGH,2068.15,2899.1023230389055,830.9523230389054,18,6,2068.15,4,5,5,4.7,45
14483.0,0.6702784556363106,Regular,Hibernating,High Risk,MEDIUM,137.1,392.4198240749813,255.3198240749813,282,1,137.1,1,1,1,1.0,11
14484.0,13.345560042259535,Regular,About_to_Sleep,Medium Risk,NORMAL,321.92,861.0308618156466,539.1108618156466,50,1,321.92,3,1,2,2.0,31
14485.0,8.047023101360148,Regular,About_to_Sleep,Medium Risk,NORMAL,165.75,62.89964692938452,-102.85035307061548,39,1,165.75,3,1,1,1.6,31
14487.0,42.58079626660708,Regular,Loyal_Customers,Low Risk,NORMAL,1196.33,2158.298047841524,961.9680478415239,27,6,1196.33,4,5,4,4.300000000000001,45
14488.0,23.938345353736374,Regular,About_to_Sleep,Medium Risk,NORMAL,1064.2800000000002,2445.8279036503955,1381.5479036503953,68,1,1064.2800000000002,3,1,4,2.8,31
14489.0,5.876611134614169,Regular,Hibernating,High Risk,MEDIUM,463.38,944.0451982990592,480.66519829905917,207,1,463.38,1,1,2,1.4,11
14491.0,16.737621106429494,Regular,At_Risk,Medium Risk,NORMAL,340.93,-95.91013466024356,-436.84013466024356,175,2,340.93,2,3,2,2.3,23
14493.0,48.007325767188725,High-Value,Champions,Low Risk,HIGH,2383.24,3298.6142427435134,915.3742427435136,7,5,2383.24,5,4,5,4.7,54
14494.0,11.851722894204457,Regular,Promising,Medium Risk,NORMAL,139.56,209.13820616876046,69.57820616876046,26,1,139.56,4,1,1,1.9,41
14495.0,15.136569700326135,Regular,Need_Attention,Low Risk,NORMAL,123.79999999999998,-1034.43748875153,-1158.23748875153,51,2,123.79999999999998,3,3,1,2.2,33
14496.0,18.35261036607914,Regular,At_Risk,Medium Risk,NORMAL,538.8100000000001,879.8797302288147,341.0697302288146,312,2,538.8100000000001,1,3,3,2.4000000000000004,13
14497.0,5.985969677823423,Regular,Hibernating,High Risk,MEDIUM,475.37,1236.4125907123473,761.0425907123473,309,1,475.37,1,1,2,1.4,11
14498.0,35.12190423479086,Regular,Loyal_Customers,Low Risk,NORMAL,1957.32,2268.1991960518226,310.87919605182265,43,5,1957.32,3,4,4,3.7,34
14499.0,29.740026972659305,Regular,Potential_Loyalists,Low Risk,NORMAL,815.3199999999999,1247.2596692908307,431.9396692908308,26,3,815.3199999999999,4,3,3,3.3,43
14500.0,16.88248114735399,Regular,At_Risk,Low Risk,NORMAL,356.85,291.36964419468495,-65.48035580531507,88,3,356.85,2,3,2,2.3,23
14501.0,12.928632743263254,Regular,At_Risk,Medium Risk,NORMAL,251.21,-253.61408183739547,-504.8240818373955,184,2,251.21,1,3,2,2.0,13
14502.0,49.0507168681903,High-Value,Loyal_Customers,Low Risk,HIGH,2470.67,6088.094849515577,3617.424849515577,20,11,2470.67,4,5,5,4.7,45
14503.0,51.660445863580144,High-Value,Champions,Low Risk,HIGH,3543.26,3039.608188309394,-503.65181169060634,3,6,3543.26,5,5,5,5.0,55
14504.0,29.601312987172204,Regular,Loyal_Customers,Low Risk,NORMAL,673.26,876.4112194306638,203.1512194306638,47,4,673.26,3,4,3,3.3,34
14505.0,48.33309110416933,High-Value,Loyal_Customers,Low Risk,HIGH,5905.64,4169.539909057576,-1736.1000909424247,17,8,5905.64,4,5,5,4.7,45
14506.0,38.91266617408889,Regular,Loyal_Customers,Low Risk,NORMAL,2012.17,2377.1752444934264,365.0052444934263,17,5,2012.17,4,4,4,4.0,44
14507.0,42.57757983886563,Regular,Loyal_Customers,Low Risk,NORMAL,1383.18,2149.6990068881914,766.5190068881914,24,6,1383.18,4,5,4,4.300000000000001,45
14508.0,24.210858584396785,Regular,Potential_Loyalists,Low Risk,NORMAL,276.42,-167.45908320588023,-443.87908320588025,22,2,276.42,4,3,2,2.8999999999999995,43
14511.0,42.72487096499659,Regular,Champions,Low Risk,NORMAL,1314.8100000000002,2543.47823262391,1228.66823262391,11,5,1314.8100000000002,5,4,4,4.300000000000001,54
14512.0,12.932921313585187,Regular,At_Risk,Medium Risk,NORMAL,275.28,-242.1486938996195,-517.4286938996195,188,2,275.28,1,3,2,2.0,13
14513.0,16.896419000900266,Regular,At_Risk,Medium Risk,NORMAL,455.59,328.6321549924569,-126.95784500754309,101,3,455.59,2,3,2,2.3,23
14514.0,31.245657689099694,Regular,Need_Attention,Low Risk,NORMAL,1055.35,1930.6821417666013,875.3321417666014,61,3,1055.35,3,3,4,3.4,33
14515.0,47.8578903558968,High-Value,Loyal_Customers,Low Risk,HIGH,2102.09,2899.1023230389055,797.0123230389054,18,6,2102.09,4,5,5,4.7,45
14517.0,24.2226521527821,Regular,Potential_Loyalists,Low Risk,NORMAL,330.45000000000005,-135.9292663769961,-466.37926637699616,33,2,330.45000000000005,4,3,2,2.8999999999999995,43
14518.0,8.07382666587222,Regular,About_to_Sleep,Medium Risk,NORMAL,174.37,134.55832154048449,-39.81167845951552,64,1,174.37,3,1,1,1.6,31
14520.0,28.008053379177728,Regular,Potential_Loyalists,Low Risk,NORMAL,270.6,-41.284952857612325,-311.88495285761235,2,2,270.6,5,3,2,3.2,53
14522.0,38.68203472672577,Regular,Loyal_Customers,Low Risk,NORMAL,974.54,1760.587706882978,786.047706882978,24,4,974.54,4,4,4,4.0,44
14523.0,4.302363293022876,Regular,Hibernating,High Risk,MEDIUM,241.09,77.17651881887264,-163.91348118112737,108,1,241.09,2,1,1,1.2999999999999998,21
14524.0,43.30056631578901,Regular,Loyal_Customers,Low Risk,NORMAL,1867.6800000000003,4082.5856822684136,2214.9056822684133,32,9,1867.6800000000003,4,5,4,4.300000000000001,45
14525.0,48.57444397733728,High-Value,Loyal_Customers,Low Risk,HIGH,4332.2,4814.790916512464,482.590916512464,20,9,4332.2,4,5,5,4.7,45
14527.0,63.32913168947896,High-Value,Champions,Low Risk,HIGH,8508.82,34235.554546885665,25726.734546885666,3,55,8508.82,5,5,5,5.0,55
14528.0,13.331622188713258,Regular,About_to_Sleep,Medium Risk,NORMAL,364.22,823.7683510178747,459.54835101787467,37,1,364.22,3,1,2,2.0,31
14529.0,25.957842174005137,Regular,Need_Attention,Low Risk,NORMAL,620.04,1161.2143967247787,541.1743967247787,60,3,620.04,3,3,3,3.0,33
14530.0,47.866467496540665,High-Value,Loyal_Customers,Low Risk,HIGH,2925.9100000000003,2922.0330989144577,-3.876901085542613,26,6,2925.9100000000003,4,5,5,4.7,45
14532.0,22.1666726421023,Regular,At_Risk,Medium Risk,NORMAL,932.85,1051.148659416284,118.29865941628407,236,4,932.85,1,4,3,2.7,14
14533.0,42.81678842687262,Regular,Loyal_Customers,Low Risk,NORMAL,1949.7200000000005,2789.2173203741922,839.4973203741918,25,7,1949.7200000000005,4,5,4,4.300000000000001,45
14534.0,54.51808320869822,High-Value,Champions,Low Risk,HIGH,4447.050000000001,10679.431786328074,6232.381786328073,3,18,4447.050000000001,5,5,5,5.0,55
14535.0,36.531328919033285,High-Value,Need_Attention,Low Risk,HIGH,2864.19,2694.4171928395353,-169.7728071604647,60,3,2864.19,3,3,5,3.8,33
14536.0,0.6466913188656871,Regular,Hibernating,High Risk,MEDIUM,171.8,329.36019041721306,157.56019041721305,260,1,171.8,1,1,1,1.0,11
14537.0,13.354137182903397,Regular,About_to_Sleep,Medium Risk,NORMAL,355.56000000000006,883.9616376911988,528.4016376911987,58,1,355.56000000000006,3,1,2,2.0,31
14538.0,20.43832306896697,Regular,Need_Attention,Low Risk,NORMAL,388.25,-227.7072329119361,-615.9572329119361,65,2,388.25,3,3,2,2.6,33
14539.0,29.491169101427968,Regular,Potential_Loyalists,Low Risk,NORMAL,537.48,581.9442329448341,44.464232944834066,16,2,537.48,4,3,3,3.3,43
14540.0,38.82825371027624,Regular,Potential_Loyalists,Low Risk,NORMAL,996.26,2151.500585634253,1155.2405856342532,10,3,996.26,5,3,4,4.0,53
14541.0,39.27274007364495,Regular,Loyal_Customers,Low Risk,NORMAL,1461.6500000000003,3339.8240143096973,1878.174014309697,59,8,1461.6500000000003,3,5,4,4.0,35
14542.0,0.5673527679099538,Regular,Hibernating,High Risk,MEDIUM,103.25,117.25051356835706,14.000513568357064,186,1,103.25,1,1,1,1.0,11
14543.0,50.251048378547175,High-Value,Loyal_Customers,Low Risk,HIGH,3630.33,9297.151804883357,5666.821804883357,29,16,3630.33,4,5,5,4.7,45
14544.0,34.78648961458591,Regular,Potential_Loyalists,Low Risk,NORMAL,2024.45,1371.4764068777638,-652.9735931222363,24,2,2024.45,4,3,4,3.7,43
14546.0,48.00518148202776,High-Value,Champions,Low Risk,HIGH,2578.09,3292.881548774625,714.791548774625,5,5,2578.09,5,4,5,4.7,54
14547.0,52.137790897013645,High-Value,Champions,Low Risk,HIGH,4007.54,4315.778468296951,308.2384682969514,4,8,4007.54,5,5,5,5.0,55
14548.0,21.998633057011986,Regular,At_Risk,Medium Risk,NORMAL,652.8,601.8989357704784,-50.90106422952158,151,2,652.8,2,3,3,2.7,23
14549.0,5.9881139629843885,Regular,Hibernating,High Risk,MEDIUM,289.24,1242.1452846812356,952.9052846812356,311,1,289.24,1,1,2,1.4,11
14550.0,33.30444603491615,Regular,Potential_Loyalists,Low Risk,NORMAL,765.62,751.1135680597617,-14.506431940238258,11,2,765.62,5,3,3,3.6,53
14551.0,18.91982664156079,Regular,Potential_Loyalists,Low Risk,NORMAL,186.23,-945.5258692010342,-1131.755869201034,18,2,186.23,4,3,1,2.5,43
14552.0,4.3495375665641225,Regular,Hibernating,High Risk,MEDIUM,165.07,203.29578613440867,38.22578613440868,152,1,165.07,2,1,1,1.2999999999999998,21
14553.0,33.62806708673578,Regular,Loyal_Customers,Low Risk,NORMAL,859.2700000000001,1616.3065404049364,757.0365404049363,19,5,859.2700000000001,4,4,3,3.6,44
14554.0,47.77240574950367,High-Value,Champions,Low Risk,HIGH,2381.04,2670.561317195288,289.52131719528825,10,4,2381.04,5,4,5,4.7,54
14555.0,20.429745928323108,Regular,Need_Attention,Low Risk,NORMAL,324.14,-250.63800878748805,-574.778008787488,57,2,324.14,3,3,2,2.6,33
14557.0,14.851190758699923,Regular,Hibernating,Medium Risk,NORMAL,788.38,1544.4533342914167,756.0733342914167,85,1,788.38,2,1,3,2.1,21
14560.0,55.47491756072618,High-Value,Champions,Low Risk,HIGH,2237.7699999999995,13237.505040272075,10999.735040272077,7,22,2237.7699999999995,5,5,5,5.0,55
14561.0,27.44310218141635,Regular,At_Risk,Low Risk,NORMAL,1080.76,1790.1762764961134,709.4162764961134,76,3,1080.76,2,3,4,3.1,23
14562.0,54.519155351278705,High-Value,Champions,Low Risk,HIGH,5074.77,10682.298133312517,5607.528133312517,4,18,5074.77,5,5,5,5.0,55
14565.0,36.40869707225343,High-Value,At_Risk,Medium Risk,HIGH,3099.1200000000003,2366.563947746028,-732.5560522539722,96,4,3099.1200000000003,2,4,5,3.8,24
14566.0,20.16580983830655,Regular,Hibernating,High Risk,MEDIUM,1432.0,2385.5797539443392,953.5797539443392,111,1,1432.0,2,1,4,2.5,21
14567.0,31.003232673351256,Regular,Need_Attention,Low Risk,NORMAL,1530.36,1282.5647873272685,-247.7952126727314,57,2,1530.36,3,3,4,3.4,33
14569.0,15.643556976082978,Regular,New_Customers,Medium Risk,NORMAL,227.39,320.9806015948084,93.59060159480839,1,1,227.39,5,1,1,2.2,51
14570.0,7.74588720105602,Regular,At_Risk,Medium Risk,NORMAL,218.06,-742.1798224037054,-960.2398224037054,281,2,218.06,1,3,1,1.6,13
14572.0,51.89858230900665,High-Value,Champions,Low Risk,HIGH,2832.84,3676.2601548109506,843.4201548109504,3,7,2832.84,5,5,5,5.0,55
14573.0,32.00333047852871,Regular,Cant_Loose,Medium Risk,NORMAL,1653.42,3956.3018258546817,2302.8818258546817,180,9,1653.42,1,5,4,3.4000000000000004,15
14576.0,0.76677128787977,Regular,Hibernating,High Risk,MEDIUM,35.400000000000006,650.3910526749416,614.9910526749417,372,1,35.400000000000006,1,1,1,1.0,11
14577.0,37.20213543221697,Regular,Champions,Low Risk,NORMAL,859.7100000000002,1145.9575620338635,286.24756203386335,13,4,859.7100000000002,5,4,3,3.9,54
14578.0,15.645701261243943,Regular,New_Customers,Medium Risk,NORMAL,168.63,326.7132955636964,158.08329556369642,3,1,168.63,5,1,1,2.2,51
14581.0,11.842073610980112,Regular,Promising,Medium Risk,NORMAL,138.6,183.34108330876438,44.74108330876439,17,1,138.6,4,1,1,1.9,41
14582.0,8.049167386521114,Regular,About_to_Sleep,Medium Risk,NORMAL,114.11,68.63234089827233,-45.47765910172767,41,1,114.11,3,1,1,1.6,31
14583.0,42.719510252094175,Regular,Champions,Low Risk,NORMAL,1052.55,2529.1464977016904,1476.5964977016904,6,5,1052.55,5,4,4,4.300000000000001,54
14584.0,31.200220108114607,Regular,At_Risk,Medium Risk,NORMAL,1042.2600000000002,1809.2058795530627,766.9458795530625,169,4,1042.2600000000002,2,4,4,3.4,24
14585.0,8.058816669745461,Regular,About_to_Sleep,Medium Risk,NORMAL,157.05,94.42946375826864,-62.62053624173137,50,1,157.05,3,1,1,1.6,31
14586.0,0.6649177427338961,Regular,Hibernating,High Risk,MEDIUM,237.36,378.0880891527613,140.7280891527613,277,1,237.36,1,1,1,1.0,11
14587.0,43.28662846224273,Regular,Loyal_Customers,Low Risk,NORMAL,1601.14,4045.3231714706417,2444.1831714706414,19,9,1601.14,4,5,4,4.300000000000001,45
14589.0,0.76677128787977,Regular,Hibernating,High Risk,MEDIUM,39.75,650.3910526749416,610.6410526749416,372,1,39.75,1,1,1,1.0,11
14591.0,38.67238544350142,Regular,Loyal_Customers,Low Risk,NORMAL,1447.14,1734.790584022982,287.650584022982,15,4,1447.14,4,4,4,4.0,44
14592.0,25.931038609493065,Regular,Need_Attention,Low Risk,NORMAL,570.4599999999999,1089.5557221136785,519.0957221136786,35,3,570.4599999999999,3,3,3,3.0,33
14593.0,29.735738402337372,Regular,Potential_Loyalists,Low Risk,NORMAL,617.99,1235.7942813530547,617.8042813530546,22,3,617.99,4,3,3,3.3,43
14594.0,28.013414092080144,Regular,Potential_Loyalists,Low Risk,NORMAL,379.8299999999999,-26.953217935392104,-406.78321793539203,7,2,379.8299999999999,5,3,2,3.2,53
14595.0,42.5732912685437,Regular,Loyal_Customers,Low Risk,NORMAL,1740.6,2138.233618950416,397.6336189504159,20,6,1740.6,4,5,4,4.300000000000001,45
14597.0,33.30444603491615,Regular,Potential_Loyalists,Low Risk,NORMAL,883.1500000000001,751.1135680597617,-132.03643194023834,11,2,883.1500000000001,5,3,3,3.6,53
14598.0,8.052383814262562,Regular,About_to_Sleep,Medium Risk,NORMAL,221.97,77.23138185160451,-144.7386181483955,44,1,221.97,3,1,1,1.6,31
14600.0,5.9827532500819744,Regular,Hibernating,High Risk,MEDIUM,393.33,1227.8135497590154,834.4835497590154,306,1,393.33,1,1,2,1.4,11
14601.0,15.654278401887806,Regular,New_Customers,Medium Risk,NORMAL,213.96000000000004,349.64407143924836,135.68407143924833,11,1,213.96000000000004,5,1,1,2.2,51
14603.0,11.236260202601086,Regular,Hibernating,High Risk,MEDIUM,660.0,1905.5581912986297,1245.5581912986297,275,1,660.0,1,1,3,1.8000000000000005,11
14606.0,72.37617233052525,High-Value,Champions,Low Risk,HIGH,12156.65,58422.59657997593,46265.94657997593,1,93,12156.65,5,5,5,5.0,55
14607.0,49.76083763414788,High-Value,Loyal_Customers,Low Risk,HIGH,16569.5,7986.585361082471,-8582.91463891753,16,14,16569.5,4,5,5,4.7,45
14608.0,42.4792295215067,Regular,Champions,Low Risk,NORMAL,1785.15,1886.7618372312456,101.61183723124554,4,4,1785.15,5,4,4,4.300000000000001,54
14609.0,29.628116551684275,Regular,Loyal_Customers,Low Risk,NORMAL,601.5600000000001,948.069894041764,346.5098940417639,72,4,601.5600000000001,3,4,3,3.3,34
14616.0,13.230025600938252,Regular,At_Risk,Medium Risk,NORMAL,406.08,552.1523567463573,146.07235674635734,243,3,406.08,1,3,2,2.0,13
14618.0,33.540438195181686,Regular,Potential_Loyalists,Low Risk,NORMAL,553.44,1382.0328405924304,828.5928405924303,9,3,553.44,5,3,3,3.6,53
14619.0,5.918424695253002,Regular,Hibernating,High Risk,MEDIUM,394.44,1055.8327306923754,661.3927306923754,246,1,394.44,1,1,2,1.4,11
14620.0,12.952219880033878,Regular,At_Risk,Medium Risk,NORMAL,412.78,-190.55444817962746,-603.3344481796274,206,2,412.78,1,3,2,2.0,13
14621.0,42.71414953919176,Regular,Champions,Low Risk,NORMAL,1788.3600000000004,2514.8147627794706,726.4547627794702,1,5,1788.3600000000004,5,4,4,4.300000000000001,54
14622.0,5.853023997843545,Regular,Hibernating,High Risk,MEDIUM,320.58,880.9855646412911,560.4055646412912,185,1,320.58,1,1,2,1.4,11
14623.0,33.642004940282064,Regular,Loyal_Customers,Low Risk,NORMAL,889.2499999999999,1653.5690512027084,764.3190512027085,32,5,889.2499999999999,4,4,3,3.6,44
14624.0,15.143002555809034,Regular,Need_Attention,Low Risk,NORMAL,225.85,-1017.239406844866,-1243.089406844866,57,2,225.85,3,3,1,2.2,33
14625.0,18.22824182674313,Regular,At_Risk,Medium Risk,NORMAL,899.63,547.3834800333104,-352.24651996668956,196,2,899.63,1,3,3,2.4000000000000004,13
14626.0,43.96877809923985,High-Value,Loyal_Customers,Low Risk,HIGH,2791.27,2527.1891049403557,-264.08089505964426,24,4,2791.27,4,4,5,4.4,44
14628.0,21.934304502183014,Regular,At_Risk,Medium Risk,NORMAL,671.9599999999999,429.9181167038382,-242.0418832961617,91,2,671.9599999999999,2,3,3,2.7,23
14629.0,38.58368440936684,Regular,Potential_Loyalists,Low Risk,NORMAL,959.01,1497.6505372260324,538.6405372260324,4,2,959.01,5,3,4,4.0,53
14631.0,31.234936263294866,Regular,Need_Attention,Low Risk,NORMAL,1006.98,1902.0186719221608,895.0386719221608,51,3,1006.98,3,3,4,3.4,33
14632.0,0.6499077466071358,Regular,Hibernating,High Risk,MEDIUM,114.56,337.95923137054524,223.39923137054524,263,1,114.56,1,1,1,1.0,11
14633.0,5.939867546862659,Regular,Hibernating,High Risk,MEDIUM,344.9000000000001,1113.1596703812554,768.2596703812553,266,1,344.9000000000001,1,1,2,1.4,11
14636.0,25.69397430664704,Regular,Need_Attention,Low Risk,NORMAL,609.8500000000001,455.77010259656595,-154.0798974034342,36,2,609.8500000000001,3,3,3,3.0,33
14638.0,13.346632184840018,Regular,About_to_Sleep,Medium Risk,NORMAL,443.6,863.8972088000908,420.29720880009074,51,1,443.6,3,1,2,2.0,31
14639.0,44.075705557242635,High-Value,Loyal_Customers,Low Risk,HIGH,2984.49,2813.057050472854,-171.43294952714587,52,6,2984.49,3,5,5,4.4,35
14640.0,47.8643232113797,High-Value,Loyal_Customers,Low Risk,HIGH,2125.08,2916.3004049455703,791.2204049455704,24,6,2125.08,4,5,5,4.7,45
14641.0,11.847434323882526,Regular,Promising,Medium Risk,NORMAL,110.46,197.67281823098438,87.21281823098438,22,1,110.46,4,1,1,1.9,41
14642.0,8.068465952969806,Regular,About_to_Sleep,Medium Risk,NORMAL,96.12,120.22658661826449,24.106586618264487,59,1,96.12,3,1,1,1.6,31
14643.0,22.019003766041163,Regular,At_Risk,Medium Risk,NORMAL,693.81,656.3595284749144,-37.450471525085504,170,2,693.81,2,3,3,2.7,23
14644.0,25.728282869222493,Regular,Need_Attention,Low Risk,NORMAL,830.76,547.493206098774,-283.26679390122604,68,2,830.76,3,3,3,3.0,33
14645.0,22.005065912494885,Regular,At_Risk,Medium Risk,NORMAL,597.0899999999999,619.0970176771423,22.007017677142358,157,2,597.0899999999999,2,3,3,2.7,23
14646.0,67.6145155645756,High-Value,Champions,Low Risk,HIGH,280206.02,45692.42359692924,-234513.59640307078,2,73,280206.02,5,5,5,5.0,55
14647.0,0.5834349066171971,Regular,Hibernating,High Risk,MEDIUM,243.22,160.24571833501705,-82.97428166498295,201,1,243.22,1,1,1,1.0,11
14649.0,42.480301664087186,Regular,Champions,Low Risk,NORMAL,1417.29,1889.6281842156898,472.3381842156898,5,4,1417.29,5,4,4,4.300000000000001,54
14651.0,25.72721072664201,Regular,Need_Attention,Low Risk,NORMAL,654.5999999999999,544.62685911433,-109.97314088566986,67,2,654.5999999999999,3,3,3,3.0,33
14652.0,4.269126873027906,Regular,Hibernating,Medium Risk,NORMAL,114.18,-11.68023769889146,-125.86023769889147,77,1,114.18,2,1,1,1.2999999999999998,21
14653.0,46.6096946513316,Regular,Champions,Low Risk,NORMAL,1947.55,2903.9260627846843,956.3760627846843,1,7,1947.55,5,5,4,4.6,55
14655.0,42.483518091828635,Regular,Champions,Low Risk,NORMAL,1932.23,1898.2272251690217,-34.0027748309783,8,4,1932.23,5,4,4,4.300000000000001,54
14656.0,16.731188250946598,Regular,At_Risk,Medium Risk,NORMAL,291.05,-113.10821656690746,-404.15821656690747,169,2,291.05,2,3,2,2.3,23
14657.0,33.388858498728794,Regular,Loyal_Customers,Low Risk,NORMAL,848.22,976.7882269189356,128.56822691893558,18,4,848.22,4,4,3,3.6,44
14658.0,22.724526434405096,Regular,Potential_Loyalists,Low Risk,NORMAL,247.15,-799.2873099616584,-1046.4373099616585,5,2,247.15,5,3,1,2.8,53
14659.0,52.381288055342566,High-Value,Champions,Low Risk,HIGH,2529.93,4966.762169720728,2436.832169720728,9,9,2529.93,5,5,5,5.0,55
14660.0,16.643272559347,Regular,At_Risk,Low Risk,NORMAL,285.73999999999995,-348.14866929131574,-633.8886692913156,87,2,285.73999999999995,2,3,2,2.3,23
14661.0,11.85279503678494,Regular,Promising,Medium Risk,NORMAL,107.95,212.00455315320437,104.05455315320437,27,1,107.95,4,1,1,1.9,41
14662.0,33.4006520671141,Regular,Loyal_Customers,Low Risk,NORMAL,771.1700000000001,1008.3180437478193,237.1480437478192,29,4,771.1700000000001,4,4,3,3.6,44
14664.0,29.4954576717499,Regular,Potential_Loyalists,Low Risk,NORMAL,637.8900000000001,593.4096208826102,-44.48037911738993,20,2,637.8900000000001,4,3,3,3.3,43
14665.0,35.14120280123955,Regular,Loyal_Customers,Low Risk,NORMAL,1835.7,2319.7934417718143,484.09344177181424,61,5,1835.7,3,4,4,3.7,34
14666.0,11.849578609043492,Regular,Promising,Medium Risk,NORMAL,195.25,203.40551219987242,8.155512199872419,24,1,195.25,4,1,1,1.9,41
14667.0,56.19361546732763,High-Value,Champions,Low Risk,HIGH,9241.2,15158.926327714522,5917.726327714521,11,25,9241.2,5,5,5,5.0,55
14669.0,23.802440203385917,Regular,At_Risk,Medium Risk,NORMAL,1269.9900000000002,2082.488805876669,812.4988058766689,242,3,1269.9900000000002,1,3,4,2.8,13
14670.0,13.031558430989612,Regular,At_Risk,Medium Risk,NORMAL,411.53,21.55522866922888,-389.9747713307711,280,2,411.53,1,3,2,2.0,13
14672.0,18.27005538738196,Regular,At_Risk,Medium Risk,NORMAL,765.55,659.1710124266262,-106.3789875733737,235,2,765.55,1,3,3,2.4000000000000004,13
14673.0,42.716293824352725,Regular,Champions,Low Risk,NORMAL,1736.4,2520.547456748359,784.1474567483588,3,5,1736.4,5,4,4,4.300000000000001,54
14675.0,22.414488213427784,Regular,Promising,Medium Risk,NORMAL,604.7500000000001,1713.6775324390767,1108.9275324390765,16,1,604.7500000000001,4,1,3,2.7,41
14676.0,47.87182820944308,High-Value,Loyal_Customers,Low Risk,HIGH,2548.24,2936.3648338366784,388.1248338366786,31,6,2548.24,4,5,5,4.7,45
14680.0,50.24675980822524,High-Value,Loyal_Customers,Low Risk,HIGH,28754.11,9285.68641694558,-19468.42358305442,25,16,28754.11,4,5,5,4.7,45
14681.0,25.969635742390448,Regular,Need_Attention,Low Risk,NORMAL,498.95,1192.7442135536628,693.7942135536628,71,3,498.95,3,3,3,3.0,33
14682.0,7.6461779410711115,Regular,At_Risk,Medium Risk,NORMAL,52.0,-1008.7500919569977,-1060.7500919569977,188,2,52.0,1,3,1,1.6,13
14684.0,38.92231545731324,Regular,Loyal_Customers,Low Risk,NORMAL,1236.2799999999995,2402.9723673534227,1166.6923673534232,26,5,1236.2799999999995,4,4,4,4.0,44
14687.0,14.874777895470547,Regular,Hibernating,High Risk,MEDIUM,628.3799999999999,1607.512967949185,979.1329679491851,107,1,628.3799999999999,2,1,3,2.1,21
14688.0,55.23785325788016,High-Value,Champions,Low Risk,HIGH,5630.870000000001,12603.719420754964,6972.849420754963,8,21,5630.870000000001,5,5,5,5.0,55
14689.0,0.59201204726106,Regular,Hibernating,High Risk,MEDIUM,112.8,183.176494210569,70.37649421056899,209,1,112.8,1,1,1,1.0,11
14690.0,20.41580807477683,Regular,Need_Attention,Low Risk,NORMAL,371.7,-287.9005195852601,-659.6005195852601,44,2,371.7,3,3,2,2.6,33
14691.0,44.214419542729736,High-Value,Loyal_Customers,Low Risk,HIGH,2114.33,3183.9055003330213,1069.5755003330214,31,5,2114.33,4,4,5,4.4,44
14692.0,25.87916817302508,Regular,At_Risk,Medium Risk,NORMAL,591.5500000000001,950.881377993476,359.33137799347594,137,4,591.5500000000001,2,4,3,3.0,24
14693.0,0.6520520317681017,Regular,Hibernating,High Risk,MEDIUM,172.9,343.6919253394333,170.79192533943328,265,1,172.9,1,1,1,1.0,11
14696.0,51.89965445158713,High-Value,Champions,Low Risk,HIGH,2078.95,3679.1265017953947,1600.1765017953949,4,7,2078.95,5,5,5,5.0,55
14697.0,7.678342218485598,Regular,At_Risk,Medium Risk,NORMAL,188.61,-922.7596824236776,-1111.3696824236777,218,2,188.61,1,3,1,1.6,13
14698.0,42.71522168177224,Regular,Champions,Low Risk,NORMAL,1250.76,2517.6811097639147,1266.9211097639147,2,5,1250.76,5,4,4,4.300000000000001,54
14699.0,0.5973727601634746,Regular,Hibernating,High Risk,MEDIUM,109.13,197.5082291327892,88.37822913278922,214,1,109.13,1,1,1,1.0,11
14700.0,40.31994657317035,High-Value,Potential_Loyalists,Low Risk,HIGH,2235.3,2797.660547312251,562.3605473122507,32,3,2235.3,4,3,5,4.1,43
14701.0,52.383432340503525,High-Value,Champions,Low Risk,HIGH,2549.37,4972.494863689616,2423.124863689616,11,9,2549.37,5,5,5,5.0,55
14702.0,54.27780247811075,High-Value,Champions,Low Risk,HIGH,3292.1400000000003,10037.047125857629,6744.907125857629,1,17,3292.1400000000003,5,5,5,5.0,55
14703.0,17.12667269833322,Regular,Promising,Medium Risk,NORMAL,318.17,944.2097873972546,626.0397873972545,15,1,318.17,4,1,2,2.3,41
14704.0,47.096688967989444,Regular,Champions,Low Risk,NORMAL,1546.91,4205.893465632238,2658.983465632238,11,9,1546.91,5,5,4,4.6,55
14705.0,0.5812906214562313,Regular,Hibernating,High Risk,MEDIUM,179.0,154.513024366129,-24.486975633870998,199,1,179.0,1,1,1,1.0,11
14708.0,38.82074871221287,Regular,Potential_Loyalists,Low Risk,NORMAL,1126.37,2131.436156743145,1005.0661567431453,3,3,1126.37,5,3,4,4.0,53
14709.0,49.521629046140895,High-Value,Loyal_Customers,Low Risk,HIGH,4921.040000000001,7347.067047596471,2426.02704759647,15,13,4921.040000000001,4,5,5,4.7,45
14710.0,33.38456992840686,Regular,Loyal_Customers,Low Risk,NORMAL,606.13,965.3228389811595,359.1928389811595,14,4,606.13,4,4,3,3.6,44
14711.0,52.85863308877606,High-Value,Champions,Low Risk,HIGH,2868.8,6242.932449708285,3374.132449708285,10,11,2868.8,5,5,5,5.0,55
14712.0,29.743243400400754,Regular,Potential_Loyalists,Low Risk,NORMAL,917.07,1255.8587102441627,338.78871024416264,29,3,917.07,4,3,3,3.3,43
14713.0,52.857560946195576,High-Value,Champions,Low Risk,HIGH,2666.36,6240.066102723842,3573.706102723842,9,11,2666.36,5,5,5,5.0,55
14714.0,11.849578609043492,Regular,Promising,Medium Risk,NORMAL,160.19,203.40551219987242,43.21551219987242,24,1,160.19,4,1,1,1.9,41
14715.0,33.396363496792176,Regular,Loyal_Customers,Low Risk,NORMAL,867.3800000000001,996.8526558100436,129.47265581004353,25,4,867.3800000000001,4,4,3,3.6,44
14716.0,20.414735932196347,Regular,Need_Attention,Low Risk,NORMAL,329.67999999999995,-290.7668665697041,-620.4468665697041,43,2,329.67999999999995,3,3,2,2.6,33
14719.0,42.71522168177224,Regular,Champions,Low Risk,NORMAL,1602.13,2517.6811097639147,915.5511097639146,2,5,1602.13,5,4,4,4.300000000000001,54
14720.0,33.537221767440236,Regular,Potential_Loyalists,Low Risk,NORMAL,663.8100000000002,1373.4337996390984,709.6237996390983,6,3,663.8100000000002,5,3,3,3.6,53
14722.0,4.344176853661708,Regular,Hibernating,High Risk,MEDIUM,187.92,188.9640512121889,1.0440512121889185,147,1,187.92,2,1,1,1.2999999999999998,21
14723.0,46.381207489129444,Regular,Champions,Low Risk,NORMAL,1158.3,2293.071219143124,1134.771219143124,10,6,1158.3,5,5,4,4.6,55
14725.0,22.42413749665213,Regular,Promising,Medium Risk,NORMAL,718.08,1739.4746552990725,1021.3946552990725,25,1,718.08,4,1,3,2.7,41
14727.0,5.948444687506522,Regular,Hibernating,High Risk,MEDIUM,268.58,1136.0904462568076,867.5104462568077,274,1,268.58,1,1,2,1.4,11
14729.0,6.05565894555481,Regular,Hibernating,High Risk,MEDIUM,313.49000000000007,1422.7251447012075,1109.2351447012074,374,1,313.49000000000007,1,1,2,1.4,11
14730.0,46.84783109675811,Regular,Champions,Low Risk,NORMAL,2005.06,3540.578029286241,1535.518029286241,1,8,2005.06,5,5,4,4.6,55
14731.0,20.657160947944785,Regular,Need_Attention,Low Risk,NORMAL,380.02,357.3504878696285,-22.66951213037146,47,3,380.02,3,3,2,2.6,33
14732.0,52.14207946733557,High-Value,Champions,Low Risk,HIGH,2702.49,4327.243856234727,1624.7538562347272,8,8,2702.49,5,5,5,5.0,55
14733.0,49.28456474329487,High-Value,Loyal_Customers,Low Risk,HIGH,9585.91,6713.281428079358,-2872.6285719206417,16,12,9585.91,4,5,5,4.7,45
14735.0,57.8530655872498,High-Value,Champions,Low Risk,HIGH,6065.6900000000005,19595.42566433431,13529.73566433431,4,32,6065.6900000000005,5,5,5,5.0,55
14737.0,38.82182085479335,Regular,Potential_Loyalists,Low Risk,NORMAL,1164.55,2134.3025037275893,969.7525037275893,4,3,1164.55,5,3,4,4.0,53
14738.0,39.01744934693071,Regular,Loyal_Customers,Low Risk,NORMAL,1314.45,2657.3104960570363,1342.8604960570362,43,7,1314.45,3,5,4,4.0,35
14739.0,51.89965445158713,High-Value,Champions,Low Risk,HIGH,3902.28,3679.1265017953947,-223.1534982046055,4,7,3902.28,5,5,5,5.0,55
14740.0,23.754193787264185,Regular,At_Risk,Medium Risk,NORMAL,1448.2099999999998,1953.5031915766892,505.2931915766894,197,3,1448.2099999999998,1,3,4,2.8,13
14741.0,46.38335177429041,Regular,Champions,Low Risk,NORMAL,1400.34,2298.8039131120113,898.4639131120114,12,6,1400.34,5,5,4,4.6,55
14744.0,42.80713914364827,Regular,Loyal_Customers,Low Risk,NORMAL,1099.98,2763.420197514196,1663.440197514196,16,7,1099.98,4,5,4,4.300000000000001,45
14745.0,31.378316569034073,Regular,At_Risk,Medium Risk,NORMAL,1220.2600000000002,2285.3424149257553,1065.082414925755,113,5,1220.2600000000002,2,4,4,3.4,24
14747.0,5.9216411229944494,Regular,Hibernating,High Risk,MEDIUM,328.19999999999993,1064.4317716457074,736.2317716457075,249,1,328.19999999999993,1,1,2,1.4,11
14748.0,38.92553188505469,Regular,Loyal_Customers,Low Risk,NORMAL,1415.75,2411.571408306755,995.8214083067551,29,5,1415.75,4,4,4,4.0,44
14752.0,13.339127186776638,Regular,About_to_Sleep,Medium Risk,NORMAL,389.63999999999993,843.8327799089827,454.1927799089828,44,1,389.63999999999993,3,1,2,2.0,31
14753.0,14.85333504386089,Regular,Hibernating,Medium Risk,NORMAL,563.1499999999999,1550.186028260305,987.0360282603051,87,1,563.1499999999999,2,1,3,2.1,21
14754.0,25.703623589871388,Regular,Need_Attention,Low Risk,NORMAL,638.05,481.5672254565618,-156.48277454343815,45,2,638.05,3,3,3,3.0,33
14755.0,52.85863308877606,High-Value,Champions,Low Risk,HIGH,5010.280000000001,6242.932449708285,1232.6524497082846,10,11,5010.280000000001,5,5,5,5.0,55
14756.0,22.4134160708473,Regular,Promising,Medium Risk,NORMAL,738.9599999999998,1710.8111854546326,971.8511854546327,15,1,738.9599999999998,4,1,3,2.7,41
14757.0,9.553725960381017,Regular,Hibernating,Medium Risk,NORMAL,420.50000000000006,749.1884663895987,328.68846638959866,75,1,420.50000000000006,2,1,2,1.7,21
14758.0,31.174488686183018,Regular,At_Risk,Medium Risk,NORMAL,1484.06,1740.4135519264062,256.3535519264062,145,4,1484.06,2,4,4,3.4,24
14759.0,38.82289299737383,Regular,Potential_Loyalists,Low Risk,NORMAL,1625.97,2137.1688507120325,511.1988507120325,5,3,1625.97,5,3,4,4.0,53
14760.0,0.6863605943435538,Regular,Hibernating,High Risk,MEDIUM,89.2,435.4150288416413,346.2150288416413,297,1,89.2,1,1,1,1.0,11
14761.0,20.43189021348407,Regular,Need_Attention,Low Risk,NORMAL,255.9,-244.90531481860012,-500.8053148186001,59,2,255.9,3,3,2,2.6,33
14762.0,5.937723261701693,Regular,Hibernating,High Risk,MEDIUM,300.52,1107.4269764123671,806.9069764123672,264,1,300.52,1,1,2,1.4,11
14764.0,13.342343614518086,Regular,About_to_Sleep,Medium Risk,NORMAL,278.3,852.4318208623147,574.1318208623147,47,1,278.3,3,1,2,2.0,31
14765.0,24.456500027886673,Regular,Potential_Loyalists,Low Risk,NORMAL,254.11,489.2573121867845,235.14731218678446,29,3,254.11,4,3,2,2.8999999999999995,43
14766.0,51.66580657648256,High-Value,Champions,Low Risk,HIGH,2473.37,3053.9399232316136,580.5699232316138,8,6,2473.37,5,5,5,5.0,55
14768.0,18.918754498980306,Regular,Potential_Loyalists,Low Risk,NORMAL,192.6,-948.3922161854782,-1140.9922161854781,17,2,192.6,4,3,1,2.5,43
14769.0,52.13671875443316,High-Value,Champions,Low Risk,HIGH,10674.75,4312.912121312507,-6361.837878687493,3,8,10674.75,5,5,5,5.0,55
14770.0,18.266838959640513,Regular,At_Risk,Medium Risk,NORMAL,876.42,650.5719714732943,-225.84802852670566,232,2,876.42,1,3,3,2.4000000000000004,13
14772.0,4.306651863344807,Regular,Hibernating,High Risk,MEDIUM,139.26,88.64190675664872,-50.61809324335127,112,1,139.26,2,1,1,1.2999999999999998,21
14775.0,31.242441261358245,Regular,Need_Attention,Low Risk,NORMAL,1011.9,1922.0831008132689,910.1831008132689,58,3,1011.9,3,3,4,3.4,33
14776.0,45.265315641794686,High-Value,Loyal_Customers,Low Risk,HIGH,2538.3,5993.450535996193,3455.150535996193,51,11,2538.3,3,5,5,4.4,35
14778.0,21.972901635080397,Regular,At_Risk,Medium Risk,NORMAL,730.8599999999999,533.1066081438223,-197.7533918561776,127,2,730.8599999999999,2,3,3,2.7,23
14779.0,13.270767018996601,Regular,At_Risk,Medium Risk,NORMAL,386.15,661.0735421552295,274.9235421552295,281,3,386.15,1,3,2,2.0,13
14780.0,20.42760164316214,Regular,Need_Attention,Low Risk,NORMAL,447.68,-256.3707027563761,-704.050702756376,55,2,447.68,3,3,2,2.6,33
14782.0,0.7110198736946601,Regular,Hibernating,High Risk,MEDIUM,200.1,501.34100948385344,301.2410094838534,320,1,200.1,1,1,1,1.0,11
14784.0,24.215147154718718,Regular,Potential_Loyalists,Low Risk,NORMAL,289.99,-155.99369526810415,-445.98369526810416,26,2,289.99,4,3,2,2.8999999999999995,43
14785.0,22.729887147307508,Regular,Potential_Loyalists,Low Risk,NORMAL,77.4,-784.9555750394384,-862.3555750394383,10,2,77.4,5,3,1,2.8,53
14788.0,33.300157464594214,Regular,Potential_Loyalists,Low Risk,NORMAL,679.4399999999998,739.6481801219859,60.20818012198606,7,2,679.4399999999998,5,3,3,3.6,53
14789.0,11.854939321945906,Regular,Promising,Medium Risk,NORMAL,197.64,217.7372471220924,20.097247122092426,29,1,197.64,4,1,1,1.9,41
14790.0,33.38778635614831,Regular,Loyal_Customers,Low Risk,NORMAL,745.0600000000001,973.9218799344915,228.8618799344914,17,4,745.0600000000001,4,4,3,3.6,44
14792.0,8.07382666587222,Regular,About_to_Sleep,Medium Risk,NORMAL,6.2,134.55832154048449,128.3583215404845,64,1,6.2,3,1,1,1.6,31
14793.0,11.846362181302043,Regular,Promising,Medium Risk,NORMAL,228.99,194.80647124654047,-34.18352875345954,21,1,228.99,4,1,1,1.9,41
14794.0,46.61183893649257,Regular,Champions,Low Risk,NORMAL,1319.91,2909.6587567535726,1589.7487567535725,3,7,1319.91,5,5,4,4.6,55
14795.0,4.364547562690882,Regular,Hibernating,High Risk,MEDIUM,131.45,243.42464391662475,111.97464391662476,166,1,131.45,2,1,1,1.2999999999999998,21
14796.0,54.27780247811075,High-Value,Champions,Low Risk,HIGH,8022.49,10037.047125857629,2014.5571258576292,1,17,8022.49,5,5,5,5.0,55
14798.0,15.376850430913608,Regular,Need_Attention,Low Risk,NORMAL,173.74,-392.05282828108545,-565.7928282810855,53,3,173.74,3,3,1,2.2,33
14799.0,8.059888812325942,Regular,About_to_Sleep,Medium Risk,NORMAL,157.70000000000002,97.29581074271255,-60.40418925728747,51,1,157.70000000000002,3,1,1,1.6,31
14800.0,45.50023565947974,High-Value,Loyal_Customers,Low Risk,HIGH,4339.74,6621.503461544418,2281.7634615444185,48,12,4339.74,3,5,5,4.4,35
14801.0,8.070610238130772,Regular,About_to_Sleep,Medium Risk,NORMAL,193.14,125.95928058715253,-67.18071941284745,61,1,193.14,3,1,1,1.6,31
14803.0,22.248563070823806,Regular,At_Risk,Medium Risk,NORMAL,845.55,1270.0807191009192,424.5307191009192,162,3,845.55,2,3,3,2.7,23
14804.0,20.938877489240912,Regular,New_Customers,Medium Risk,NORMAL,353.27,1110.5127755277383,757.2427755277383,9,1,353.27,5,1,2,2.6,51
14805.0,33.385642070987345,Regular,Loyal_Customers,Low Risk,NORMAL,554.6500000000001,968.1891859656037,413.53918596560356,15,4,554.6500000000001,4,4,3,3.6,44
14806.0,4.2669825878669405,Regular,Hibernating,Medium Risk,NORMAL,193.39,-17.412931667779276,-210.80293166777926,75,1,193.39,2,1,1,1.2999999999999998,21
14808.0,44.539112737129855,High-Value,Loyal_Customers,Low Risk,HIGH,2741.17,4051.9648196626395,1310.7948196626394,40,8,2741.17,3,5,5,4.4,35
14810.0,45.254594215989854,High-Value,Loyal_Customers,Low Risk,HIGH,2087.88,5964.787066151754,3876.9070661517535,41,11,2087.88,3,5,5,4.4,35
14813.0,7.841307890718997,Regular,At_Risk,Medium Risk,NORMAL,155.42999999999998,-487.074940788189,-642.504940788189,370,2,155.42999999999998,1,3,1,1.6,13
14815.0,25.695046449227522,Regular,Need_Attention,Low Risk,NORMAL,778.5,458.63644958100986,-319.86355041899014,37,2,778.5,3,3,3,3.0,33
14816.0,5.86588970880934,Regular,Hibernating,High Risk,MEDIUM,271.85,915.3817284546192,643.5317284546192,197,1,271.85,1,1,2,1.4,11
14817.0,23.51927376957913,Regular,At_Risk,Medium Risk,NORMAL,1110.34,1325.450266028465,215.11026602846505,200,2,1110.34,1,3,4,2.8,13
14818.0,22.154214523741313,Regular,At_Risk,Low Risk,NORMAL,657.8,1017.8421844698466,360.0421844698467,74,3,657.8,2,3,3,2.7,23
14819.0,20.437250926386486,Regular,Need_Attention,Low Risk,NORMAL,272.07,-230.57357989638012,-502.6435798963801,64,2,272.07,3,3,2,2.6,33
14820.0,33.392074926470244,Regular,Loyal_Customers,Low Risk,NORMAL,507.29,985.3872678722676,478.09726787226754,21,4,507.29,4,4,3,3.6,44
14821.0,0.7614105749773556,Regular,Hibernating,High Risk,MEDIUM,48.8,636.0593177527214,587.2593177527215,367,1,48.8,1,1,1,1.0,11
14823.0,13.16248061836783,Regular,At_Risk,Medium Risk,NORMAL,321.42999999999995,371.5724967263852,50.142496726385275,180,3,321.42999999999995,1,3,2,2.0,13
14824.0,42.4856623769896,Regular,Champions,Low Risk,NORMAL,1127.7100000000005,1903.9599191379095,776.249919137909,10,4,1127.7100000000005,5,4,4,4.300000000000001,54
14825.0,53.090336678719666,High-Value,Champions,Low Risk,HIGH,2226.9100000000003,6862.386334303178,4635.476334303177,4,12,2226.9100000000003,5,5,5,5.0,55
14828.0,29.040937159778267,High-Value,At_Risk,Medium Risk,HIGH,2139.76,2720.1045896340684,580.3445896340681,197,3,2139.76,1,3,5,3.2,13
14829.0,33.4006520671141,Regular,Loyal_Customers,Low Risk,NORMAL,697.55,1008.3180437478193,310.7680437478193,29,4,697.55,4,4,3,3.6,44
14830.0,8.062033097486909,Regular,About_to_Sleep,Medium Risk,NORMAL,197.13,103.02850471160059,-94.1014952883994,53,1,197.13,3,1,1,1.6,31
14834.0,42.57114698338273,Regular,Loyal_Customers,Low Risk,NORMAL,1720.3,2132.5009249815275,412.2009249815276,18,6,1720.3,4,5,4,4.300000000000001,45
14836.0,22.968023592734017,Regular,Potential_Loyalists,Low Risk,NORMAL,102.45,-148.3036085378817,-250.7536085378817,10,3,102.45,5,3,1,2.8,53
14837.0,31.11552084425646,Regular,At_Risk,Low Risk,NORMAL,1649.5000000000002,1582.764467781986,-66.73553221801421,90,4,1649.5000000000002,2,4,4,3.4,24
14840.0,0.6552684595095501,Regular,Hibernating,High Risk,MEDIUM,62.85,352.29096629276523,289.4409662927652,268,1,62.85,1,1,1,1.0,11
14841.0,44.07677769982312,High-Value,Loyal_Customers,Low Risk,HIGH,3295.76,2815.923397457298,-479.83660254270217,53,6,3295.76,3,5,5,4.4,35
14842.0,40.171583304458906,High-Value,Loyal_Customers,Low Risk,HIGH,2824.69,2401.014974592088,-423.675025407912,44,4,2824.69,3,4,5,4.1,34
14844.0,40.19302615606856,High-Value,Loyal_Customers,Low Risk,HIGH,3189.8100000000004,2458.341914280968,-731.4680857190324,64,4,3189.8100000000004,3,4,5,4.1,34
14847.0,9.633064511336752,Regular,Hibernating,High Risk,MEDIUM,309.4,961.2981432384547,651.8981432384547,149,1,309.4,2,1,2,1.7,21
14849.0,52.386771389322355,High-Value,Loyal_Customers,Low Risk,HIGH,7930.54,15006.955074506259,7076.415074506259,22,25,7930.54,4,5,5,4.7,45
14850.0,5.989186105564872,Regular,Hibernating,High Risk,MEDIUM,325.75,1245.0116316656793,919.2616316656793,312,1,325.75,1,1,2,1.4,11
14851.0,29.49867409949135,Regular,Potential_Loyalists,Low Risk,NORMAL,511.3499999999999,602.0086618359421,90.65866183594221,23,2,511.3499999999999,4,3,3,3.3,43
14852.0,44.082138412725534,High-Value,Loyal_Customers,Low Risk,HIGH,2836.69,2830.255132379518,-6.434867620482237,58,6,2836.69,3,5,5,4.4,35
14853.0,24.21300286955775,Regular,Potential_Loyalists,Low Risk,NORMAL,475.8,-161.7263892369922,-637.5263892369921,24,2,475.8,4,3,2,2.8999999999999995,43
14854.0,40.5230800633711,High-Value,Cant_Loose,Low Risk,HIGH,2759.8300000000004,3340.732968532807,580.9029685328064,78,7,2759.8300000000004,2,5,5,4.1,25
14855.0,21.964324494436536,Regular,At_Risk,Medium Risk,NORMAL,645.65,510.17583226827037,-135.4741677317296,119,2,645.65,2,3,3,2.7,23
14856.0,31.218854124587622,Regular,Need_Attention,Low Risk,NORMAL,1311.38,1859.023467155501,547.643467155501,36,3,1311.38,3,3,4,3.4,33
14857.0,31.006449101092706,Regular,Need_Attention,Low Risk,NORMAL,1173.12,1291.1638282806005,118.04382828060056,60,2,1173.12,3,3,4,3.4,33
14859.0,42.48887880473105,Regular,Champions,Low Risk,NORMAL,1353.74,1912.5589600912415,558.8189600912415,13,4,1353.74,5,4,4,4.300000000000001,54
14860.0,11.844217896141076,Regular,Promising,Medium Risk,NORMAL,170.32,189.07377727765243,18.753777277652432,19,1,170.32,4,1,1,1.9,41
14861.0,8.060960954906426,Regular,About_to_Sleep,Medium Risk,NORMAL,125.79000000000002,100.16215772715645,-25.627842272843566,52,1,125.79000000000002,3,1,1,1.6,31
14862.0,29.501890527232796,Regular,Potential_Loyalists,Low Risk,NORMAL,841.2,610.6077027892741,-230.59229721072597,26,2,841.2,4,3,3,3.3,43
14863.0,17.14168269445998,Regular,Promising,Medium Risk,NORMAL,266.76,984.3386451794706,717.5786451794706,29,1,266.76,4,1,2,2.3,41
14865.0,22.726670719566062,Regular,Potential_Loyalists,Low Risk,NORMAL,52.2,-793.5546159927703,-845.7546159927704,7,2,52.2,5,3,1,2.8,53
14866.0,53.09784167678305,High-Value,Champions,Low Risk,HIGH,14389.9,6882.450763194286,-7507.449236805714,11,12,14389.9,5,5,5,5.0,55
14867.0,18.455656846364807,Regular,At_Risk,Medium Risk,NORMAL,710.28,1155.3719766904267,445.0919766904267,186,3,710.28,1,3,3,2.4000000000000004,13
14868.0,52.13671875443316,High-Value,Champions,Low Risk,HIGH,2953.59,4312.912121312507,1359.322121312507,3,8,2953.59,5,5,5,5.0,55
14869.0,33.30230174975518,Regular,Potential_Loyalists,Low Risk,NORMAL,725.7,745.3808740908737,19.680874090873658,9,2,725.7,5,3,3,3.6,53
14870.0,5.935578976540727,Regular,Hibernating,High Risk,MEDIUM,327.24999999999994,1101.6942824434793,774.4442824434793,262,1,327.24999999999994,1,1,2,1.4,11
14871.0,37.19141400641214,Regular,Champions,Low Risk,NORMAL,522.38,1117.294092189424,594.914092189424,3,4,522.38,5,4,3,3.9,54
14873.0,11.1665709348697,Regular,Hibernating,High Risk,MEDIUM,519.6800000000001,1719.2456373097696,1199.5656373097695,210,1,519.6800000000001,1,1,3,1.8000000000000005,11
14875.0,27.239274298565295,Regular,At_Risk,Medium Risk,NORMAL,1465.3199999999997,1245.247413496765,-220.0725865032348,108,2,1465.3199999999997,2,3,4,3.1,23
14878.0,47.09883325315041,Regular,Champions,Low Risk,NORMAL,1485.5400000000002,4211.626159601126,2726.0861596011264,13,9,1485.5400000000002,5,5,4,4.6,55
14880.0,22.15743095148276,Regular,At_Risk,Low Risk,NORMAL,706.1900000000002,1026.441225423179,320.2512254231789,77,3,706.1900000000002,2,3,3,2.7,23
14881.0,17.132033411235632,Regular,Promising,Medium Risk,NORMAL,255.4,958.5415223194748,703.1415223194748,20,1,255.4,4,1,2,2.3,41
14882.0,29.50296266981328,Regular,Potential_Loyalists,Low Risk,NORMAL,589.7,613.4740497737182,23.77404977371816,27,2,589.7,4,3,3,3.3,43
14883.0,37.285475753449134,Regular,Loyal_Customers,Low Risk,NORMAL,761.5899999999999,1368.7658739085934,607.1758739085935,19,6,761.5899999999999,4,5,3,3.9,45
14885.0,14.90158145998262,Regular,Hibernating,High Risk,MEDIUM,765.3199999999999,1679.1716425602851,913.8516425602852,132,1,765.3199999999999,2,1,3,2.1,21
14886.0,5.925929693316381,Regular,Hibernating,High Risk,MEDIUM,364.8,1075.8971595834835,711.0971595834835,253,1,364.8,1,1,2,1.4,11
14887.0,20.1315012757311,Regular,Hibernating,Medium Risk,NORMAL,1862.0,2293.8566504421315,431.85665044213147,79,1,1862.0,2,1,4,2.5,21
14888.0,5.876611134614169,Regular,Hibernating,High Risk,MEDIUM,369.2,944.0451982990592,574.8451982990591,207,1,369.2,1,1,2,1.4,11
14889.0,0.7281741549823862,Regular,Hibernating,High Risk,MEDIUM,135.9,547.2025612349573,411.30256123495735,336,1,135.9,1,1,1,1.0,11
14890.0,0.6402584633827898,Regular,Hibernating,High Risk,MEDIUM,125.65,312.16210851054916,186.51210851054915,254,1,125.65,1,1,1,1.0,11
14891.0,21.99541662927054,Regular,At_Risk,Medium Risk,NORMAL,554.38,593.2998948171464,38.91989481714643,148,2,554.38,2,3,3,2.7,23
14893.0,38.59011726484974,Regular,Potential_Loyalists,Low Risk,NORMAL,1237.85,1514.8486191326963,276.9986191326964,10,2,1237.85,5,3,4,4.0,53
14894.0,14.851190758699923,Regular,Hibernating,Medium Risk,NORMAL,655.7499999999999,1544.4533342914167,888.7033342914168,85,1,655.7499999999999,2,1,3,2.1,21
14895.0,54.99971681245365,High-Value,Champions,Low Risk,HIGH,11138.71,11967.067454253407,828.3574542534079,8,20,11138.71,5,5,5,5.0,55
14896.0,12.951147737453395,Regular,At_Risk,Medium Risk,NORMAL,468.77,-193.42079516407148,-662.1907951640715,205,2,468.77,1,3,2,2.0,13
14897.0,42.483518091828635,Regular,Champions,Low Risk,NORMAL,1366.38,1898.2272251690217,531.8472251690216,8,4,1366.38,5,4,4,4.300000000000001,54
14898.0,42.57650769628515,Regular,Loyal_Customers,Low Risk,NORMAL,1303.52,2146.8326599037473,843.3126599037473,23,6,1303.52,4,5,4,4.300000000000001,45
14901.0,47.096688967989444,Regular,Champions,Low Risk,NORMAL,1421.29,4205.893465632238,2784.603465632238,11,9,1421.29,5,5,4,4.6,55
14902.0,17.13846626671853,Regular,Promising,Medium Risk,NORMAL,332.66,975.7396042261387,643.0796042261386,26,1,332.66,4,1,2,2.3,41
14903.0,44.203698116924905,High-Value,Loyal_Customers,Low Risk,HIGH,2810.63,3155.242030488581,344.6120304885808,21,5,2810.63,4,4,5,4.4,44
14904.0,38.58154012420587,Regular,Potential_Loyalists,Low Risk,NORMAL,1025.44,1491.917843257144,466.47784325714406,2,2,1025.44,5,3,4,4.0,53
14905.0,22.00613805507537,Regular,At_Risk,Medium Risk,NORMAL,616.15,621.9633646615864,5.813364661586434,158,2,616.15,2,3,3,2.7,23
14907.0,51.89858230900665,High-Value,Champions,Low Risk,HIGH,3501.1000000000004,3676.2601548109506,175.1601548109502,3,7,3501.1000000000004,5,5,5,5.0,55
14908.0,9.552653817800534,Regular,Hibernating,Medium Risk,NORMAL,277.79999999999995,746.3221194051548,468.52211940515485,74,1,277.79999999999995,2,1,2,1.7,21
14910.0,31.904670633898064,Regular,Champions,Low Risk,NORMAL,434.35,350.6926941320455,-83.6573058679545,3,4,434.35,5,4,2,3.5,54
14911.0,98.09490843658796,High-Value,Champions,Low Risk,HIGH,143825.06,127181.00896214404,-16644.051037855956,1,201,143825.06,5,5,5,5.0,55
14912.0,29.49224124400845,Regular,Potential_Loyalists,Low Risk,NORMAL,867.85,584.810579929278,-283.03942007072203,17,2,867.85,4,3,3,3.3,43
14913.0,34.876262791300974,Regular,Loyal_Customers,Low Risk,NORMAL,1227.43,1611.4828006591576,384.0528006591576,36,4,1227.43,3,4,4,3.7,34
14915.0,16.647561129668933,Regular,At_Risk,Medium Risk,NORMAL,307.48,-336.68328135353977,-644.1632813535398,91,2,307.48,2,3,2,2.3,23
14916.0,34.91378778161787,Regular,Loyal_Customers,Low Risk,NORMAL,1268.98,1711.8049451146978,442.8249451146978,71,4,1268.98,3,4,4,3.7,34
14918.0,27.247851439209157,Regular,At_Risk,Medium Risk,NORMAL,1610.1499999999996,1268.1781893723166,-341.971810627683,116,2,1610.1499999999996,2,3,4,3.1,23
14920.0,23.533211623125407,Regular,At_Risk,Medium Risk,NORMAL,977.77,1362.712776826237,384.9427768262369,213,2,977.77,1,3,4,2.8,13
14921.0,34.79292247006881,Regular,Potential_Loyalists,Low Risk,NORMAL,1316.0700000000002,1388.6744887844281,72.60448878442799,30,2,1316.0700000000002,4,3,4,3.7,43
14923.0,18.633375557354096,Regular,About_to_Sleep,Medium Risk,NORMAL,749.1,1630.4986068574688,881.3986068574687,51,1,749.1,3,1,3,2.4000000000000004,31
14924.0,5.918424695253002,Regular,Hibernating,High Risk,MEDIUM,310.05,1055.8327306923754,745.7827306923755,246,1,310.05,1,1,2,1.4,11
14929.0,11.858155749687354,Regular,Promising,Medium Risk,NORMAL,223.88,226.3362880754246,2.4562880754245953,32,1,223.88,4,1,1,1.9,41
14930.0,32.76522625908636,High-Value,At_Risk,Medium Risk,HIGH,2372.86,2651.367125040143,278.5071250401429,109,3,2372.86,2,3,5,3.5,23
14931.0,42.71843810951369,Regular,Champions,Low Risk,NORMAL,1257.68,2526.280150717246,1268.6001507172462,5,5,1257.68,5,4,4,4.300000000000001,54
14932.0,6.047081804910947,Regular,Hibernating,High Risk,MEDIUM,363.53,1399.7943688256557,1036.2643688256558,366,1,363.53,1,1,2,1.4,11
14934.0,27.21139859147274,Regular,At_Risk,Low Risk,NORMAL,1890.94,1170.7223919012206,-720.2176080987795,82,2,1890.94,2,3,4,3.1,23
14935.0,16.54659071188578,Regular,Hibernating,High Risk,MEDIUM,1784.71,2735.2192230137753,950.5092230137752,297,1,1784.71,1,1,4,2.2,11
14936.0,44.532679881646956,High-Value,Loyal_Customers,Low Risk,HIGH,8137.020000000001,4034.7667377559756,-4102.253262244026,34,8,8137.020000000001,3,5,5,4.4,35
14937.0,31.241369118777765,Regular,Need_Attention,Low Risk,NORMAL,1621.88,1919.2167538288252,297.33675382882507,57,3,1621.88,3,3,4,3.4,33
14944.0,49.29957473942164,High-Value,Loyal_Customers,Low Risk,HIGH,5900.25,6753.410285861574,853.1602858615743,30,12,5900.25,4,5,5,4.7,45
14946.0,11.838857183238662,Regular,Promising,Medium Risk,NORMAL,100.9,174.74204235543243,73.84204235543243,14,1,100.9,4,1,1,1.9,41
14947.0,20.445828067030348,Regular,Need_Attention,Low Risk,NORMAL,290.82000000000005,-207.64280402082807,-498.4628040208281,72,2,290.82000000000005,3,3,2,2.6,33
14948.0,42.57650769628515,Regular,Loyal_Customers,Low Risk,NORMAL,1101.97,2146.8326599037473,1044.8626599037473,23,6,1101.97,4,5,4,4.300000000000001,45
14950.0,17.13096126865515,Regular,Promising,Medium Risk,NORMAL,371.2,955.6751753350306,584.4751753350306,19,1,371.2,4,1,2,2.3,41
14951.0,9.55801453070295,Regular,Hibernating,Medium Risk,NORMAL,311.69000000000005,760.6538543273748,448.96385432737475,79,1,311.69000000000005,2,1,2,1.7,21
14952.0,45.274964925019034,High-Value,Loyal_Customers,Low Risk,HIGH,8099.489999999999,6019.247658856189,-2080.2423411438094,60,11,8099.489999999999,3,5,5,4.4,35
14953.0,17.137394124138048,Regular,Promising,Medium Risk,NORMAL,289.82000000000005,972.8732572416945,683.0532572416945,25,1,289.82000000000005,4,1,2,2.3,41
14954.0,20.942093916982362,Regular,New_Customers,Medium Risk,NORMAL,336.17,1119.1118164810703,782.9418164810702,12,1,336.17,5,1,2,2.6,51
14957.0,0.639186320802307,Regular,Hibernating,High Risk,MEDIUM,58.49,309.295761526105,250.80576152610502,253,1,58.49,1,1,1,1.0,11
14958.0,22.232480932116562,Regular,At_Risk,Medium Risk,NORMAL,499.68,1227.085514334259,727.4055143342589,147,3,499.68,2,3,3,2.7,23
14959.0,29.619539411040414,Regular,Loyal_Customers,Low Risk,NORMAL,695.4199999999998,925.1391181662118,229.71911816621196,64,4,695.4199999999998,3,4,3,3.3,34
14960.0,22.727742862146545,Regular,Potential_Loyalists,Low Risk,NORMAL,221.27,-790.6882690083263,-1011.9582690083263,8,2,221.27,5,3,1,2.8,53
14961.0,52.383432340503525,High-Value,Champions,Low Risk,HIGH,7044.68,4972.494863689616,-2072.185136310384,11,9,7044.68,5,5,5,5.0,55
14962.0,0.6584848872509989,Regular,Hibernating,High Risk,MEDIUM,126.70000000000002,360.8900072460972,234.19000724609717,271,1,126.70000000000002,1,1,1,1.0,11
14963.0,42.72379882241611,Regular,Champions,Low Risk,NORMAL,1487.8,2540.611885639466,1052.811885639466,10,5,1487.8,5,4,4,4.300000000000001,54
14964.0,0.6327534653194096,Regular,Hibernating,High Risk,MEDIUM,206.21,292.0976796194411,85.88767961944112,247,1,206.21,1,1,1,1.0,11
14965.0,21.93966521508543,Regular,At_Risk,Medium Risk,NORMAL,599.0,444.2498516260582,-154.75014837394178,96,2,599.0,2,3,3,2.7,23
14966.0,11.839929325819146,Regular,Promising,Medium Risk,NORMAL,191.32,177.60838933987657,-13.711610660123426,15,1,191.32,4,1,1,1.9,41
14967.0,13.345560042259535,Regular,About_to_Sleep,Medium Risk,NORMAL,463.8,861.0308618156466,397.2308618156466,50,1,463.8,3,1,2,2.0,31
14968.0,11.85601146452639,Regular,Promising,Medium Risk,NORMAL,147.59000000000003,220.60359410653632,73.01359410653629,30,1,147.59000000000003,4,1,1,1.9,41
14970.0,34.91057135387642,Regular,Loyal_Customers,Low Risk,NORMAL,1592.06,1703.2059041613659,111.14590416136593,68,4,1592.06,3,4,4,3.7,34
14971.0,31.21778198200714,Regular,Need_Attention,Low Risk,NORMAL,1116.5700000000002,1856.157120171057,739.5871201710568,35,3,1116.5700000000002,3,3,4,3.4,33
14972.0,4.323806144632533,Regular,Hibernating,High Risk,MEDIUM,114.77,134.5034585077526,19.733458507752616,128,1,114.77,2,1,1,1.2999999999999998,21
14973.0,27.476338601411317,Regular,At_Risk,Medium Risk,NORMAL,1314.4499999999998,1879.0330330138775,564.5830330138776,107,3,1314.4499999999998,2,3,4,3.1,23
14974.0,8.044878816199184,Regular,About_to_Sleep,Medium Risk,NORMAL,114.39,57.166952960496474,-57.22304703950353,37,1,114.39,3,1,1,1.6,31
14975.0,13.353065040322916,Regular,About_to_Sleep,Medium Risk,NORMAL,279.94,881.0952907067547,601.1552907067546,57,1,279.94,3,1,2,2.0,31
14976.0,33.7457159705434,Regular,Loyal_Customers,Low Risk,NORMAL,790.86,1930.8379557818741,1139.9779557818742,57,7,790.86,3,5,3,3.6,35
14978.0,35.15299636962486,Regular,Loyal_Customers,Low Risk,NORMAL,1931.42,2351.323258600699,419.9032586006988,72,5,1931.42,3,4,4,3.7,34
14981.0,0.6316813227389269,Regular,Hibernating,High Risk,MEDIUM,102.12,289.2313326349972,187.1113326349972,246,1,102.12,1,1,1,1.0,11
14984.0,18.92089878414127,Regular,Potential_Loyalists,Low Risk,NORMAL,213.27,-942.6595222165902,-1155.9295222165902,19,2,213.27,4,3,1,2.5,43
14985.0,12.943642739390015,Regular,At_Risk,Medium Risk,NORMAL,296.75,-213.4852240551794,-510.2352240551794,198,2,296.75,1,3,2,2.0,13
14987.0,24.20442572891389,Regular,Potential_Loyalists,Low Risk,NORMAL,326.4,-184.65716511254425,-511.0571651125442,16,2,326.4,4,3,2,2.8999999999999995,43
14988.0,5.881971847516583,Regular,Hibernating,High Risk,MEDIUM,334.54,958.3769332212794,623.8369332212794,212,1,334.54,1,1,2,1.4,11
14995.0,15.12370398936034,Regular,Need_Attention,Low Risk,NORMAL,233.23,-1068.833652564858,-1302.063652564858,39,2,233.23,3,3,1,2.2,33
14997.0,25.942832177878376,Regular,Need_Attention,Low Risk,NORMAL,546.2,1121.0855389425626,574.8855389425626,46,3,546.2,3,3,3,3.0,33
14998.0,16.73226039352708,Regular,At_Risk,Medium Risk,NORMAL,429.87,-110.24186958246355,-540.1118695824636,170,2,429.87,2,3,2,2.3,23
15000.0,18.630159129612647,Regular,About_to_Sleep,Medium Risk,NORMAL,490.52,1621.8995659041364,1131.3795659041364,48,1,490.52,3,1,3,2.4000000000000004,31
15002.0,31.143396551349014,Regular,At_Risk,Medium Risk,NORMAL,1641.7599999999998,1657.2894893775303,15.529489377530581,116,4,1641.7599999999998,2,4,4,3.4,24
15004.0,20.204406971203937,Regular,Hibernating,High Risk,MEDIUM,1246.3200000000002,2488.7682453843236,1242.4482453843234,147,1,1246.3200000000002,2,1,4,2.5,21
15005.0,53.09474787011898,High-Value,Loyal_Customers,Low Risk,HIGH,6316.57,16899.712892104264,10583.142892104264,16,28,6316.57,4,5,5,4.7,45
15006.0,18.633375557354096,Regular,About_to_Sleep,Medium Risk,NORMAL,502.09,1630.4986068574688,1128.4086068574688,51,1,502.09,3,1,3,2.4000000000000004,31
15007.0,4.357042564627503,Regular,Hibernating,High Risk,MEDIUM,156.91000000000005,223.3602150255167,66.45021502551666,159,1,156.91000000000005,2,1,1,1.2999999999999998,21
15009.0,38.83039799543721,Regular,Potential_Loyalists,Low Risk,NORMAL,1261.78,2157.2332796031405,895.4532796031406,12,3,1261.78,5,3,4,4.0,53
15010.0,13.330550046132775,Regular,About_to_Sleep,Medium Risk,NORMAL,308.94,820.9020040334306,511.96200403343056,36,1,308.94,3,1,2,2.0,31
15012.0,20.42652950058166,Regular,Need_Attention,Low Risk,NORMAL,423.04,-259.2370497408201,-682.2770497408201,54,2,423.04,3,3,2,2.6,33
15014.0,20.414735932196347,Regular,Need_Attention,Low Risk,NORMAL,260.17,-290.7668665697041,-550.9368665697041,43,2,260.17,3,3,2,2.6,33
15016.0,4.372052560754263,Regular,Hibernating,High Risk,MEDIUM,170.04,263.4890728077328,93.44907280773279,173,1,170.04,2,1,1,1.2999999999999998,21
15017.0,8.041662388457734,Regular,About_to_Sleep,Medium Risk,NORMAL,125.58,48.567912007164296,-77.0120879928357,34,1,125.58,3,1,1,1.6,31
15018.0,25.935327179814998,Regular,Need_Attention,Low Risk,NORMAL,496.21,1101.0211100514546,604.8111100514545,39,3,496.21,3,3,3,3.0,33
15019.0,5.940939689443142,Regular,Hibernating,High Risk,MEDIUM,265.99999999999994,1116.0260173656995,850.0260173656995,267,1,265.99999999999994,1,1,2,1.4,11
15021.0,47.09454468282848,Regular,Champions,Low Risk,NORMAL,1914.82,4200.16077166335,2285.34077166335,9,9,1914.82,5,5,4,4.6,55
15022.0,37.20106328963649,Regular,Champions,Low Risk,NORMAL,905.04,1143.0912150494198,238.05121504941985,12,4,905.04,5,4,3,3.9,54
15023.0,52.85112809071268,High-Value,Champions,Low Risk,HIGH,6802.76,6222.868020817177,-579.891979182823,3,11,6802.76,5,5,5,5.0,55
15024.0,47.333753270835466,Regular,Champions,Low Risk,NORMAL,1661.33,4839.679085149351,3178.3490851493507,10,10,1661.33,5,5,4,4.6,55
15025.0,17.14597126478191,Regular,Promising,Medium Risk,NORMAL,377.01,995.8040331172467,618.7940331172467,33,1,377.01,4,1,2,2.3,41
15026.0,16.873904006710127,Regular,At_Risk,Low Risk,NORMAL,469.0,268.438868319133,-200.561131680867,80,3,469.0,2,3,2,2.3,23
15027.0,38.68953972478915,Regular,Loyal_Customers,Low Risk,NORMAL,1066.15,1780.652135774086,714.5021357740859,31,4,1066.15,4,4,4,4.0,44
15028.0,37.196774719314554,Regular,Champions,Low Risk,NORMAL,627.1300000000001,1131.6258271116437,504.4958271116436,8,4,627.1300000000001,5,4,3,3.9,54
15030.0,25.732571439544426,Regular,Need_Attention,Low Risk,NORMAL,518.28,558.9585940365498,40.67859403654984,72,2,518.28,3,3,3,3.0,33
15031.0,37.19248614899262,Regular,Champions,Low Risk,NORMAL,668.1400000000001,1120.1604391738676,452.02043917386754,4,4,668.1400000000001,5,4,3,3.9,54
15032.0,29.10419357202676,High-Value,At_Risk,Medium Risk,HIGH,4959.1,2889.219061716264,-2069.880938283736,256,3,4959.1,1,3,5,3.2,13
15033.0,52.61513593044714,High-Value,Champions,Low Risk,HIGH,2586.67,5591.948748284509,3005.2787482845088,5,10,2586.67,5,5,5,5.0,55
15034.0,48.332018961588844,High-Value,Loyal_Customers,Low Risk,HIGH,4308.610000000001,4166.6735620731315,-141.93643792686908,16,8,4308.610000000001,4,5,5,4.7,45
15035.0,9.569808099088261,Regular,Hibernating,Medium Risk,NORMAL,252.73,792.1836711562589,539.4536711562589,90,1,252.73,2,1,2,1.7,21
15036.0,20.683964512456857,Regular,Need_Attention,Low Risk,NORMAL,465.5499999999999,429.0091624807285,-36.540837519271406,72,3,465.5499999999999,3,3,2,2.6,33
15038.0,33.509723810277855,Regular,Loyal_Customers,Low Risk,NORMAL,705.49,1299.9186832492053,594.4286832492053,59,6,705.49,3,5,3,3.6,35
15039.0,61.431545124130295,High-Value,Champions,Low Risk,HIGH,19914.44,29162.403243764325,9247.963243764327,10,47,19914.44,5,5,5,5.0,55
15041.0,4.368836133012814,Regular,Hibernating,High Risk,MEDIUM,180.35,254.89003185440083,74.54003185440084,170,1,180.35,2,1,1,1.2999999999999998,21
15042.0,0.5812906214562313,Regular,Hibernating,High Risk,MEDIUM,135.93,154.513024366129,18.583024366128996,199,1,135.93,1,1,1,1.0,11
15043.0,22.430570352135028,Regular,Promising,Medium Risk,NORMAL,537.0,1756.6727372057364,1219.6727372057364,31,1,537.0,4,1,3,2.7,41
15044.0,50.478463398168856,High-Value,Loyal_Customers,Low Risk,HIGH,7700.23,9905.140301540474,2204.9103015404744,19,17,7700.23,4,5,5,4.7,45
15045.0,21.99970519959247,Regular,At_Risk,Medium Risk,NORMAL,735.6600000000001,604.7652827549225,-130.89471724507757,152,2,735.6600000000001,2,3,3,2.7,23
15046.0,53.810106727901605,High-Value,Champions,Low Risk,HIGH,5213.77,8786.673968730069,3572.9039687300683,9,15,5213.77,5,5,5,5.0,55
15047.0,5.9441561171845905,Regular,Hibernating,High Risk,MEDIUM,343.61999999999995,1124.6250583190315,781.0050583190316,270,1,343.61999999999995,1,1,2,1.4,11
15048.0,24.33386818110682,Regular,Loyal_Customers,Low Risk,NORMAL,384.05,161.4040670932775,-222.64593290672252,65,4,384.05,3,4,2,2.8999999999999995,34
15049.0,0.6617013149924474,Regular,Hibernating,High Risk,MEDIUM,121.17000000000002,369.48904819942913,248.31904819942912,274,1,121.17000000000002,1,1,1,1.0,11
15050.0,35.0256982025929,Regular,Potential_Loyalists,Low Risk,NORMAL,1782.09,2010.9947203637646,228.90472036376468,25,3,1782.09,4,3,4,3.7,43
15051.0,35.02355391743193,Regular,Potential_Loyalists,Low Risk,NORMAL,1391.61,2005.2620263948768,613.6520263948769,23,3,1391.61,4,3,4,3.7,43
15052.0,0.7099477311141772,Regular,Hibernating,High Risk,MEDIUM,215.78,498.4746624994093,282.69466249940933,319,1,215.78,1,1,1,1.0,11
15053.0,33.53614962485975,Regular,Potential_Loyalists,Low Risk,NORMAL,697.7900000000001,1370.5674526546543,672.7774526546542,5,3,697.7900000000001,5,3,3,3.6,53
15054.0,28.018774804982556,Regular,Potential_Loyalists,Low Risk,NORMAL,302.1,-12.621483013172337,-314.72148301317236,12,2,302.1,5,3,2,3.2,53
15057.0,23.599684463115345,Regular,At_Risk,Medium Risk,NORMAL,1489.5,1540.426289861765,50.9262898617651,275,2,1489.5,1,3,4,2.8,13
15058.0,49.056077581092715,High-Value,Loyal_Customers,Low Risk,HIGH,2124.99,6102.426584437798,3977.436584437798,25,11,2124.99,4,5,5,4.7,45
15059.0,39.49157795262276,Regular,Loyal_Customers,Low Risk,NORMAL,1337.7199999999998,3924.8817350912614,2587.1617350912616,41,9,1337.7199999999998,3,5,4,4.0,35
15060.0,31.910031346800476,Regular,Champions,Low Risk,NORMAL,303.09000000000003,365.0244290542655,61.93442905426548,8,4,303.09000000000003,5,4,2,3.5,54
15061.0,61.6632487140739,High-Value,Champions,Low Risk,HIGH,54534.14,29781.85712835922,-24752.28287164078,4,48,54534.14,5,5,5,5.0,55
15062.0,34.91378778161787,Regular,Loyal_Customers,Low Risk,NORMAL,987.86,1711.8049451146978,723.9449451146978,71,4,987.86,3,4,4,3.7,34
15063.0,5.883043990097066,Regular,Hibernating,High Risk,MEDIUM,370.8,961.2432802057231,590.4432802057231,213,1,370.8,1,1,2,1.4,11
15065.0,40.16515044897601,High-Value,Loyal_Customers,Low Risk,HIGH,3158.13,2383.816892685424,-774.313107314576,38,4,3158.13,3,4,5,4.1,34
15066.0,18.635519842515063,Regular,About_to_Sleep,Medium Risk,NORMAL,893.59,1636.2313008263566,742.6413008263565,53,1,893.59,3,1,3,2.4000000000000004,31
15067.0,27.445246466577316,Regular,At_Risk,Low Risk,NORMAL,1744.76,1795.9089704650012,51.148970465001184,78,3,1744.76,2,3,4,3.1,23
15068.0,25.70469573245187,Regular,Need_Attention,Low Risk,NORMAL,553.36,484.43357244100594,-68.92642755899408,46,2,553.36,3,3,3,3.0,33
15069.0,20.238715533779388,Regular,Hibernating,High Risk,MEDIUM,1109.5300000000002,2580.4913488865313,1470.9613488865311,179,1,1109.5300000000002,2,1,4,2.5,21
15070.0,0.767843430460253,Regular,Hibernating,High Risk,MEDIUM,106.2,653.2573996593858,547.0573996593857,373,1,106.2,1,1,1,1.0,11
15071.0,27.224264302438534,Regular,At_Risk,Medium Risk,NORMAL,982.07,1205.1185557145488,223.0485557145488,94,2,982.07,2,3,4,3.1,23
15073.0,38.82825371027624,Regular,Potential_Loyalists,Low Risk,NORMAL,1043.41,2151.500585634253,1108.090585634253,10,3,1043.41,5,3,4,4.0,53
15074.0,14.872633610309581,Regular,Hibernating,High Risk,MEDIUM,748.87,1601.7802739802971,852.9102739802971,105,1,748.87,2,1,3,2.1,21
15075.0,14.843685760636543,Regular,Hibernating,Medium Risk,NORMAL,773.03,1524.3889054003087,751.3589054003087,78,1,773.03,2,1,3,2.1,21
15076.0,14.945539305782418,Regular,Hibernating,High Risk,MEDIUM,880.8499999999999,1796.6918689224892,915.8418689224893,173,1,880.8499999999999,2,1,3,2.1,21
15078.0,57.856282014991244,High-Value,Champions,Low Risk,HIGH,9743.11,19604.024705287644,9860.914705287643,7,32,9743.11,5,5,5,5.0,55
15079.0,22.142013362751193,Regular,At_Risk,Medium Risk,NORMAL,895.61,985.2226787740722,89.61267877407215,213,4,895.61,1,4,3,2.7,14
15081.0,33.63128351447723,Regular,Loyal_Customers,Low Risk,NORMAL,504.8,1624.905581358268,1120.105581358268,22,5,504.8,4,4,3,3.6,44
15083.0,0.6434748911242385,Regular,Hibernating,High Risk,MEDIUM,88.19999999999999,320.7611494638811,232.56114946388112,257,1,88.19999999999999,1,1,1,1.0,11
15087.0,5.957021828150385,Regular,Hibernating,High Risk,MEDIUM,306.94,1159.0212221323593,852.0812221323592,282,1,306.94,1,1,2,1.4,11
15088.0,34.78327318684446,Regular,Potential_Loyalists,Low Risk,NORMAL,1160.0699999999997,1362.8773659244323,202.8073659244326,21,2,1160.0699999999997,4,3,4,3.7,43
15089.0,51.667950861643526,High-Value,Champions,Low Risk,HIGH,2420.84,3059.672617200502,638.8326172005018,10,6,2420.84,5,5,5,5.0,55
15090.0,5.98489753524294,Regular,Hibernating,High Risk,MEDIUM,381.32,1233.5462437279036,852.2262437279037,308,1,381.32,1,1,2,1.4,11
15091.0,13.364858608708227,Regular,About_to_Sleep,Medium Risk,NORMAL,480.71,912.6251075356388,431.9151075356388,68,1,480.71,3,1,2,2.0,31
15092.0,12.961869163258225,Regular,At_Risk,Medium Risk,NORMAL,457.81,-164.75732531963138,-622.5673253196314,215,2,457.81,1,3,2,2.0,13
15093.0,47.8578903558968,High-Value,Loyal_Customers,Low Risk,HIGH,4597.02,2899.1023230389055,-1697.917676961095,18,6,4597.02,4,5,5,4.7,45
15095.0,31.13053084038322,Regular,At_Risk,Medium Risk,NORMAL,1370.6,1622.893325564202,252.29332556420218,104,4,1370.6,2,4,4,3.4,24
15096.0,8.05131167168208,Regular,About_to_Sleep,Medium Risk,NORMAL,219.39,74.3650348671606,-145.02496513283938,43,1,219.39,3,1,1,1.6,31
15097.0,15.646773403824426,Regular,New_Customers,Medium Risk,NORMAL,248.08,329.5796425481403,81.49964254814032,4,1,248.08,5,1,1,2.2,51
15098.0,29.024855021071026,High-Value,At_Risk,Medium Risk,HIGH,39916.5,2677.109384867408,-37239.390615132594,182,3,39916.5,1,3,5,3.2,13
15099.0,9.563375243605364,Regular,Hibernating,Medium Risk,NORMAL,410.48,774.9855892495948,364.5055892495948,84,1,410.48,2,1,2,1.7,21
15100.0,18.614333948276272,Regular,At_Risk,Medium Risk,NORMAL,876.0,1579.5913303881396,703.5913303881396,334,3,876.0,1,3,3,2.4000000000000004,13
15101.0,28.01555837724111,Regular,Potential_Loyalists,Low Risk,NORMAL,317.53,-21.220523966504288,-338.75052396650426,9,2,317.53,5,3,2,3.2,53
15103.0,29.50725124013521,Regular,Potential_Loyalists,Low Risk,NORMAL,703.3599999999999,624.9394377114941,-78.42056228850583,31,2,703.3599999999999,4,3,3,3.3,43
15104.0,23.51605734183768,Regular,At_Risk,Medium Risk,NORMAL,1027.44,1316.8512250751326,289.4112250751325,197,2,1027.44,1,3,4,2.8,13
15105.0,48.096026801323305,High-Value,Loyal_Customers,Low Risk,HIGH,2298.9300000000003,3535.754289540463,1236.8242895404628,18,7,2298.9300000000003,4,5,5,4.7,45
15106.0,38.913738316669374,Regular,Loyal_Customers,Low Risk,NORMAL,1422.52,2380.0415914778705,957.5215914778705,18,5,1422.52,4,4,4,4.0,44
15107.0,20.855885075264293,Regular,Cant_Loose,Medium Risk,NORMAL,319.5,888.6345851974202,569.1345851974202,311,6,319.5,1,5,2,2.6,15
15108.0,31.17127225844157,Regular,At_Risk,Medium Risk,NORMAL,1300.25,1731.8145109730742,431.5645109730742,142,4,1300.25,2,4,4,3.4,24
15109.0,5.918424695253002,Regular,Hibernating,High Risk,MEDIUM,484.9500000000001,1055.8327306923754,570.8827306923754,246,1,484.9500000000001,1,1,2,1.4,11
15110.0,38.68203472672577,Regular,Loyal_Customers,Low Risk,NORMAL,996.1,1760.587706882978,764.4877068829779,24,4,996.1,4,4,4,4.0,44
15111.0,35.02998677291483,Regular,Potential_Loyalists,Low Risk,NORMAL,1567.4799999999998,2022.4601083015407,454.9801083015409,29,3,1567.4799999999998,4,3,4,3.7,43
15113.0,44.114997082790325,High-Value,Potential_Loyalists,Low Risk,HIGH,3609.33,2918.101983691631,-691.2280163083688,10,3,3609.33,5,3,5,4.4,53
15114.0,48.82330184856862,High-Value,Loyal_Customers,Low Risk,HIGH,2760.5599999999995,5480.106352858461,2719.5463528584614,30,10,2760.5599999999995,4,5,5,4.7,45
15115.0,17.12988912607467,Regular,Promising,Medium Risk,NORMAL,340.11,952.8088283505865,612.6988283505865,18,1,340.11,4,1,2,2.3,41
15116.0,38.67560187124287,Regular,Loyal_Customers,Low Risk,NORMAL,1352.75,1743.389624976314,390.63962497631405,18,4,1352.75,4,4,4,4.0,44
15117.0,38.910521888927924,Regular,Loyal_Customers,Low Risk,NORMAL,1551.7800000000002,2371.442550524539,819.6625505245388,15,5,1551.7800000000002,4,4,4,4.0,44
15118.0,4.33023900011543,Regular,Hibernating,High Risk,MEDIUM,244.8,151.70154041441674,-93.09845958558327,134,1,244.8,2,1,1,1.2999999999999998,21
15119.0,5.918424695253002,Regular,Hibernating,High Risk,MEDIUM,266.4,1055.8327306923754,789.4327306923755,246,1,266.4,1,1,2,1.4,11
15120.0,9.616982372629508,Regular,Hibernating,High Risk,MEDIUM,358.8199999999999,918.302938471795,559.482938471795,134,1,358.8199999999999,2,1,2,1.7,21
15121.0,20.422240930259726,Regular,Need_Attention,Low Risk,NORMAL,457.72,-270.7024376785961,-728.4224376785961,50,2,457.72,3,3,2,2.6,33
15122.0,27.4838435994747,Regular,At_Risk,Medium Risk,NORMAL,1633.7799999999995,1899.0974619049855,265.317461904986,114,3,1633.7799999999995,2,3,4,3.1,23
15123.0,43.87364420962237,High-Value,Potential_Loyalists,Low Risk,HIGH,2199.3100000000004,2272.850976236742,73.5409762367417,7,2,2199.3100000000004,5,3,5,4.4,53
15124.0,18.9251873544632,Regular,Potential_Loyalists,Low Risk,NORMAL,184.19000000000003,-931.1941342788142,-1115.3841342788141,23,2,184.19000000000003,4,3,1,2.5,43
15125.0,50.00862336279874,High-Value,Loyal_Customers,Low Risk,HIGH,11528.48,8649.034450444025,-2879.445549555974,25,15,11528.48,4,5,5,4.7,45
15127.0,13.36271432354726,Regular,About_to_Sleep,Medium Risk,NORMAL,406.53,906.8924135667507,500.3624135667508,66,1,406.53,3,1,2,2.0,31
15128.0,34.90199421323256,Regular,Loyal_Customers,Low Risk,NORMAL,1471.0,1680.2751282858137,209.2751282858137,60,4,1471.0,3,4,4,3.7,34
15129.0,45.2642434992142,High-Value,Loyal_Customers,Low Risk,HIGH,3447.4,5990.58418901175,2543.18418901175,50,11,3447.4,3,5,5,4.4,35
15130.0,9.655579505526891,Regular,Hibernating,High Risk,MEDIUM,330.11000000000007,1021.4914299117788,691.3814299117787,170,1,330.11000000000007,2,1,2,1.7,21
15132.0,38.913738316669374,Regular,Loyal_Customers,Low Risk,NORMAL,977.93,2380.0415914778705,1402.1115914778707,18,5,977.93,4,4,4,4.0,44
15133.0,27.49885359560146,Regular,At_Risk,Medium Risk,NORMAL,982.4199999999998,1939.2263196872016,956.8063196872017,128,3,982.4199999999998,2,3,4,3.1,23
15134.0,43.04420344649429,Regular,Loyal_Customers,Low Risk,NORMAL,1387.99,3397.2058170313085,2009.2158170313085,15,8,1387.99,4,5,4,4.300000000000001,45
15135.0,0.6241763246755466,Regular,Hibernating,High Risk,MEDIUM,139.04999999999998,269.1669037438892,130.1169037438892,239,1,139.04999999999998,1,1,1,1.0,11
15136.0,42.47815737892622,Regular,Champions,Low Risk,NORMAL,1286.7000000000005,1883.895490246802,597.1954902468015,3,4,1286.7000000000005,5,4,4,4.300000000000001,54
15139.0,7.701929355256222,Regular,At_Risk,Medium Risk,NORMAL,178.96,-859.7000487659095,-1038.6600487659096,240,2,178.96,1,3,1,1.6,13
15140.0,44.31384200266914,High-Value,Loyal_Customers,Low Risk,HIGH,2354.25,3449.7090169744106,1095.4590169744106,52,7,2354.25,3,5,5,4.4,35
15142.0,18.62801484445168,Regular,About_to_Sleep,Medium Risk,NORMAL,498.74000000000007,1616.1668719352485,1117.4268719352485,46,1,498.74000000000007,3,1,3,2.4000000000000004,31
15143.0,5.896981843643344,Regular,Hibernating,High Risk,MEDIUM,259.45,998.5057910034955,739.0557910034954,226,1,259.45,1,1,2,1.4,11
15144.0,54.28530747617413,High-Value,Champions,Low Risk,HIGH,6580.4400000000005,10057.111554748737,3476.6715547487365,8,17,6580.4400000000005,5,5,5,5.0,55
15145.0,42.4792295215067,Regular,Champions,Low Risk,NORMAL,1194.7300000000002,1886.7618372312456,692.0318372312454,4,4,1194.7300000000002,5,4,4,4.300000000000001,54
15146.0,27.30038642565282,Regular,At_Risk,Medium Risk,NORMAL,1327.16,1408.629191610073,81.46919161007281,165,2,1327.16,2,3,4,3.1,23
15147.0,11.198735212284186,Regular,Hibernating,High Risk,MEDIUM,623.5,1805.2360468430895,1181.7360468430895,240,1,623.5,1,1,3,1.8000000000000005,11
15148.0,20.94102177440188,Regular,New_Customers,Medium Risk,NORMAL,301.29,1116.2454694966261,814.9554694966262,11,1,301.29,5,1,2,2.6,51
15149.0,14.903725745143586,Regular,Hibernating,High Risk,MEDIUM,520.8,1684.904336529173,1164.104336529173,134,1,520.8,2,1,3,2.1,21
15150.0,48.809363995022345,High-Value,Loyal_Customers,Low Risk,HIGH,5314.469999999999,5442.843842060689,128.37384206068964,17,10,5314.469999999999,4,5,5,4.7,45
15152.0,53.33490597962907,High-Value,Champions,Low Risk,HIGH,4745.6900000000005,7516.236382711399,2770.546382711398,10,13,4745.6900000000005,5,5,5,5.0,55
15153.0,17.143826979620947,Regular,Promising,Medium Risk,NORMAL,329.25,990.0713391483584,660.8213391483584,31,1,329.25,4,1,2,2.3,41
15154.0,9.553725960381017,Regular,Hibernating,Medium Risk,NORMAL,296.42,749.1884663895987,452.7684663895987,75,1,296.42,2,1,2,1.7,21
15156.0,38.8186044270519,Regular,Potential_Loyalists,Low Risk,NORMAL,961.49,2125.703462774257,1164.2134627742569,1,3,961.49,5,3,4,4.0,53
15157.0,38.82182085479335,Regular,Potential_Loyalists,Low Risk,NORMAL,1936.0700000000004,2134.3025037275893,198.2325037275889,4,3,1936.0700000000004,5,3,4,4.0,53
15158.0,13.34019932935712,Regular,About_to_Sleep,Medium Risk,NORMAL,401.4000000000001,846.6991268934266,445.29912689342655,45,1,401.4000000000001,3,1,2,2.0,31
15159.0,57.37464841123582,High-Value,Champions,Low Risk,HIGH,18641.01,18316.38903736231,-324.6209626376876,2,30,18641.01,5,5,5,5.0,55
15160.0,0.7506891491725268,Regular,Hibernating,High Risk,MEDIUM,158.16000000000005,607.3958479082814,449.23584790828136,357,1,158.16000000000005,1,1,1,1.0,11
15163.0,24.206570014074856,Regular,Potential_Loyalists,Low Risk,NORMAL,304.4699999999999,-178.9244711436562,-483.3944711436561,18,2,304.4699999999999,4,3,2,2.8999999999999995,43
15164.0,25.96749145722948,Regular,Need_Attention,Low Risk,NORMAL,843.0499999999998,1187.0115195847745,343.9615195847747,69,3,843.0499999999998,3,3,3,3.0,33
15165.0,6.0545868029743275,Regular,Hibernating,High Risk,MEDIUM,487.75,1419.8587977167638,932.1087977167638,373,1,487.75,1,1,2,1.4,11
15167.0,0.7120920162751431,Regular,Hibernating,High Risk,MEDIUM,163.00000000000003,504.2073564682976,341.2073564682976,321,1,163.00000000000003,1,1,1,1.0,11
15168.0,11.851722894204457,Regular,Promising,Medium Risk,NORMAL,106.56,209.13820616876046,102.57820616876046,26,1,106.56,4,1,1,1.9,41
15171.0,16.5830435596222,Regular,Hibernating,High Risk,MEDIUM,1289.5,2832.675020484872,1543.1750204848722,331,1,1289.5,1,1,4,2.2,11
15172.0,42.722726679835624,Regular,Champions,Low Risk,NORMAL,1624.05,2537.7455386550228,913.6955386550228,9,5,1624.05,5,4,4,4.300000000000001,54
15174.0,0.7142363014361087,Regular,Hibernating,High Risk,MEDIUM,135.75,509.9400504371854,374.1900504371854,323,1,135.75,1,1,1,1.0,11
15175.0,8.082403806516083,Regular,About_to_Sleep,Medium Risk,NORMAL,224.14000000000004,157.48909741603643,-66.65090258396361,72,1,224.14000000000004,3,1,1,1.6,31
15178.0,0.6466913188656871,Regular,Hibernating,High Risk,MEDIUM,40.5,329.36019041721306,288.86019041721306,260,1,40.5,1,1,1,1.0,11
15179.0,44.200481689183455,High-Value,Loyal_Customers,Low Risk,HIGH,2206.9500000000003,3146.6429895352485,939.6929895352482,18,5,2206.9500000000003,4,4,5,4.4,44
15180.0,0.7614105749773556,Regular,Hibernating,High Risk,MEDIUM,87.5,636.0593177527214,548.5593177527214,367,1,87.5,1,1,1,1.0,11
15181.0,25.964275029488032,Regular,Need_Attention,Low Risk,NORMAL,689.48,1178.4124786314426,488.93247863144256,66,3,689.48,3,3,3,3.0,33
15182.0,22.001849484753436,Regular,At_Risk,Medium Risk,NORMAL,622.8499999999998,610.4979767238103,-12.35202327618947,154,2,622.8499999999998,2,3,3,2.7,23
15184.0,24.218363582460167,Regular,Potential_Loyalists,Low Risk,NORMAL,406.76,-147.3946543147722,-554.1546543147722,29,2,406.76,4,3,2,2.8999999999999995,43
15185.0,13.367002893869191,Regular,About_to_Sleep,Medium Risk,NORMAL,310.62,918.3578015045268,607.7378015045268,70,1,310.62,3,1,2,2.0,31
15186.0,24.202281443752923,Regular,Potential_Loyalists,Low Risk,NORMAL,411.41,-190.38985908143218,-601.7998590814323,14,2,411.41,4,3,2,2.8999999999999995,43
15187.0,54.04073817526473,High-Value,Champions,Low Risk,HIGH,4777.180000000001,9403.261506340517,4626.081506340516,2,16,4777.180000000001,5,5,5,5.0,55
15189.0,59.993077168346915,High-Value,Champions,Low Risk,HIGH,16225.390000000005,25316.694321894993,9091.304321894988,1,41,16225.390000000005,5,5,5,5.0,55
15192.0,27.490276454957595,Regular,At_Risk,Medium Risk,NORMAL,1044.3200000000002,1916.2955438116494,871.9755438116492,120,3,1044.3200000000002,2,3,4,3.1,23
15193.0,18.644096983158924,Regular,About_to_Sleep,Medium Risk,NORMAL,499.32,1659.1620767019083,1159.8420767019084,61,1,499.32,3,1,3,2.4000000000000004,31
15194.0,53.803673872418706,High-Value,Champions,Low Risk,HIGH,7616.530000000001,8769.475886823404,1152.9458868234033,3,15,7616.530000000001,5,5,5,5.0,55
15195.0,36.79267475130024,High-Value,New_Customers,Medium Risk,HIGH,3861.0,3393.118887793209,-467.88111220679093,3,1,3861.0,5,1,5,3.8,51
15197.0,38.829325852856726,Regular,Potential_Loyalists,Low Risk,NORMAL,1079.61,2154.3669326186973,1074.7569326186974,11,3,1079.61,5,3,4,4.0,53
15198.0,11.361889899735342,Regular,At_Risk,Medium Risk,NORMAL,193.64,-1100.418332426474,-1294.058332426474,92,2,193.64,2,3,1,1.9,23
15199.0,34.90092207065208,Regular,Loyal_Customers,Low Risk,NORMAL,1268.6999999999998,1677.40878130137,408.7087813013702,59,4,1268.6999999999998,3,4,4,3.7,34
15201.0,31.350440861941514,Regular,At_Risk,Low Risk,NORMAL,1236.54,2210.8173933302105,974.2773933302105,87,5,1236.54,2,4,4,3.4,24
15203.0,42.5797241240266,Regular,Loyal_Customers,Low Risk,NORMAL,1827.8,2155.4317008570797,327.63170085707975,26,6,1827.8,4,5,4,4.300000000000001,45
15204.0,6.037432521686601,Regular,Hibernating,High Risk,MEDIUM,316.58,1373.9972459656594,1057.4172459656595,357,1,316.58,1,1,2,1.4,11
15205.0,21.927871646700115,Regular,At_Risk,Low Risk,NORMAL,653.24,412.7200347971741,-240.51996520282592,85,2,653.24,2,3,3,2.7,23
15206.0,31.912175631961443,Regular,Champions,Low Risk,NORMAL,420.3,370.75712302315355,-49.54287697684646,10,4,420.3,5,4,2,3.5,54
15208.0,37.42740616667768,Regular,Champions,Low Risk,NORMAL,870.12,1748.2133647220924,878.0933647220924,1,5,870.12,5,4,3,3.9,54
15210.0,5.895909701062861,Regular,Hibernating,High Risk,MEDIUM,331.18,995.6394440190513,664.4594440190513,225,1,331.18,1,1,2,1.4,11
15211.0,25.71970572857863,Regular,Need_Attention,Low Risk,NORMAL,894.41,524.562430223222,-369.84756977677796,60,2,894.41,3,3,3,3.0,33
15212.0,0.6263206098365124,Regular,Hibernating,High Risk,MEDIUM,101.79999999999998,274.8995977127772,173.09959771277724,241,1,101.79999999999998,1,1,1,1.0,11
15213.0,13.073371991628443,Regular,At_Risk,Medium Risk,NORMAL,328.35,133.34276106254492,-195.0072389374551,319,2,328.35,1,3,2,2.0,13
15214.0,46.84890323933859,Regular,Champions,Low Risk,NORMAL,1661.44,3543.444376270685,1882.004376270685,2,8,1661.44,5,5,4,4.6,55
15215.0,25.94390432045886,Regular,Need_Attention,Low Risk,NORMAL,734.9399999999999,1123.9518859270063,389.01188592700635,47,3,734.9399999999999,3,3,3,3.0,33
15216.0,4.280920441413218,Regular,Hibernating,Medium Risk,NORMAL,96.6,19.849579129992662,-76.75042087000733,88,1,96.6,2,1,1,1.2999999999999998,21
15218.0,52.85970523135654,High-Value,Champions,Low Risk,HIGH,5756.89,6245.798796692729,488.9087966927291,11,11,5756.89,5,5,5,5.0,55
15219.0,9.66201236100979,Regular,Hibernating,High Risk,MEDIUM,305.75,1038.6895118184432,732.9395118184432,176,1,305.75,2,1,2,1.7,21
15220.0,38.788962184728554,Regular,Loyal_Customers,Low Risk,NORMAL,1778.9599999999996,2046.4556524154757,267.4956524154761,52,6,1778.9599999999996,3,5,4,4.0,35
15221.0,6.047081804910947,Regular,Hibernating,High Risk,MEDIUM,403.25,1399.7943688256557,996.5443688256557,366,1,403.25,1,1,2,1.4,11
15222.0,11.283434476142332,Regular,Hibernating,High Risk,MEDIUM,585.0,2031.6774586141657,1446.6774586141657,319,1,585.0,1,1,3,1.8000000000000005,11
15223.0,18.260406104157614,Regular,At_Risk,Medium Risk,NORMAL,755.75,633.3738895666304,-122.3761104333696,226,2,755.75,1,3,3,2.4000000000000004,13
15224.0,13.115185552267276,Regular,At_Risk,Medium Risk,NORMAL,322.0799999999999,245.13029345586096,-76.94970654413896,358,2,322.0799999999999,1,3,2,2.0,13
15225.0,5.9055589842872065,Regular,Hibernating,High Risk,MEDIUM,409.4000000000001,1021.4365668790472,612.0365668790471,234,1,409.4000000000001,1,1,2,1.4,11
15226.0,0.7013705904703142,Regular,Hibernating,High Risk,MEDIUM,154.41,475.5438866238576,321.1338866238576,311,1,154.41,1,1,1,1.0,11
15227.0,35.11547137930796,Regular,Loyal_Customers,Low Risk,NORMAL,1219.4,2251.0011141451587,1031.6011141451586,37,5,1219.4,3,4,4,3.7,34
15228.0,40.19517044122953,High-Value,Loyal_Customers,Low Risk,HIGH,3386.71,2464.0746082498563,-922.6353917501438,66,4,3386.71,3,4,5,4.1,34
15230.0,12.987600585189814,Regular,At_Risk,Medium Risk,NORMAL,429.6,-95.96499769297532,-525.5649976929753,239,2,429.6,1,3,2,2.0,13
15232.0,21.957891638953637,Regular,At_Risk,Medium Risk,NORMAL,612.0600000000001,492.97775036160624,-119.08224963839382,113,2,612.0600000000001,2,3,3,2.7,23
15234.0,0.6649177427338961,Regular,Hibernating,High Risk,MEDIUM,197.00000000000009,378.0880891527613,181.08808915276123,277,1,197.00000000000009,1,1,1,1.0,11
15235.0,38.045224605380646,High-Value,Cant_Loose,Medium Risk,HIGH,2247.51,6741.780308825602,4494.270308825602,218,12,2247.51,1,5,5,3.8,15
15236.0,5.975248252018594,Regular,Hibernating,High Risk,MEDIUM,321.04999999999995,1207.7491208679073,886.6991208679074,299,1,321.04999999999995,1,1,2,1.4,11
15237.0,42.47708523634574,Regular,Champions,Low Risk,NORMAL,1412.3200000000002,1881.0291432623578,468.70914326235766,2,4,1412.3200000000002,5,4,4,4.300000000000001,54
15238.0,35.02998677291483,Regular,Potential_Loyalists,Low Risk,NORMAL,1071.99,2022.4601083015407,950.4701083015407,29,3,1071.99,4,3,4,3.7,43
15239.0,33.303373892335664,Regular,Potential_Loyalists,Low Risk,NORMAL,780.59,748.2472210753178,-32.34277892468219,10,2,780.59,5,3,3,3.6,53
15240.0,35.12404851995183,Regular,Loyal_Customers,Low Risk,NORMAL,1706.57,2273.931890020711,567.3618900207109,45,5,1706.57,3,4,4,3.7,34
15241.0,39.28131721428881,Regular,Loyal_Customers,Low Risk,NORMAL,1756.44,3362.7547901852495,1606.3147901852494,67,8,1756.44,3,5,4,4.0,35
15243.0,9.552653817800534,Regular,Hibernating,Medium Risk,NORMAL,316.68,746.3221194051548,429.6421194051548,74,1,316.68,2,1,2,1.7,21
15244.0,25.725066441481044,Regular,Need_Attention,Low Risk,NORMAL,631.5699999999999,538.8941651454418,-92.67583485455816,65,2,631.5699999999999,3,3,3,3.0,33
15245.0,32.79202982359843,High-Value,At_Risk,Medium Risk,HIGH,2515.84,2723.0257996512437,207.18579965124354,134,3,2515.84,2,3,5,3.5,23
15246.0,18.273271815123408,Regular,At_Risk,Medium Risk,NORMAL,514.15,667.7700533799584,153.62005337995845,238,2,514.15,1,3,3,2.4000000000000004,13
15247.0,9.604116661663713,Regular,Hibernating,High Risk,MEDIUM,356.0,883.9067746584669,527.9067746584669,122,1,356.0,2,1,2,1.7,21
15249.0,49.53985547000911,High-Value,Loyal_Customers,Low Risk,HIGH,6688.459999999999,7395.794946332018,707.3349463320192,32,13,6688.459999999999,4,5,5,4.7,45
15251.0,52.857560946195576,High-Value,Champions,Low Risk,HIGH,10484.99,6240.066102723842,-4244.923897276158,9,11,10484.99,5,5,5,5.0,55
15252.0,25.69397430664704,Regular,Need_Attention,Low Risk,NORMAL,740.78,455.77010259656595,-285.009897403434,36,2,740.78,3,3,3,3.0,33
15253.0,33.62485065899433,Regular,Loyal_Customers,Low Risk,NORMAL,918.1999999999998,1607.707499451604,689.5074994516042,16,5,918.1999999999998,4,4,3,3.6,44
15254.0,9.609477374566127,Regular,Hibernating,High Risk,MEDIUM,300.36000000000007,898.2385095806869,597.8785095806868,127,1,300.36000000000007,2,1,2,1.7,21
15255.0,18.650529838641823,Regular,About_to_Sleep,Medium Risk,NORMAL,890.85,1676.3601586085726,785.5101586085726,67,1,890.85,3,1,3,2.4000000000000004,31
15256.0,4.346321138822674,Regular,Hibernating,High Risk,MEDIUM,98.45,194.69674518107672,96.24674518107672,149,1,98.45,2,1,1,1.2999999999999998,21
15257.0,5.958093970730868,Regular,Hibernating,High Risk,MEDIUM,317.15,1161.8875691168034,844.7375691168035,283,1,317.15,1,1,2,1.4,11
15258.0,22.01793162346068,Regular,At_Risk,Medium Risk,NORMAL,623.1600000000001,653.4931814904705,30.33318149047045,169,2,623.1600000000001,2,3,3,2.7,23
15260.0,35.25992382762765,Regular,Cant_Loose,Medium Risk,NORMAL,1810.77,2637.191204133196,826.4212041331962,100,7,1810.77,2,5,4,3.7,25
15261.0,9.618054515209991,Regular,Hibernating,High Risk,MEDIUM,254.82,921.1692854562391,666.3492854562392,135,1,254.82,2,1,2,1.7,21
15262.0,0.7153084440165918,Regular,Hibernating,High Risk,MEDIUM,178.95000000000002,512.8063974216295,333.8563974216295,324,1,178.95000000000002,1,1,1,1.0,11
15263.0,4.301291150442393,Regular,Hibernating,High Risk,MEDIUM,156.50999999999996,74.31017183442873,-82.19982816557123,107,1,156.50999999999996,2,1,1,1.2999999999999998,21
15264.0,13.360570038386296,Regular,About_to_Sleep,Medium Risk,NORMAL,393.7400000000001,901.1597195978627,507.4197195978626,64,1,393.7400000000001,3,1,2,2.0,31
15265.0,27.28537642952606,Regular,At_Risk,Medium Risk,NORMAL,1506.12,1368.5003338278568,-137.61966617214307,151,2,1506.12,2,3,4,3.1,23
15266.0,0.7303184401433521,Regular,Hibernating,High Risk,MEDIUM,119.3,552.9352552038456,433.6352552038456,338,1,119.3,1,1,1,1.0,11
15267.0,38.918026886991306,Regular,Loyal_Customers,Low Risk,NORMAL,1717.36,2391.506979415647,674.1469794156471,22,5,1717.36,4,4,4,4.0,44
15269.0,17.136321981557565,Regular,Promising,Medium Risk,NORMAL,408.8,970.0069102572504,561.2069102572505,24,1,408.8,4,1,2,2.3,41
15270.0,48.09388251616234,High-Value,Loyal_Customers,Low Risk,HIGH,2379.49,3530.021595571575,1150.531595571575,16,7,2379.49,4,5,5,4.7,45
15271.0,53.80796244274064,High-Value,Champions,Low Risk,HIGH,2507.07,8780.94127476118,6273.871274761181,7,15,2507.07,5,5,5,5.0,55
15272.0,25.716489300837182,Regular,Need_Attention,Low Risk,NORMAL,721.94,515.9633892698901,-205.97661073011,57,2,721.94,3,3,3,3.0,33
15274.0,33.296941036852765,Regular,Potential_Loyalists,Low Risk,NORMAL,716.57,731.0491391686537,14.47913916865366,4,2,716.57,5,3,3,3.6,53
15275.0,18.61943770380782,Regular,About_to_Sleep,Medium Risk,NORMAL,615.14,1593.2360960596964,978.0960960596964,38,1,615.14,3,1,3,2.4000000000000004,31
15276.0,8.075970951033186,Regular,About_to_Sleep,Medium Risk,NORMAL,135.31,140.29101550937253,4.981015509372526,66,1,135.31,3,1,1,1.6,31
15277.0,13.342343614518086,Regular,About_to_Sleep,Medium Risk,NORMAL,255.9,852.4318208623147,596.5318208623147,47,1,255.9,3,1,2,2.0,31
15279.0,6.035288236525636,Regular,Hibernating,High Risk,MEDIUM,290.51,1368.2645519967716,1077.7545519967716,355,1,290.51,1,1,2,1.4,11
15280.0,4.37098041817378,Regular,Hibernating,High Risk,MEDIUM,113.12,260.6227258232889,147.50272582328887,172,1,113.12,2,1,1,1.2999999999999998,21
15281.0,44.79761989158553,High-Value,Loyal_Customers,Low Risk,HIGH,2332.15,4743.077378868632,2410.927378868632,59,9,2332.15,3,5,5,4.4,35
15286.0,8.058816669745461,Regular,About_to_Sleep,Medium Risk,NORMAL,240.55,94.42946375826864,-146.12053624173137,50,1,240.55,3,1,1,1.6,31
15287.0,24.210858584396785,Regular,Potential_Loyalists,Low Risk,NORMAL,486.69,-167.45908320588023,-654.1490832058803,22,2,486.69,4,3,2,2.8999999999999995,43
15288.0,40.40864760730493,High-Value,Loyal_Customers,Low Risk,HIGH,2306.5200000000004,3034.8005941092015,728.280594109201,43,5,2306.5200000000004,3,4,5,4.1,34
15289.0,29.743243400400754,Regular,Potential_Loyalists,Low Risk,NORMAL,939.78,1255.8587102441627,316.0787102441627,29,3,939.78,4,3,3,3.3,43
15290.0,54.52022749385919,High-Value,Champions,Low Risk,HIGH,7943.219999999999,10685.164480296962,2741.944480296963,5,18,7943.219999999999,5,5,5,5.0,55
15291.0,50.00969550537922,High-Value,Loyal_Customers,Low Risk,HIGH,4668.300000000001,8651.900797428469,3983.6007974284676,26,15,4668.300000000001,4,5,5,4.7,45
15292.0,0.5834349066171971,Regular,Hibernating,High Risk,MEDIUM,180.94,160.24571833501705,-20.694281664982952,201,1,180.94,1,1,1,1.0,11
15296.0,44.07463341466215,High-Value,Loyal_Customers,Low Risk,HIGH,3672.86,2810.19070348841,-862.6692965115903,51,6,3672.86,3,5,5,4.4,35
15297.0,33.54151033776217,Regular,Potential_Loyalists,Low Risk,NORMAL,641.94,1384.8991875768745,742.9591875768745,10,3,641.94,5,3,3,3.6,53
15298.0,53.0881923935587,High-Value,Champions,Low Risk,HIGH,4799.9,6856.653640334291,2056.753640334291,2,12,4799.9,5,5,5,5.0,55
15299.0,44.32992414137639,High-Value,Loyal_Customers,Low Risk,HIGH,4507.01,3492.704221741071,-1014.3057782589294,67,7,4507.01,3,5,5,4.4,35
15300.0,18.647313410900374,Regular,About_to_Sleep,Medium Risk,NORMAL,496.44,1667.7611176552407,1171.3211176552406,64,1,496.44,3,1,3,2.4000000000000004,31
15301.0,45.50345208722119,High-Value,Loyal_Customers,Low Risk,HIGH,5070.349999999999,6630.10250249775,1559.7525024977504,51,12,5070.349999999999,3,5,5,4.4,35
15303.0,11.25234234130833,Regular,Hibernating,High Risk,MEDIUM,574.02,1948.5533960652895,1374.5333960652895,290,1,574.02,1,1,3,1.8000000000000005,11
15304.0,33.98814098629184,Regular,Loyal_Customers,Low Risk,NORMAL,694.4000000000002,2578.9553102212067,1884.5553102212066,61,8,694.4000000000002,3,5,3,3.6,35
15306.0,31.248874116841144,Regular,Need_Attention,Low Risk,NORMAL,1174.35,1939.2811827199328,764.9311827199328,64,3,1174.35,3,3,4,3.4,33
15307.0,4.289497582057081,Regular,Hibernating,High Risk,MEDIUM,205.3,42.78035500554461,-162.5196449944554,96,1,205.3,2,1,1,1.2999999999999998,21
15308.0,5.948444687506522,Regular,Hibernating,High Risk,MEDIUM,310.47,1136.0904462568076,825.6204462568076,274,1,310.47,1,1,2,1.4,11
15311.0,71.89989943967223,High-Value,Champions,Low Risk,HIGH,60767.9,57149.29264697281,-3618.6073530271897,1,91,60767.9,5,5,5,5.0,55
15312.0,25.81269533303514,Regular,At_Risk,Low Risk,NORMAL,924.85,773.1678649579478,-151.6821350420522,75,4,924.85,2,4,3,3.0,24
15313.0,4.304507578183841,Regular,Hibernating,High Risk,MEDIUM,52.0,82.90921278776068,30.90921278776068,110,1,52.0,2,1,1,1.2999999999999998,21
15314.0,5.868033993970306,Regular,Hibernating,High Risk,MEDIUM,327.97,921.114422423507,593.144422423507,199,1,327.97,1,1,2,1.4,11
15315.0,25.72399429890056,Regular,Need_Attention,Low Risk,NORMAL,570.5000000000001,536.0278181609979,-34.472181839002246,64,2,570.5000000000001,3,3,3,3.0,33
15316.0,0.7185248717580404,Regular,Hibernating,High Risk,MEDIUM,165.0,521.4054383749615,356.4054383749615,327,1,165.0,1,1,1,1.0,11
15318.0,20.9335167763385,Regular,New_Customers,Medium Risk,NORMAL,312.62,1096.181040605518,783.5610406055181,4,1,312.62,5,1,2,2.6,51
15319.0,0.6724227407972763,Regular,Hibernating,High Risk,MEDIUM,204.5,398.1525180438691,193.65251804386912,284,1,204.5,1,1,1,1.0,11
15320.0,13.339127186776638,Regular,About_to_Sleep,Medium Risk,NORMAL,267.13000000000005,843.8327799089827,576.7027799089826,44,1,267.13000000000005,3,1,2,2.0,31
15321.0,36.5431224874186,High-Value,Need_Attention,Low Risk,HIGH,2748.3100000000004,2725.947009668419,-22.362990331581386,71,3,2748.3100000000004,3,3,5,3.8,33
15322.0,14.852262901280406,Regular,Hibernating,Medium Risk,NORMAL,679.68,1547.3196812758608,867.6396812758609,86,1,679.68,2,1,3,2.1,21
15325.0,4.298074722700944,Regular,Hibernating,High Risk,MEDIUM,162.29000000000002,65.71113088109655,-96.57886911890347,104,1,162.29000000000002,2,1,1,1.2999999999999998,21
15326.0,6.012773242335495,Regular,Hibernating,High Risk,MEDIUM,311.7099999999999,1308.0712653234475,996.3612653234476,334,1,311.7099999999999,1,1,2,1.4,11
15327.0,8.062033097486909,Regular,About_to_Sleep,Medium Risk,NORMAL,208.75,103.02850471160059,-105.72149528839941,53,1,208.75,3,1,1,1.6,31
15329.0,31.222070552329072,Regular,Need_Attention,Low Risk,NORMAL,1049.7,1867.622508108833,817.922508108833,39,3,1049.7,3,3,4,3.4,33
15330.0,29.508323382715695,Regular,Potential_Loyalists,Low Risk,NORMAL,714.9599999999999,627.805784695938,-87.15421530406195,32,2,714.9599999999999,4,3,3,3.3,43
15332.0,27.592794550079144,Regular,At_Risk,Medium Risk,NORMAL,1661.06,2190.3751654513835,529.3151654513836,366,4,1661.06,1,4,4,3.1,14
15333.0,16.451170022222804,Regular,Hibernating,High Risk,MEDIUM,1028.56,2480.114341398259,1451.554341398259,208,1,1028.56,1,1,4,2.2,11
15334.0,16.95645898540731,Regular,At_Risk,Medium Risk,NORMAL,351.67,489.14758612132096,137.47758612132094,157,3,351.67,2,3,2,2.3,23
15335.0,8.063105240067392,Regular,About_to_Sleep,Medium Risk,NORMAL,173.97,105.8948516960445,-68.0751483039555,54,1,173.97,3,1,1,1.6,31
15339.0,25.726138584061527,Regular,Need_Attention,Low Risk,NORMAL,574.0699999999999,541.7605121298859,-32.309487870114026,66,2,574.0699999999999,3,3,3,3.0,33
15341.0,20.133645560892067,Regular,Hibernating,Medium Risk,NORMAL,2020.52,2299.5893444110197,279.06934441101976,81,1,2020.52,2,1,4,2.5,21
15342.0,9.612693802307577,Regular,Hibernating,High Risk,MEDIUM,406.09,906.8375505340189,500.7475505340189,130,1,406.09,2,1,2,1.7,21
15343.0,9.566591671346812,Regular,Hibernating,Medium Risk,NORMAL,364.5,783.584630202927,419.084630202927,87,1,364.5,2,1,2,1.7,21
15344.0,33.53186105453783,Regular,Potential_Loyalists,Low Risk,NORMAL,563.9399999999999,1359.1020647168787,795.1620647168787,1,3,563.9399999999999,5,3,3,3.6,53
15345.0,13.341271471937603,Regular,About_to_Sleep,Medium Risk,NORMAL,393.54,849.5654738778708,456.02547387787075,46,1,393.54,3,1,2,2.0,31
15346.0,6.011701099755012,Regular,Hibernating,High Risk,MEDIUM,252.42,1305.2049183390034,1052.7849183390033,333,1,252.42,1,1,2,1.4,11
15347.0,0.7603384323968728,Regular,Hibernating,High Risk,MEDIUM,201.6,633.1929707682777,431.5929707682777,366,1,201.6,1,1,1,1.0,11
15348.0,8.082403806516083,Regular,About_to_Sleep,Medium Risk,NORMAL,158.04,157.48909741603643,-0.5509025839635626,72,1,158.04,3,1,1,1.6,31
15349.0,16.719394682561283,Regular,At_Risk,Medium Risk,NORMAL,473.81,-144.63803339579158,-618.4480333957915,158,2,473.81,2,3,2,2.3,23
15350.0,0.767843430460253,Regular,Hibernating,High Risk,MEDIUM,115.65,653.2573996593858,537.6073996593858,373,1,115.65,1,1,1,1.0,11
15351.0,46.621488219716916,Regular,Champions,Low Risk,NORMAL,1960.11,2935.455879613568,975.3458796135681,12,7,1960.11,5,5,4,4.6,55
15353.0,18.29149823899162,Regular,At_Risk,Medium Risk,NORMAL,777.0200000000002,716.4979521155065,-60.52204788449376,255,2,777.0200000000002,1,3,3,2.4000000000000004,13
15355.0,24.218363582460167,Regular,Potential_Loyalists,Low Risk,NORMAL,277.05000000000007,-147.3946543147722,-424.44465431477227,29,2,277.05000000000007,4,3,2,2.8999999999999995,43
15356.0,48.8243739911491,High-Value,Loyal_Customers,Low Risk,HIGH,2766.5,5482.972699842905,2716.472699842905,31,10,2766.5,4,5,5,4.7,45
15358.0,55.47277327556522,High-Value,Champions,Low Risk,HIGH,8347.2,13231.772346303187,4884.572346303186,5,22,8347.2,5,5,5,5.0,55
15360.0,13.334838616454705,Regular,About_to_Sleep,Medium Risk,NORMAL,427.93,832.3673919712066,404.43739197120664,40,1,427.93,3,1,2,2.0,31
15361.0,6.042793234589015,Regular,Hibernating,High Risk,MEDIUM,418.9200000000001,1388.3289808878797,969.4089808878796,362,1,418.9200000000001,1,1,2,1.4,11
15363.0,6.0545868029743275,Regular,Hibernating,High Risk,MEDIUM,326.0,1419.8587977167638,1093.8587977167638,373,1,326.0,1,1,2,1.4,11
15364.0,21.93966521508543,Regular,At_Risk,Medium Risk,NORMAL,913.1900000000002,444.2498516260582,-468.94014837394195,96,2,913.1900000000002,2,3,3,2.7,23
15365.0,48.10460394196717,High-Value,Loyal_Customers,Low Risk,HIGH,2314.32,3558.6850654160153,1244.365065416015,26,7,2314.32,4,5,5,4.7,45
15366.0,21.917150220895287,Regular,At_Risk,Low Risk,NORMAL,602.5100000000001,384.0565649527341,-218.453435047266,75,2,602.5100000000001,2,3,3,2.7,23
15367.0,34.89877778549111,Regular,Loyal_Customers,Low Risk,NORMAL,1877.5900000000004,1671.6760873324818,-205.91391266751862,57,4,1877.5900000000004,3,4,4,3.7,34
15368.0,17.133105553816115,Regular,Promising,Medium Risk,NORMAL,446.94000000000005,961.4078693039189,514.4678693039189,21,1,446.94000000000005,4,1,2,2.3,41
15370.0,44.30204843428383,High-Value,Loyal_Customers,Low Risk,HIGH,2386.05,3418.179200145527,1032.1292001455267,41,7,2386.05,3,5,5,4.4,35
15372.0,20.193685545399106,Regular,Hibernating,High Risk,MEDIUM,2007.4,2460.104775539883,452.70477553988303,137,1,2007.4,2,1,4,2.5,21
15373.0,53.0946252490416,High-Value,Champions,Low Risk,HIGH,2415.9100000000003,6873.851722240954,4457.941722240954,8,12,2415.9100000000003,5,5,5,5.0,55
15374.0,4.324878287213016,Regular,Hibernating,High Risk,MEDIUM,168.0,137.36980549219675,-30.630194507803253,129,1,168.0,2,1,1,1.2999999999999998,21
15376.0,31.223142694909555,Regular,Need_Attention,Low Risk,NORMAL,1233.3599999999997,1870.4888550932772,637.1288550932775,40,3,1233.3599999999997,3,3,4,3.4,33
15379.0,40.620645038195036,High-Value,Cant_Loose,Medium Risk,HIGH,3703.29,3601.5705441172113,-101.71945588278868,169,7,3703.29,2,5,5,4.1,25
15380.0,42.722726679835624,Regular,Champions,Low Risk,NORMAL,1690.26,2537.7455386550228,847.4855386550228,9,5,1690.26,5,4,4,4.300000000000001,54
15381.0,18.24754039319182,Regular,At_Risk,Medium Risk,NORMAL,596.85,598.9777257533024,2.127725753302343,214,2,596.85,1,3,3,2.4000000000000004,13
15382.0,47.85467392815535,High-Value,Loyal_Customers,Low Risk,HIGH,5955.709999999999,2890.503282085574,-3065.206717914425,15,6,5955.709999999999,4,5,5,4.7,45
15384.0,22.019003766041163,Regular,At_Risk,Medium Risk,NORMAL,642.41,656.3595284749144,13.949528474914473,170,2,642.41,2,3,3,2.7,23
15385.0,13.334838616454705,Regular,About_to_Sleep,Medium Risk,NORMAL,316.88,832.3673919712066,515.4873919712066,40,1,316.88,3,1,2,2.0,31
15386.0,5.854096140424028,Regular,Hibernating,High Risk,MEDIUM,394.14,883.851911625735,489.71191162573507,186,1,394.14,1,1,2,1.4,11
15388.0,0.657412744670516,Regular,Hibernating,High Risk,MEDIUM,140.54,358.0236602616533,217.48366026165328,270,1,140.54,1,1,1,1.0,11
15389.0,14.944467163201935,Regular,Hibernating,High Risk,MEDIUM,500.0,1793.825521938045,1293.825521938045,172,1,500.0,2,1,3,2.1,21
15392.0,42.480301664087186,Regular,Champions,Low Risk,NORMAL,1535.53,1889.6281842156898,354.0981842156898,5,4,1535.53,5,4,4,4.300000000000001,54
15393.0,18.917682356399823,Regular,Potential_Loyalists,Low Risk,NORMAL,231.86,-951.2585631699222,-1183.1185631699223,16,2,231.86,4,3,1,2.5,43
15394.0,47.77240574950367,High-Value,Champions,Low Risk,HIGH,2183.5400000000004,2670.561317195288,487.0213171952878,10,4,2183.5400000000004,5,4,5,4.7,54
15395.0,0.7174527291775574,Regular,Hibernating,High Risk,MEDIUM,107.45000000000002,518.5390913905173,411.0890913905173,326,1,107.45000000000002,1,1,1,1.0,11
15396.0,9.594467378439367,Regular,Hibernating,High Risk,MEDIUM,288.17999999999995,858.1096517984708,569.9296517984709,113,1,288.17999999999995,2,1,2,1.7,21
15397.0,0.6788555962801736,Regular,Hibernating,High Risk,MEDIUM,94.0,415.35059995053325,321.35059995053325,290,1,94.0,1,1,1,1.0,11
15398.0,34.777912473942045,Regular,Potential_Loyalists,Low Risk,NORMAL,1345.5300000000002,1348.545631002212,3.015631002211876,16,2,1345.5300000000002,4,3,4,3.7,43
15399.0,33.53186105453783,Regular,Potential_Loyalists,Low Risk,NORMAL,815.77,1359.1020647168787,543.3320647168787,1,3,815.77,5,3,3,3.6,53
15400.0,26.069058202329856,Regular,At_Risk,Medium Risk,NORMAL,716.2,1458.5477301950525,742.3477301950525,92,5,716.2,2,4,3,3.0,24
15402.0,21.99648877185102,Regular,At_Risk,Medium Risk,NORMAL,626.77,596.1662418015903,-30.60375819840965,149,2,626.77,2,3,3,2.7,23
15405.0,5.857312568165477,Regular,Hibernating,High Risk,MEDIUM,349.1,892.450952579067,543.350952579067,189,1,349.1,1,1,2,1.4,11
15406.0,29.50725124013521,Regular,Potential_Loyalists,Low Risk,NORMAL,510.71,624.9394377114941,114.22943771149409,31,2,510.71,4,3,3,3.3,43
15407.0,34.87411850614001,Regular,Loyal_Customers,Low Risk,NORMAL,1056.44,1605.7501066902698,549.3101066902698,34,4,1056.44,3,4,4,3.7,34
15408.0,5.937723261701693,Regular,Hibernating,High Risk,MEDIUM,267.18,1107.4269764123671,840.2469764123671,264,1,267.18,1,1,2,1.4,11
15410.0,40.7676493642805,High-Value,Cant_Loose,Low Risk,HIGH,3450.8400000000006,3994.5830169410274,543.7430169410268,84,8,3450.8400000000006,2,5,5,4.1,25
15411.0,38.684179011886734,Regular,Loyal_Customers,Low Risk,NORMAL,1358.88,1766.3204008518658,407.44040085186566,26,4,1358.88,4,4,4,4.0,44
15412.0,4.369908275593297,Regular,Hibernating,High Risk,MEDIUM,190.53,257.75637883884497,67.22637883884497,171,1,190.53,2,1,1,1.2999999999999998,21
15414.0,33.54151033776217,Regular,Potential_Loyalists,Low Risk,NORMAL,774.9,1384.8991875768745,609.9991875768745,10,3,774.9,5,3,3,3.6,53
15415.0,11.277001620659435,Regular,Hibernating,High Risk,MEDIUM,572.81,2014.4793767075014,1441.6693767075014,313,1,572.81,1,1,3,1.8000000000000005,11
15416.0,40.194098298649045,High-Value,Loyal_Customers,Low Risk,HIGH,3984.32,2461.208261265412,-1523.111738734588,65,4,3984.32,3,4,5,4.1,34
15417.0,14.851190758699923,Regular,Hibernating,Medium Risk,NORMAL,508.80000000000007,1544.4533342914167,1035.6533342914167,85,1,508.80000000000007,2,1,3,2.1,21
15419.0,11.850650751623974,Regular,Promising,Medium Risk,NORMAL,135.86,206.27185918431655,70.41185918431654,25,1,135.86,4,1,1,1.9,41
15421.0,34.90092207065208,Regular,Loyal_Customers,Low Risk,NORMAL,950.36,1677.40878130137,727.04878130137,59,4,950.36,3,4,4,3.7,34
15422.0,7.790917189436301,Regular,At_Risk,Medium Risk,NORMAL,97.7,-621.7932490570574,-719.4932490570575,323,2,97.7,1,3,1,1.6,13
15423.0,8.045950958779665,Regular,About_to_Sleep,Medium Risk,NORMAL,43.5,60.03329994494038,16.53329994494038,38,1,43.5,3,1,1,1.6,31
15424.0,13.003682723897057,Regular,At_Risk,Medium Risk,NORMAL,383.34,-52.96979292631545,-436.3097929263154,254,2,383.34,1,3,2,2.0,13
15426.0,38.91481045924986,Regular,Loyal_Customers,Low Risk,NORMAL,1447.3900000000003,2382.9079384623146,935.5179384623143,19,5,1447.3900000000003,4,4,4,4.0,44
15427.0,35.034275343236764,Regular,Potential_Loyalists,Low Risk,NORMAL,1483.14,2033.9254962393168,550.7854962393167,33,3,1483.14,4,3,4,3.7,43
15428.0,11.839929325819146,Regular,Promising,Medium Risk,NORMAL,93.78,177.60838933987657,83.82838933987657,15,1,93.78,4,1,1,1.9,41
15429.0,24.2162192972992,Regular,Potential_Loyalists,Low Risk,NORMAL,397.35,-153.12734828366013,-550.4773482836601,27,2,397.35,4,3,2,2.8999999999999995,43
15432.0,11.848506466463009,Regular,Promising,Medium Risk,NORMAL,171.19,200.53916521542828,29.349165215428286,23,1,171.19,4,1,1,1.9,41
15433.0,18.24754039319182,Regular,At_Risk,Medium Risk,NORMAL,533.3,598.9777257533024,65.67772575330241,214,2,533.3,1,3,3,2.4000000000000004,13
15434.0,42.72165453725514,Regular,Champions,Low Risk,NORMAL,1041.48,2534.8791916705786,1493.3991916705786,8,5,1041.48,5,4,4,4.300000000000001,54
15435.0,11.847434323882526,Regular,Promising,Medium Risk,NORMAL,149.29000000000002,197.67281823098438,48.382818230984356,22,1,149.29000000000002,4,1,1,1.9,41
15436.0,38.83039799543721,Regular,Potential_Loyalists,Low Risk,NORMAL,1122.5300000000002,2157.2332796031405,1034.7032796031403,12,3,1122.5300000000002,5,3,4,4.0,53
15437.0,0.648835604026653,Regular,Hibernating,High Risk,MEDIUM,200.16,335.09288438610133,134.93288438610134,262,1,200.16,1,1,1,1.0,11
15438.0,4.327022572373982,Regular,Hibernating,High Risk,MEDIUM,156.57999999999998,143.1024994610848,-13.477500538915194,131,1,156.57999999999998,2,1,1,1.2999999999999998,21
15440.0,20.665738088588647,Regular,Need_Attention,Low Risk,NORMAL,383.68,380.28126374518047,-3.3987362548195392,55,3,383.68,3,3,2,2.6,33
15442.0,11.20838449550853,Regular,Hibernating,High Risk,MEDIUM,594.0,1831.0331697030854,1237.0331697030854,249,1,594.0,1,1,3,1.8000000000000005,11
15443.0,51.897510166426166,High-Value,Champions,Low Risk,HIGH,3236.9100000000003,3673.3938078265064,436.4838078265061,2,7,3236.9100000000003,5,5,5,5.0,55
15444.0,38.589045122269255,Regular,Potential_Loyalists,Low Risk,NORMAL,1418.2600000000002,1511.9822721482522,93.72227214825193,9,2,1418.2600000000002,5,3,4,4.0,53
15445.0,0.6509798891876186,Regular,Hibernating,High Risk,MEDIUM,113.5,340.82557835498915,227.32557835498915,264,1,113.5,1,1,1,1.0,11
15447.0,0.7228134420799719,Regular,Hibernating,High Risk,MEDIUM,155.17,532.8708263127376,377.7008263127376,331,1,155.17,1,1,1,1.0,11
15448.0,11.277001620659435,Regular,Hibernating,High Risk,MEDIUM,494.64,2014.4793767075014,1519.8393767075013,313,1,494.64,1,1,3,1.8000000000000005,11
15449.0,35.02677034517338,Regular,Potential_Loyalists,Low Risk,NORMAL,974.52,2013.8610673482087,1039.3410673482088,26,3,974.52,4,3,4,3.7,43
15450.0,17.142754837040464,Regular,Promising,Medium Risk,NORMAL,429.84,987.2049921639148,557.3649921639148,30,1,429.84,4,1,2,2.3,41
15452.0,29.744315542981237,Regular,Potential_Loyalists,Low Risk,NORMAL,538.7299999999999,1258.7250572286068,719.9950572286069,30,3,538.7299999999999,4,3,3,3.3,43
15453.0,46.610766793912084,Regular,Champions,Low Risk,NORMAL,1388.37,2906.7924097691284,1518.4224097691285,2,7,1388.37,5,5,4,4.6,55
15454.0,0.7560498620749413,Regular,Hibernating,High Risk,MEDIUM,179.10000000000002,621.7275828305017,442.62758283050164,362,1,179.10000000000002,1,1,1,1.0,11
15456.0,13.272911304157567,Regular,At_Risk,Medium Risk,NORMAL,447.22,666.8062361241175,219.58623612411748,283,3,447.22,1,3,2,2.0,13
15457.0,0.648835604026653,Regular,Hibernating,High Risk,MEDIUM,237.07,335.09288438610133,98.02288438610134,262,1,237.07,1,1,1,1.0,11
15458.0,11.850650751623974,Regular,Promising,Medium Risk,NORMAL,161.64,206.27185918431655,44.63185918431657,25,1,161.64,4,1,1,1.9,41
15460.0,0.7474727214310781,Regular,Hibernating,High Risk,MEDIUM,216.76,598.7968069549495,382.0368069549495,354,1,216.76,1,1,1,1.0,11
15462.0,11.602170630322814,Regular,At_Risk,Medium Risk,NORMAL,234.6,-458.03367195602937,-692.6336719560294,94,3,234.6,2,3,1,1.9,23
15463.0,11.854939321945906,Regular,Promising,Medium Risk,NORMAL,126.14,217.7372471220924,91.59724712209241,29,1,126.14,4,1,1,1.9,41
15464.0,16.59054855768558,Regular,Hibernating,High Risk,MEDIUM,1048.85,2852.7394493759803,1803.8894493759803,338,1,1048.85,1,1,4,2.2,11
15465.0,50.717671986175844,High-Value,Loyal_Customers,Low Risk,HIGH,7354.619999999999,10544.658615026474,3190.038615026475,20,18,7354.619999999999,4,5,5,4.7,45
15466.0,9.564447386185847,Regular,Hibernating,Medium Risk,NORMAL,334.53000000000003,777.8519362340387,443.3219362340387,85,1,334.53000000000003,2,1,2,1.7,21
15467.0,33.540438195181686,Regular,Potential_Loyalists,Low Risk,NORMAL,524.88,1382.0328405924304,857.1528405924304,9,3,524.88,5,3,3,3.6,53
15468.0,20.42331307284021,Regular,Need_Attention,Low Risk,NORMAL,467.51,-267.83609069415206,-735.346090694152,51,2,467.51,3,3,2,2.6,33
15469.0,25.7089843027738,Regular,Need_Attention,Low Risk,NORMAL,538.5500000000001,495.898960378782,-42.65103962121805,50,2,538.5500000000001,3,3,3,3.0,33
15471.0,20.931372491177534,Regular,New_Customers,Medium Risk,NORMAL,469.4799999999999,1090.4483466366303,620.9683466366304,2,1,469.4799999999999,5,1,2,2.6,51
15472.0,9.594467378439367,Regular,Hibernating,High Risk,MEDIUM,371.5600000000001,858.1096517984708,486.54965179847073,113,1,371.5600000000001,2,1,2,1.7,21
15473.0,42.804994858487305,Regular,Loyal_Customers,Low Risk,NORMAL,1771.2,2757.6875035453086,986.4875035453085,14,7,1771.2,4,5,4,4.300000000000001,45
15475.0,9.555870245541984,Regular,Hibernating,Medium Risk,NORMAL,454.11,754.9211603584868,300.81116035848675,77,1,454.11,2,1,2,1.7,21
15478.0,30.98500624948305,Regular,Need_Attention,Low Risk,NORMAL,1441.4199999999998,1233.8368885917205,-207.58311140827936,40,2,1441.4199999999998,3,3,4,3.4,33
15480.0,14.884427178694892,Regular,Hibernating,High Risk,MEDIUM,905.5,1633.3100908091808,727.8100908091808,116,1,905.5,2,1,3,2.1,21
15482.0,49.28456474329487,High-Value,Loyal_Customers,Low Risk,HIGH,11054.96,6713.281428079358,-4341.678571920641,16,12,11054.96,4,5,5,4.7,45
15483.0,15.331412849928519,Regular,At_Risk,Medium Risk,NORMAL,233.81,-513.5290904946241,-747.3390904946241,161,4,233.81,2,4,1,2.2,24
15484.0,47.76275646627932,High-Value,Champions,Low Risk,HIGH,3594.3100000000004,2644.764194335292,-949.5458056647085,1,4,3594.3100000000004,5,4,5,4.7,54
15485.0,40.31780228800938,High-Value,Potential_Loyalists,Low Risk,HIGH,2575.0,2791.9278533433635,216.9278533433635,30,3,2575.0,4,3,5,4.1,43
15488.0,4.286281154315632,Regular,Hibernating,High Risk,MEDIUM,91.32,34.181314052212656,-57.13868594778734,93,1,91.32,2,1,1,1.2999999999999998,21
15489.0,35.02355391743193,Regular,Potential_Loyalists,Low Risk,NORMAL,1134.28,2005.2620263948768,870.9820263948768,23,3,1134.28,4,3,4,3.7,43
15491.0,40.3031700418128,High-Value,Cant_Loose,Medium Risk,HIGH,3100.09,2752.8089007667986,-347.28109923320153,95,6,3100.09,2,5,5,4.1,25
15492.0,29.504034812393762,Regular,Potential_Loyalists,Low Risk,NORMAL,659.4599999999998,616.3403967581619,-43.11960324183792,28,2,659.4599999999998,4,3,3,3.3,43
15493.0,38.92982045537662,Regular,Loyal_Customers,Low Risk,NORMAL,2001.8,2423.0367962445307,421.23679624453075,33,5,2001.8,4,4,4,4.0,44
15494.0,34.78327318684446,Regular,Potential_Loyalists,Low Risk,NORMAL,1299.23,1362.8773659244323,63.64736592443228,21,2,1299.23,4,3,4,3.7,43
15497.0,34.78005675910301,Regular,Potential_Loyalists,Low Risk,NORMAL,1262.2,1354.2783249711,92.07832497109985,18,2,1262.2,4,3,4,3.7,43
15498.0,56.661311217536785,High-Value,Champions,Low Risk,HIGH,13316.4,16409.299484842082,3092.8994848420825,3,27,13316.4,5,5,5,5.0,55
15500.0,42.483518091828635,Regular,Champions,Low Risk,NORMAL,1131.5600000000002,1898.2272251690217,766.6672251690215,8,4,1131.5600000000002,5,4,4,4.300000000000001,54
15502.0,49.28456474329487,High-Value,Loyal_Customers,Low Risk,HIGH,10384.929999999998,6713.281428079358,-3671.6485719206403,16,12,10384.929999999998,4,5,5,4.7,45
15503.0,0.7571220046554242,Regular,Hibernating,High Risk,MEDIUM,147.09,624.5939298149458,477.50392981494576,363,1,147.09,1,1,1,1.0,11
15504.0,4.273415443349838,Regular,Hibernating,Medium Risk,NORMAL,52.83,-0.21484976111537435,-53.04484976111537,81,1,52.83,2,1,1,1.2999999999999998,21
15505.0,40.41936903310975,High-Value,Loyal_Customers,Low Risk,HIGH,3610.96,3063.464063953641,-547.495936046359,53,5,3610.96,3,4,5,4.1,34
15506.0,35.02355391743193,Regular,Potential_Loyalists,Low Risk,NORMAL,979.26,2005.2620263948768,1026.0020263948768,23,3,979.26,4,3,4,3.7,43
15507.0,14.944467163201935,Regular,Hibernating,High Risk,MEDIUM,492.36000000000007,1793.825521938045,1301.465521938045,172,1,492.36000000000007,2,1,3,2.1,21
15508.0,31.298570425473535,Regular,Cant_Loose,Medium Risk,NORMAL,1000.27,2072.143049210008,1071.873049210008,189,6,1000.27,1,5,4,3.4000000000000004,15
15510.0,0.7228134420799719,Regular,Hibernating,High Risk,MEDIUM,250.0,532.8708263127376,282.87082631273756,331,1,250.0,1,1,1,1.0,11
15511.0,37.43919973506299,Regular,Champions,Low Risk,NORMAL,909.23,1779.7431815509765,870.5131815509765,12,5,909.23,5,4,3,3.9,54
15512.0,11.430507024886246,Regular,At_Risk,Medium Risk,NORMAL,121.0,-916.9721254220578,-1037.9721254220578,156,2,121.0,2,3,1,1.9,23
15513.0,50.96974628514863,High-Value,Loyal_Customers,Low Risk,HIGH,14758.22,11218.573092325803,-3539.646907674196,33,19,14758.22,4,5,5,4.7,45
15514.0,52.860777373937026,High-Value,Champions,Low Risk,HIGH,4139.460000000001,6248.665143677174,2109.2051436771726,12,11,4139.460000000001,5,5,5,5.0,55
15516.0,15.368273290269745,Regular,Need_Attention,Low Risk,NORMAL,62.43,-414.9836041566375,-477.4136041566375,45,3,62.43,3,3,1,2.2,33
15517.0,5.904486841706724,Regular,Hibernating,High Risk,MEDIUM,267.03000000000003,1018.5702198946035,751.5402198946035,233,1,267.03000000000003,1,1,2,1.4,11
15518.0,39.27810078654736,Regular,Loyal_Customers,Low Risk,NORMAL,1942.45,3354.155749231917,1411.705749231917,64,8,1942.45,3,5,4,4.0,35
15520.0,20.931372491177534,Regular,New_Customers,Medium Risk,NORMAL,343.5,1090.4483466366303,746.9483466366303,2,1,343.5,5,1,2,2.6,51
15521.0,44.539112737129855,High-Value,Loyal_Customers,Low Risk,HIGH,3000.2000000000003,4051.9648196626395,1051.7648196626392,40,8,3000.2000000000003,3,5,5,4.4,35
15522.0,24.2226521527821,Regular,Potential_Loyalists,Low Risk,NORMAL,398.84,-135.9292663769961,-534.769266376996,33,2,398.84,4,3,2,2.8999999999999995,43
15523.0,9.563375243605364,Regular,Hibernating,Medium Risk,NORMAL,412.01,774.9855892495948,362.9755892495948,84,1,412.01,2,1,2,1.7,21
15524.0,17.137394124138048,Regular,Promising,Medium Risk,NORMAL,440.0,972.8732572416945,532.8732572416945,25,1,440.0,4,1,2,2.3,41
15525.0,33.532933197118304,Regular,Potential_Loyalists,Low Risk,NORMAL,825.92,1361.9684117013223,536.0484117013224,2,3,825.92,5,3,3,3.6,53
15526.0,18.93590878026803,Regular,Potential_Loyalists,Low Risk,NORMAL,148.44,-902.5306644343741,-1050.9706644343742,33,2,148.44,4,3,1,2.5,43
15527.0,48.33523538933029,High-Value,Loyal_Customers,Low Risk,HIGH,2429.7800000000007,4175.272603026464,1745.4926030264633,19,8,2429.7800000000007,4,5,5,4.7,45
15528.0,0.6402584633827898,Regular,Hibernating,High Risk,MEDIUM,229.33,312.16210851054916,82.83210851054915,254,1,229.33,1,1,1,1.0,11
15529.0,49.05393329593175,High-Value,Loyal_Customers,Low Risk,HIGH,3995.23,6096.69389046891,2101.4638904689095,23,11,3995.23,4,5,5,4.7,45
15530.0,38.6798904415648,Regular,Loyal_Customers,Low Risk,NORMAL,1502.3500000000004,1754.8550129140901,252.50501291408978,22,4,1502.3500000000004,4,4,4,4.0,44
15531.0,38.58797297968877,Regular,Potential_Loyalists,Low Risk,NORMAL,2007.44,1509.115925163808,-498.32407483619204,8,2,2007.44,5,3,4,4.0,53
15532.0,38.68310686930625,Regular,Loyal_Customers,Low Risk,NORMAL,1580.93,1763.454053867422,182.52405386742203,25,4,1580.93,4,4,4,4.0,44
15533.0,29.732521974595922,Regular,Potential_Loyalists,Low Risk,NORMAL,807.57,1227.1952403997227,419.62524039972266,19,3,807.57,4,3,3,3.3,43
15535.0,25.91776530592246,Regular,At_Risk,Medium Risk,NORMAL,536.4000000000002,1054.0698694334599,517.6698694334597,173,4,536.4000000000002,2,4,3,3.0,24
15537.0,4.361331134949434,Regular,Hibernating,High Risk,MEDIUM,110.92000000000002,234.8256029632928,123.90560296329278,163,1,110.92000000000002,2,1,1,1.2999999999999998,21
15539.0,26.223476576594024,Regular,New_Customers,Medium Risk,NORMAL,538.46,1871.3814796162285,1332.9214796162285,7,1,538.46,5,1,3,3.0,51
15540.0,15.654278401887806,Regular,New_Customers,Medium Risk,NORMAL,213.30000000000004,349.64407143924836,136.34407143924832,11,1,213.30000000000004,5,1,1,2.2,51
15541.0,4.308796148505773,Regular,Hibernating,High Risk,MEDIUM,85.13,94.37460072553677,9.24460072553677,114,1,85.13,2,1,1,1.2999999999999998,21
15543.0,0.6767113111192078,Regular,Hibernating,High Risk,MEDIUM,127.86,409.6179059816452,281.7579059816452,288,1,127.86,1,1,1,1.0,11
15544.0,52.381288055342566,High-Value,Champions,Low Risk,HIGH,3546.7100000000005,4966.762169720728,1420.0521697207273,9,9,3546.7100000000005,5,5,5,5.0,55
15545.0,20.42652950058166,Regular,Need_Attention,Low Risk,NORMAL,292.72,-259.2370497408201,-551.9570497408201,54,2,292.72,3,3,2,2.6,33
15547.0,53.569825997314126,High-Value,Champions,Low Risk,HIGH,4954.84,8144.289308259624,3189.4493082596236,7,14,4954.84,5,5,5,5.0,55
15549.0,27.444174323996833,Regular,At_Risk,Low Risk,NORMAL,1693.2599999999998,1793.042623480557,99.78262348055728,77,3,1693.2599999999998,2,3,4,3.1,23
15550.0,37.19248614899262,Regular,Champions,Low Risk,NORMAL,575.6300000000002,1120.1604391738676,544.5304391738674,4,4,575.6300000000002,5,4,3,3.9,54
15551.0,13.331622188713258,Regular,About_to_Sleep,Medium Risk,NORMAL,436.06,823.7683510178747,387.7083510178747,37,1,436.06,3,1,2,2.0,31
15552.0,0.6005891879049232,Regular,Hibernating,High Risk,MEDIUM,90.12,206.10727008612116,115.98727008612116,217,1,90.12,1,1,1,1.0,11
15553.0,13.356281468064363,Regular,About_to_Sleep,Medium Risk,NORMAL,437.23,889.6943316600866,452.4643316600866,60,1,437.23,3,1,2,2.0,31
15554.0,0.665989885314379,Regular,Hibernating,High Risk,MEDIUM,217.2,380.9544361372052,163.75443613720523,278,1,217.2,1,1,1,1.0,11
15555.0,54.05145960106956,High-Value,Champions,Low Risk,HIGH,4805.17,9431.924976184957,4626.754976184957,12,16,4805.17,5,5,5,5.0,55
15556.0,17.136321981557565,Regular,Promising,Medium Risk,NORMAL,279.77,970.0069102572504,690.2369102572504,24,1,279.77,4,1,2,2.3,41
15557.0,17.14168269445998,Regular,Promising,Medium Risk,NORMAL,473.65,984.3386451794706,510.68864517947065,29,1,473.65,4,1,2,2.3,41
15561.0,37.20106328963649,Regular,Champions,Low Risk,NORMAL,800.5899999999999,1143.0912150494198,342.5012150494199,12,4,800.5899999999999,5,4,3,3.9,54
15562.0,0.7453284362701125,Regular,Hibernating,High Risk,MEDIUM,134.55,593.0641129860617,458.51411298606166,352,1,134.55,1,1,1,1.0,11
15563.0,38.6798904415648,Regular,Loyal_Customers,Low Risk,NORMAL,1400.44,1754.8550129140901,354.4150129140901,22,4,1400.44,4,4,4,4.0,44
15565.0,15.135497557745653,Regular,Need_Attention,Low Risk,NORMAL,173.16000000000005,-1037.3038357359742,-1210.4638357359743,50,2,173.16000000000005,3,3,1,2.2,33
15567.0,11.844217896141076,Regular,Promising,Medium Risk,NORMAL,186.01,189.07377727765243,3.0637772776524343,19,1,186.01,4,1,1,1.9,41
15568.0,33.53400533969879,Regular,Potential_Loyalists,Low Risk,NORMAL,758.29,1364.8347586857665,606.5447586857665,3,3,758.29,5,3,3,3.6,53
15569.0,31.368667285809725,Regular,At_Risk,Medium Risk,NORMAL,1375.71,2259.545292065759,883.835292065759,104,5,1375.71,2,4,4,3.4,24
15570.0,53.093553106461115,High-Value,Champions,Low Risk,HIGH,4165.52,6870.98537525651,2705.46537525651,7,12,4165.52,5,5,5,5.0,55
15571.0,37.20106328963649,Regular,Champions,Low Risk,NORMAL,650.4300000000001,1143.0912150494198,492.66121504941975,12,4,650.4300000000001,5,4,3,3.9,54
15572.0,51.900726594167615,High-Value,Champions,Low Risk,HIGH,2552.86,3681.992848779839,1129.1328487798387,5,7,2552.86,5,5,5,5.0,55
15573.0,29.508323382715695,Regular,Potential_Loyalists,Low Risk,NORMAL,607.45,627.805784695938,20.355784695937928,32,2,607.45,4,3,3,3.3,43
15574.0,25.923126018824878,Regular,At_Risk,Medium Risk,NORMAL,702.25,1068.40160435568,366.1516043556801,178,4,702.25,2,4,3,3.0,24
15576.0,18.61943770380782,Regular,About_to_Sleep,Medium Risk,NORMAL,940.67,1593.2360960596964,652.5660960596964,38,1,940.67,3,1,3,2.4000000000000004,31
15577.0,16.95002612992441,Regular,At_Risk,Medium Risk,NORMAL,258.88000000000005,471.94950421465705,213.069504214657,151,3,258.88000000000005,2,3,2,2.3,23
15578.0,4.360258992368951,Regular,Hibernating,High Risk,MEDIUM,127.1,231.9592559788489,104.85925597884889,162,1,127.1,2,1,1,1.2999999999999998,21
15579.0,20.442611639288902,Regular,Need_Attention,Low Risk,NORMAL,348.6,-216.24184497416002,-564.84184497416,69,2,348.6,3,3,2,2.6,33
15581.0,41.9980008668909,High-Value,Cant_Loose,Medium Risk,HIGH,3679.97,7283.897687873239,3603.9276878732394,121,13,3679.97,2,5,5,4.1,25
15582.0,29.73895483007882,Regular,Potential_Loyalists,Low Risk,NORMAL,682.9100000000001,1244.3933223063866,561.4833223063865,25,3,682.9100000000001,4,3,3,3.3,43
15584.0,33.39529135421169,Regular,Loyal_Customers,Low Risk,NORMAL,725.11,993.9863088255995,268.8763088255995,24,4,725.11,4,4,3,3.6,44
15585.0,9.663084503590271,Regular,Hibernating,High Risk,MEDIUM,455.3,1041.5558588028869,586.2558588028869,177,1,455.3,2,1,2,1.7,21
15587.0,29.604529414913653,Regular,Loyal_Customers,Low Risk,NORMAL,913.68,885.0102603839957,-28.66973961600422,50,4,913.68,3,4,3,3.3,34
15589.0,13.243963454484529,Regular,At_Risk,Medium Risk,NORMAL,478.53,589.4148675441295,110.88486754412952,256,3,478.53,1,3,2,2.0,13
15592.0,13.342343614518086,Regular,About_to_Sleep,Medium Risk,NORMAL,388.58,852.4318208623147,463.8518208623147,47,1,388.58,3,1,2,2.0,31
15593.0,8.0813316639356,Regular,About_to_Sleep,Medium Risk,NORMAL,199.8,154.62275043159252,-45.17724956840749,71,1,199.8,3,1,1,1.6,31
15594.0,38.91159403150841,Regular,Loyal_Customers,Low Risk,NORMAL,1771.7800000000002,2374.308897508982,602.528897508982,16,5,1771.7800000000002,4,4,4,4.0,44
15596.0,31.365450858068275,Regular,At_Risk,Medium Risk,NORMAL,1406.59,2250.9462511124266,844.3562511124267,101,5,1406.59,2,4,4,3.4,24
15597.0,13.329477903552291,Regular,About_to_Sleep,Medium Risk,NORMAL,324.57,818.0356570489866,493.46565704898666,35,1,324.57,3,1,2,2.0,31
15598.0,8.062033097486909,Regular,About_to_Sleep,Medium Risk,NORMAL,240.68,103.02850471160059,-137.65149528839942,53,1,240.68,3,1,1,1.6,31
15599.0,29.50296266981328,Regular,Potential_Loyalists,Low Risk,NORMAL,761.74,613.4740497737182,-148.2659502262818,27,2,761.74,4,3,3,3.3,43
15601.0,53.57411456763606,High-Value,Champions,Low Risk,HIGH,6776.56,8155.7546961974,1379.1946961974,11,14,6776.56,5,5,5,5.0,55
15602.0,47.093472540247994,Regular,Champions,Low Risk,NORMAL,1297.87,4197.294424678906,2899.424424678906,8,9,1297.87,5,5,4,4.6,55
15603.0,4.271271158188872,Regular,Hibernating,Medium Risk,NORMAL,48.48,-5.947543730003417,-54.427543730003414,79,1,48.48,2,1,1,1.2999999999999998,21
15604.0,8.060960954906426,Regular,About_to_Sleep,Medium Risk,NORMAL,216.39,100.16215772715645,-116.22784227284353,52,1,216.39,3,1,1,1.6,31
15605.0,35.11439923672748,Regular,Loyal_Customers,Low Risk,NORMAL,1198.23,2248.1347671607145,1049.9047671607145,36,5,1198.23,3,4,4,3.7,34
15606.0,44.7997641767465,High-Value,Loyal_Customers,Low Risk,HIGH,2920.16,4748.81007283752,1828.6500728375204,61,9,2920.16,3,5,5,4.4,35
15607.0,0.7292462975628691,Regular,Hibernating,High Risk,MEDIUM,104.76,550.0689082194015,445.3089082194015,337,1,104.76,1,1,1,1.0,11
15608.0,38.6863232970477,Regular,Loyal_Customers,Low Risk,NORMAL,1093.68,1772.053094820754,678.373094820754,28,4,1093.68,4,4,4,4.0,44
15609.0,5.851951855263063,Regular,Hibernating,High Risk,MEDIUM,298.48,878.1192176568472,579.6392176568472,184,1,298.48,1,1,2,1.4,11
15610.0,8.060960954906426,Regular,About_to_Sleep,Medium Risk,NORMAL,112.46,100.16215772715645,-12.297842272843539,52,1,112.46,3,1,1,1.6,31
15611.0,48.04816260711499,Regular,Champions,Low Risk,NORMAL,1591.4500000000005,6749.634984654021,5158.18498465402,10,13,1591.4500000000005,5,5,4,4.6,55
15612.0,15.120487561618893,Regular,Need_Attention,Low Risk,NORMAL,195.15,-1077.4326935181903,-1272.5826935181904,36,2,195.15,3,3,1,2.2,33
15615.0,55.71627043389414,High-Value,Champions,Low Risk,HIGH,10399.74,13882.756047726965,3483.0160477269656,10,23,10399.74,5,5,5,5.0,55
15618.0,33.404940637436034,Regular,Loyal_Customers,Low Risk,NORMAL,776.8510000000002,1019.7834316855958,242.9324316855956,33,4,776.8510000000002,4,4,3,3.6,44
15619.0,20.94102177440188,Regular,New_Customers,Medium Risk,NORMAL,336.40000000000003,1116.2454694966261,779.845469496626,11,1,336.40000000000003,5,1,2,2.6,51
15620.0,31.241369118777765,Regular,Need_Attention,Low Risk,NORMAL,1553.1799999999998,1919.2167538288252,366.03675382882534,57,3,1553.1799999999998,3,3,4,3.4,33
15621.0,42.4792295215067,Regular,Champions,Low Risk,NORMAL,1293.03,1886.7618372312456,593.7318372312457,4,4,1293.03,5,4,4,4.300000000000001,54
15622.0,44.78046561029781,High-Value,Loyal_Customers,Low Risk,HIGH,3709.56,4697.2158271175285,987.6558271175286,43,9,3709.56,3,5,5,4.4,35
15623.0,9.624487370692888,Regular,Hibernating,High Risk,MEDIUM,301.03,938.367367362903,637.337367362903,141,1,301.03,2,1,2,1.7,21
15624.0,25.857725321415423,Regular,At_Risk,Medium Risk,NORMAL,588.13,893.5544383045958,305.4244383045958,117,4,588.13,2,4,3,3.0,24
15625.0,31.13053084038322,Regular,At_Risk,Medium Risk,NORMAL,1534.26,1622.893325564202,88.6333255642021,104,4,1534.26,2,4,4,3.4,24
15626.0,21.917150220895287,Regular,At_Risk,Low Risk,NORMAL,675.8000000000001,384.0565649527341,-291.74343504726596,75,2,675.8000000000001,2,3,3,2.7,23
15628.0,52.37699948502063,High-Value,Champions,Low Risk,HIGH,2870.24,4955.296781782952,2085.0567817829524,5,9,2870.24,5,5,5,5.0,55
15630.0,30.990366962385462,Regular,Need_Attention,Low Risk,NORMAL,1186.35,1248.1686235139402,61.81862351394034,45,2,1186.35,3,3,4,3.4,33
15632.0,48.332018961588844,High-Value,Loyal_Customers,Low Risk,HIGH,3285.3100000000004,4166.6735620731315,881.3635620731311,16,8,3285.3100000000004,4,5,5,4.7,45
15634.0,11.842073610980112,Regular,Promising,Medium Risk,NORMAL,243.55,183.34108330876438,-60.20891669123563,17,1,243.55,4,1,1,1.9,41
15636.0,21.93323235960253,Regular,At_Risk,Low Risk,NORMAL,724.76,427.0517697193943,-297.7082302806057,90,2,724.76,2,3,3,2.7,23
15637.0,8.062033097486909,Regular,About_to_Sleep,Medium Risk,NORMAL,223.36,103.02850471160059,-120.33149528839942,53,1,223.36,3,1,1,1.6,31
15639.0,9.616982372629508,Regular,Hibernating,High Risk,MEDIUM,425.32,918.302938471795,492.98293847179497,134,1,425.32,2,1,2,1.7,21
15640.0,53.80474601499919,High-Value,Champions,Low Risk,HIGH,12515.66,8772.342233807849,-3743.317766192151,4,15,12515.66,5,5,5,5.0,55
15641.0,31.131602982963702,Regular,At_Risk,Medium Risk,NORMAL,1887.2,1625.7596725486462,-261.4403274513538,105,4,1887.2,2,4,4,3.4,24
15643.0,18.462089701847702,Regular,At_Risk,Medium Risk,NORMAL,664.0,1172.570058597091,508.570058597091,192,3,664.0,1,3,3,2.4000000000000004,13
15644.0,25.910260307859083,Regular,At_Risk,Medium Risk,NORMAL,812.9999999999999,1034.0054405423518,221.00544054235195,166,4,812.9999999999999,2,4,3,3.0,24
15645.0,22.417704641169234,Regular,Promising,Medium Risk,NORMAL,612.01,1722.2765733924086,1110.2665733924086,19,1,612.01,4,1,3,2.7,41
15646.0,16.957531127987792,Regular,At_Risk,Medium Risk,NORMAL,447.64,492.0139331057651,44.373933105765104,158,3,447.64,2,3,2,2.3,23
15648.0,18.23681896738699,Regular,At_Risk,Medium Risk,NORMAL,657.3500000000001,570.3142559088624,-87.03574409113776,204,2,657.3500000000001,1,3,3,2.4000000000000004,13
15649.0,18.378341788010733,Regular,At_Risk,Medium Risk,NORMAL,816.0,948.6720578554707,132.6720578554707,336,2,816.0,1,3,3,2.4000000000000004,13
15651.0,25.93318289465403,Regular,Need_Attention,Low Risk,NORMAL,646.3,1095.2884160825668,448.9884160825668,37,3,646.3,3,3,3,3.0,33
15652.0,9.570880241668744,Regular,Hibernating,High Risk,MEDIUM,337.74,795.0500181407028,457.3100181407028,91,1,337.74,2,1,2,1.7,21
15653.0,21.93644878734398,Regular,At_Risk,Medium Risk,NORMAL,877.4399999999999,435.65081067272627,-441.7891893272737,93,2,877.4399999999999,2,3,3,2.7,23
15654.0,33.30230174975518,Regular,Potential_Loyalists,Low Risk,NORMAL,922.53,745.3808740908737,-177.14912590912627,9,2,922.53,5,3,3,3.6,53
15655.0,11.201951640025634,Regular,Hibernating,High Risk,MEDIUM,560.6700000000001,1813.8350877964215,1253.1650877964214,243,1,560.6700000000001,1,1,3,1.8000000000000005,11
15656.0,29.599168702011237,Regular,Loyal_Customers,Low Risk,NORMAL,748.5,870.6785254617757,122.17852546177573,45,4,748.5,3,4,3,3.3,34
15657.0,11.848506466463009,Regular,Promising,Medium Risk,NORMAL,30.0,200.53916521542828,170.53916521542828,23,1,30.0,4,1,1,1.9,41
15658.0,27.642233901340663,Regular,At_Risk,Medium Risk,NORMAL,1024.1,2322.550062690795,1298.4500626907952,190,5,1024.1,1,4,4,3.1,14
15659.0,13.339127186776638,Regular,About_to_Sleep,Medium Risk,NORMAL,306.45000000000005,843.8327799089827,537.3827799089827,44,1,306.45000000000005,3,1,2,2.0,31
15660.0,43.29306131772563,Regular,Loyal_Customers,Low Risk,NORMAL,1600.86,4062.5212533773056,2461.661253377306,25,9,1600.86,4,5,4,4.300000000000001,45
15661.0,13.071227706467479,Regular,At_Risk,Medium Risk,NORMAL,309.8,127.61006709365688,-182.18993290634313,317,2,309.8,1,3,2,2.0,13
15663.0,4.30021900786191,Regular,Hibernating,High Risk,MEDIUM,138.14,71.4438248499846,-66.69617515001539,106,1,138.14,2,1,1,1.2999999999999998,21
15664.0,13.346632184840018,Regular,About_to_Sleep,Medium Risk,NORMAL,386.43,863.8972088000908,477.46720880009076,51,1,386.43,3,1,2,2.0,31
15665.0,32.59034622590834,High-Value,At_Risk,Medium Risk,HIGH,2242.01,2183.829630620783,-58.180369379217154,168,2,2242.01,2,3,5,3.5,23
15667.0,13.334838616454705,Regular,About_to_Sleep,Medium Risk,NORMAL,301.32000000000005,832.3673919712066,531.0473919712066,40,1,301.32000000000005,3,1,2,2.0,31
15668.0,0.601661330485406,Regular,Hibernating,High Risk,MEDIUM,76.32000000000001,208.97361707056507,132.65361707056508,218,1,76.32000000000001,1,1,1,1.0,11
15669.0,29.593807989108825,Regular,Loyal_Customers,Low Risk,NORMAL,684.34,856.3467905395557,172.0067905395557,40,4,684.34,3,4,3,3.3,34
15670.0,0.6863605943435538,Regular,Hibernating,High Risk,MEDIUM,173.05,435.4150288416413,262.3650288416413,297,1,173.05,1,1,1,1.0,11
15671.0,48.09709894390379,High-Value,Loyal_Customers,Low Risk,HIGH,2657.13,3538.6206365249072,881.4906365249071,19,7,2657.13,4,5,5,4.7,45
15673.0,36.40011993160957,High-Value,At_Risk,Low Risk,HIGH,2881.02,2343.633171870476,-537.386828129524,88,4,2881.02,2,4,5,3.8,24
15674.0,36.62217423832883,High-Value,At_Risk,Low Risk,HIGH,2446.6000000000004,2937.2899336053724,490.68993360537206,73,5,2446.6000000000004,2,4,5,3.8,24
15675.0,16.87497614929061,Regular,At_Risk,Low Risk,NORMAL,323.69,271.3052153035769,-52.38478469642308,81,3,323.69,2,3,2,2.3,23
15676.0,40.30600871962407,High-Value,Potential_Loyalists,Low Risk,HIGH,3435.76,2760.398036514479,-675.3619634855213,19,3,3435.76,4,3,5,4.1,43
15677.0,18.63123127219313,Regular,About_to_Sleep,Medium Risk,NORMAL,657.23,1624.7659128885805,967.5359128885805,49,1,657.23,3,1,3,2.4000000000000004,31
15678.0,13.348776470000983,Regular,About_to_Sleep,Medium Risk,NORMAL,352.70000000000005,869.6299027689786,516.9299027689785,53,1,352.70000000000005,3,1,2,2.0,31
15679.0,33.39529135421169,Regular,Loyal_Customers,Low Risk,NORMAL,781.2800000000001,993.9863088255995,212.70630882559942,24,4,781.2800000000001,4,4,3,3.6,44
15680.0,38.82718156769576,Regular,Potential_Loyalists,Low Risk,NORMAL,1333.6799999999998,2148.634238649809,814.9542386498092,9,3,1333.6799999999998,5,3,4,4.0,53
15681.0,38.921243314732756,Regular,Loyal_Customers,Low Risk,NORMAL,1426.16,2400.1060203689785,973.9460203689785,25,5,1426.16,4,4,4,4.0,44
15683.0,4.312012576247222,Regular,Hibernating,High Risk,MEDIUM,193.75,102.97364167886872,-90.77635832113128,117,1,193.75,2,1,1,1.2999999999999998,21
15687.0,52.381288055342566,High-Value,Champions,Low Risk,HIGH,2993.1,4966.762169720728,1973.662169720728,9,9,2993.1,5,5,5,5.0,55
15689.0,16.678653264502934,Regular,At_Risk,Medium Risk,NORMAL,254.1,-253.55921880466371,-507.65921880466374,120,2,254.1,2,3,2,2.3,23
15690.0,22.723454291824613,Regular,Potential_Loyalists,Low Risk,NORMAL,239.76,-802.1536569461024,-1041.9136569461025,4,2,239.76,5,3,1,2.8,53
15691.0,0.6381141782218241,Regular,Hibernating,High Risk,MEDIUM,136.8,306.42941454166134,169.62941454166133,252,1,136.8,1,1,1,1.0,11
15692.0,11.853867179365423,Regular,Promising,Medium Risk,NORMAL,191.04,214.8709001376485,23.830900137648513,28,1,191.04,4,1,1,1.9,41
15694.0,53.563393141831234,High-Value,Champions,Low Risk,HIGH,6479.4,8127.091226352959,1647.6912263529593,1,14,6479.4,5,5,5,5.0,55
15695.0,13.017620577443333,Regular,At_Risk,Medium Risk,NORMAL,409.98,-15.707282128543284,-425.6872821285433,267,2,409.98,1,3,2,2.0,13
15696.0,48.35024538545706,High-Value,Loyal_Customers,Low Risk,HIGH,2736.46,4215.40146080868,1478.94146080868,33,8,2736.46,4,5,5,4.7,45
15699.0,17.12988912607467,Regular,Promising,Medium Risk,NORMAL,309.6499999999999,952.8088283505865,643.1588283505866,18,1,309.6499999999999,4,1,2,2.3,41
15700.0,22.02114805120213,Regular,At_Risk,Medium Risk,NORMAL,696.6799999999998,662.0922224438025,-34.58777755619735,172,2,696.6799999999998,2,3,3,2.7,23
15701.0,42.47708523634574,Regular,Champions,Low Risk,NORMAL,1542.14,1881.0291432623578,338.8891432623577,2,4,1542.14,5,4,4,4.300000000000001,54
15703.0,0.6520520317681017,Regular,Hibernating,High Risk,MEDIUM,211.5,343.6919253394333,132.19192533943328,265,1,211.5,1,1,1,1.0,11
15704.0,36.45587134579468,High-Value,At_Risk,Medium Risk,HIGH,2293.62,2492.6832150615646,199.06321506156473,140,4,2293.62,2,4,5,3.8,24
15705.0,0.5834349066171971,Regular,Hibernating,High Risk,MEDIUM,143.10000000000002,160.24571833501705,17.145718335017023,201,1,143.10000000000002,1,1,1,1.0,11
15706.0,34.906282783554495,Regular,Loyal_Customers,Low Risk,NORMAL,1060.56,1691.7405162235898,631.1805162235898,64,4,1060.56,3,4,4,3.7,34
15707.0,34.87519064872049,Regular,Loyal_Customers,Low Risk,NORMAL,945.5799999999998,1608.6164536747135,663.0364536747137,35,4,945.5799999999998,3,4,4,3.7,34
15708.0,44.30204843428383,High-Value,Loyal_Customers,Low Risk,HIGH,3364.24,3418.179200145527,53.93920014552714,41,7,3364.24,3,5,5,4.4,35
15709.0,0.6724227407972763,Regular,Hibernating,High Risk,MEDIUM,133.25,398.1525180438691,264.9025180438691,284,1,133.25,1,1,1,1.0,11
15712.0,42.722726679835624,Regular,Champions,Low Risk,NORMAL,1072.36,2537.7455386550228,1465.3855386550229,9,5,1072.36,5,4,4,4.300000000000001,54
15713.0,16.703312543854043,Regular,At_Risk,Medium Risk,NORMAL,356.7,-187.63323816245156,-544.3332381624516,143,2,356.7,2,3,2,2.3,23
15714.0,28.018774804982556,Regular,Potential_Loyalists,Low Risk,NORMAL,330.87999999999994,-12.621483013172337,-343.5014830131723,12,2,330.87999999999994,5,3,2,3.2,53
15716.0,31.1755608287635,Regular,At_Risk,Medium Risk,NORMAL,1118.81,1743.2798989108503,624.4698989108504,146,4,1118.81,2,4,4,3.4,24
15717.0,0.6188156117731323,Regular,Hibernating,High Risk,MEDIUM,150.3,254.83516882166919,104.53516882166917,234,1,150.3,1,1,1,1.0,11
15719.0,49.54092761258959,High-Value,Loyal_Customers,Low Risk,HIGH,5045.610000000001,7398.661293316463,2353.0512933164628,33,13,5045.610000000001,4,5,5,4.7,45
15720.0,22.423065354071646,Regular,Promising,Medium Risk,NORMAL,598.73,1736.6083083146284,1137.8783083146284,24,1,598.73,4,1,3,2.7,41
15721.0,26.22883728949644,Regular,New_Customers,Medium Risk,NORMAL,507.08,1885.7132145384483,1378.6332145384483,12,1,507.08,5,1,3,3.0,51
15722.0,40.401142609241546,High-Value,Loyal_Customers,Low Risk,HIGH,2222.56,3014.7361652180934,792.1761652180935,36,5,2222.56,3,4,5,4.1,34
15723.0,0.7592662898163899,Regular,Hibernating,High Risk,MEDIUM,203.1,630.3266237838336,427.2266237838336,365,1,203.1,1,1,1,1.0,11
15724.0,7.660115794617389,Regular,At_Risk,Medium Risk,NORMAL,218.25,-971.4875811592257,-1189.7375811592256,201,2,218.25,1,3,1,1.6,13
15725.0,17.12667269833322,Regular,Promising,Medium Risk,NORMAL,415.25,944.2097873972546,528.9597873972546,15,1,415.25,4,1,2,2.3,41
15727.0,48.09495465874282,High-Value,Loyal_Customers,Low Risk,HIGH,5178.959999999999,3532.887942556019,-1646.0720574439802,17,7,5178.959999999999,4,5,5,4.7,45
15729.0,0.5963006175829917,Regular,Hibernating,High Risk,MEDIUM,85.0,194.64188214834508,109.64188214834508,213,1,85.0,1,1,1,1.0,11
15730.0,31.25101840200211,Regular,Need_Attention,Low Risk,NORMAL,1120.88,1945.013876688821,824.1338766888209,66,3,1120.88,3,3,4,3.4,33
15732.0,12.958652735516775,Regular,At_Risk,Medium Risk,NORMAL,294.11999999999995,-173.35636627296344,-467.4763662729634,212,2,294.11999999999995,1,3,2,2.0,13
15733.0,0.6713505982167935,Regular,Hibernating,High Risk,MEDIUM,162.3,395.28617105942544,232.98617105942543,283,1,162.3,1,1,1,1.0,11
15734.0,27.246779296628674,Regular,At_Risk,Medium Risk,NORMAL,1339.45,1265.311842387873,-74.13815761212709,115,2,1339.45,2,3,4,3.1,23
15737.0,43.04420344649429,Regular,Loyal_Customers,Low Risk,NORMAL,1205.12,3397.2058170313085,2192.0858170313086,15,8,1205.12,4,5,4,4.300000000000001,45
15738.0,50.24032695274235,High-Value,Loyal_Customers,Low Risk,HIGH,4812.42,9268.488335038917,4456.068335038917,19,16,4812.42,4,5,5,4.7,45
15739.0,13.36271432354726,Regular,About_to_Sleep,Medium Risk,NORMAL,449.12,906.8924135667507,457.77241356675074,66,1,449.12,3,1,2,2.0,31
15740.0,8.057744527164978,Regular,About_to_Sleep,Medium Risk,NORMAL,154.88000000000002,91.5631167738245,-63.31688322617552,49,1,154.88000000000002,3,1,1,1.6,31
15743.0,33.38671421356783,Regular,Loyal_Customers,Low Risk,NORMAL,784.4600000000002,971.0555329500473,186.5955329500472,16,4,784.4600000000002,4,4,3,3.6,44
15744.0,4.270199015608389,Regular,Hibernating,Medium Risk,NORMAL,34.8,-8.813890714447325,-43.61389071444732,78,1,34.8,2,1,1,1.2999999999999998,21
15745.0,38.67667401382335,Regular,Loyal_Customers,Low Risk,NORMAL,1094.59,1746.2559719607577,651.6659719607578,19,4,1094.59,4,4,4,4.0,44
15746.0,4.33023900011543,Regular,Hibernating,High Risk,MEDIUM,196.88,151.70154041441674,-45.178459585583255,134,1,196.88,2,1,1,1.2999999999999998,21
15747.0,38.83147013801769,Regular,Potential_Loyalists,Low Risk,NORMAL,974.0399999999998,2160.0996265875847,1186.0596265875847,13,3,974.0399999999998,5,3,4,4.0,53
15748.0,8.048095243940631,Regular,About_to_Sleep,Medium Risk,NORMAL,149.30999999999997,65.76599391382842,-83.54400608617155,40,1,149.30999999999997,3,1,1,1.6,31
15749.0,29.08167857783662,High-Value,At_Risk,Medium Risk,HIGH,44534.3,2829.02577504294,-41705.274224957066,235,3,44534.3,1,3,5,3.2,13
15750.0,52.13671875443316,High-Value,Champions,Low Risk,HIGH,2465.48,4312.912121312507,1847.4321213125072,3,8,2465.48,5,5,5,5.0,55
15752.0,44.30097629170335,High-Value,Loyal_Customers,Low Risk,HIGH,2637.38,3415.312853161083,777.9328531610827,40,7,2637.38,3,5,5,4.4,35
15753.0,0.6949377349874168,Regular,Hibernating,High Risk,MEDIUM,79.2,458.34580471719323,379.14580471719324,305,1,79.2,1,1,1,1.0,11
15754.0,20.661449518266714,Regular,Need_Attention,Low Risk,NORMAL,458.57,368.8158758074046,-89.75412419259538,51,3,458.57,3,3,2,2.6,33
15755.0,51.667950861643526,High-Value,Champions,Low Risk,HIGH,2364.25,3059.672617200502,695.4226172005019,10,6,2364.25,5,5,5,5.0,55
15756.0,29.616322983298964,Regular,Loyal_Customers,Low Risk,NORMAL,532.96,916.5400772128799,383.5800772128798,61,4,532.96,3,4,3,3.3,34
15757.0,25.726138584061527,Regular,Need_Attention,Low Risk,NORMAL,714.4200000000001,541.7605121298859,-172.65948787011416,66,2,714.4200000000001,3,3,3,3.0,33
15758.0,15.26992297291082,Regular,Potential_Loyalists,Medium Risk,NORMAL,205.25,-677.9207738135832,-883.1707738135832,25,1,205.25,4,2,1,2.2,42
15759.0,13.20322203642618,Regular,At_Risk,Medium Risk,NORMAL,253.04,480.49368213525736,227.45368213525737,218,3,253.04,1,3,2,2.0,13
15762.0,25.725066441481044,Regular,Need_Attention,Low Risk,NORMAL,583.75,538.8941651454418,-44.855834854558225,65,2,583.75,3,3,3,3.0,33
15763.0,34.795066755229776,Regular,Potential_Loyalists,Low Risk,NORMAL,1086.9200000000003,1394.407182753316,307.48718275331566,32,2,1086.9200000000003,4,3,4,3.7,43
15764.0,40.295665043749416,High-Value,Cant_Loose,Low Risk,HIGH,3279.97,2732.7444718756906,-547.2255281243092,88,6,3279.97,2,5,5,4.1,25
15766.0,16.779842259673135,Regular,About_to_Sleep,Medium Risk,NORMAL,315.05999999999995,16.967086599963068,-298.0929134000369,64,1,315.05999999999995,3,2,2,2.3,32
15768.0,25.61851673340843,Regular,At_Risk,Medium Risk,NORMAL,621.83,254.03612481859523,-367.7938751814048,116,3,621.83,2,4,3,3.0,24
15769.0,56.427463342432205,High-Value,Champions,Low Risk,HIGH,56252.72,15784.112906278304,-40468.6070937217,7,26,56252.72,5,5,5,5.0,55
15773.0,29.641676655300387,Regular,Potential_Loyalists,Medium Risk,NORMAL,635.6800000000001,984.3224996338847,348.64249963388465,6,1,635.6800000000001,5,2,3,3.3000000000000003,52
15774.0,16.785202972575547,Regular,About_to_Sleep,Medium Risk,NORMAL,270.79999999999995,31.29882152218329,-239.50117847781667,69,1,270.79999999999995,3,2,2,2.3,32
15775.0,4.049881401445284,Regular,Hibernating,High Risk,MEDIUM,104.9,-597.8276473473466,-702.7276473473465,245,1,104.9,1,2,1,1.2999999999999998,12
15776.0,7.748439078821793,Regular,Hibernating,High Risk,MEDIUM,241.62,-735.3574395679269,-976.9774395679269,133,1,241.62,2,2,1,1.6,22
15777.0,27.458776727518785,Regular,At_Risk,Medium Risk,NORMAL,1047.11,1832.0817923958828,784.9717923958829,241,4,1047.11,1,4,4,3.1,14
15780.0,16.586041409976602,Regular,At_Risk,Medium Risk,NORMAL,475.28,-501.15474833373844,-976.4347483337384,184,3,475.28,1,4,2,2.3,14
15781.0,27.871483678851597,Regular,Loyal_Customers,Low Risk,NORMAL,345.46000000000004,-406.40070874889113,-751.8607087488912,25,3,345.46000000000004,4,4,2,3.2,44
15782.0,47.534269304077164,High-Value,Champions,Low Risk,HIGH,2614.74,2033.9093506937313,-580.8306493062685,10,3,2614.74,5,4,5,4.7,54
15783.0,19.073550623174647,Regular,Potential_Loyalists,Medium Risk,NORMAL,246.3,-534.5485615586513,-780.8485615586512,11,1,246.3,5,2,1,2.5,52
15785.0,44.2165638278907,High-Value,Loyal_Customers,Low Risk,HIGH,2328.9700000000003,3189.6381943019087,860.6681943019084,33,5,2328.9700000000003,4,4,5,4.4,44
15786.0,39.93559114419336,High-Value,Loyal_Customers,Low Risk,HIGH,4932.2,1770.0957020594194,-3162.10429794058,46,3,4932.2,3,4,5,4.1,34
15787.0,38.44604256646023,Regular,Loyal_Customers,Low Risk,NORMAL,948.05,1129.668434350309,181.61843435030914,26,3,948.05,4,4,4,4.0,44
15789.0,9.457776885553928,Regular,Hibernating,High Risk,MEDIUM,351.3,492.67095995220393,141.37095995220392,358,1,351.3,1,2,2,1.7,12
15790.0,19.072478480594164,Regular,Potential_Loyalists,Medium Risk,NORMAL,220.85,-537.4149085430953,-758.2649085430953,10,1,220.85,5,2,1,2.5,52
15791.0,30.98929481980498,Regular,Need_Attention,Low Risk,NORMAL,1612.69,1245.302276529496,-367.38772347050394,44,2,1612.69,3,3,4,3.4,33
15793.0,38.434248998074914,Regular,Loyal_Customers,Low Risk,NORMAL,965.61,1098.1386175214254,132.52861752142542,15,3,965.61,4,4,4,4.0,44
15795.0,18.340152247718155,Regular,Hibernating,High Risk,MEDIUM,610.01,846.5732552823772,236.5632552823772,150,1,610.01,2,2,3,2.4000000000000004,22
15796.0,52.134574469272195,High-Value,Champions,Low Risk,HIGH,2711.56,4307.179427343619,1595.619427343619,1,8,2711.56,5,5,5,5.0,55
15797.0,36.42692349612164,High-Value,At_Risk,Medium Risk,HIGH,2207.4,2415.2918464815766,207.89184648157652,113,4,2207.4,2,4,5,3.8,24
15799.0,25.575631030189115,Regular,At_Risk,Low Risk,NORMAL,884.14,139.38224544083505,-744.7577545591649,76,3,884.14,2,4,3,3.0,24
15800.0,21.95145878347074,Regular,At_Risk,Medium Risk,NORMAL,699.0799999999999,475.77966845494234,-223.3003315450576,107,2,699.0799999999999,2,3,3,2.7,23
15801.0,34.64884777167929,Regular,Loyal_Customers,Low Risk,NORMAL,1063.95,1003.4943040020414,-60.45569599795863,46,3,1063.95,3,4,4,3.7,34
15802.0,13.045903877140697,Regular,Hibernating,High Risk,MEDIUM,451.42,59.9074283338914,-391.5125716661086,143,1,451.42,2,2,2,2.0,22
15803.0,16.765904406126857,Regular,About_to_Sleep,Medium Risk,NORMAL,415.8200000000001,-20.29542419780887,-436.115424197809,51,1,415.8200000000001,3,2,2,2.3,32
15804.0,53.32525669640472,High-Value,Champions,Low Risk,HIGH,4206.389999999999,7490.439259851402,3284.049259851403,1,13,4206.389999999999,5,5,5,5.0,55
15805.0,50.48275196849079,High-Value,Loyal_Customers,Low Risk,HIGH,5528.4800000000005,9916.605689478249,4388.125689478248,23,17,5528.4800000000005,4,5,5,4.7,45
15806.0,29.362104399165215,Regular,Loyal_Customers,Low Risk,NORMAL,784.5799999999999,236.8929059446632,-547.6870940553367,46,3,784.5799999999999,3,4,3,3.3,34
15807.0,29.366392969487148,Regular,Loyal_Customers,Low Risk,NORMAL,903.9,248.35829388243906,-655.5417061175609,50,3,903.9,3,4,3,3.3,34
15808.0,32.81520936776425,High-Value,At_Risk,Medium Risk,HIGH,3734.97,2784.9957444421207,-949.9742555578791,306,4,3734.97,1,4,5,3.5,14
15809.0,29.827655864213398,Regular,Loyal_Customers,Low Risk,NORMAL,515.77,1481.5333691033363,965.7633691033363,36,5,515.77,3,4,3,3.3,34
15810.0,31.103727275871147,Regular,At_Risk,Low Risk,NORMAL,1391.98,1551.2346509531023,159.25465095310233,79,4,1391.98,2,4,4,3.4,24
15811.0,47.86217892621873,High-Value,Loyal_Customers,Low Risk,HIGH,2218.62,2910.567710976682,691.9477109766822,22,6,2218.62,4,5,5,4.7,45
15812.0,31.371883713551174,Regular,At_Risk,Medium Risk,NORMAL,1801.14,2268.1443330190914,467.0043330190913,107,5,1801.14,2,4,4,3.4,24
15813.0,23.52785091022299,Regular,At_Risk,Medium Risk,NORMAL,1303.91,1348.3810419040167,44.4710419040166,208,2,1303.91,1,3,4,2.8,13
15814.0,38.674529728662385,Regular,Loyal_Customers,Low Risk,NORMAL,1945.33,1740.52327799187,-204.80672200813,17,4,1945.33,4,4,4,4.0,44
15815.0,40.43116260149507,High-Value,Loyal_Customers,Low Risk,HIGH,2100.6,3094.9938807825256,994.3938807825257,64,5,2100.6,3,4,5,4.1,34
15819.0,34.89020064484725,Regular,Loyal_Customers,Low Risk,NORMAL,1905.4500000000005,1648.7453114569296,-256.7046885430709,49,4,1905.4500000000005,3,4,4,3.7,34
15820.0,4.1302920949815,Regular,Hibernating,High Risk,MEDIUM,206.98,-382.8516235140464,-589.8316235140464,320,1,206.98,1,2,1,1.2999999999999998,12
15821.0,25.702551447290904,Regular,Need_Attention,Low Risk,NORMAL,570.9599999999999,478.7008784721179,-92.25912152788203,44,2,570.9599999999999,3,3,3,3.0,33
15822.0,33.29586889427228,Regular,Potential_Loyalists,Low Risk,NORMAL,885.4699999999999,728.1827921842098,-157.2872078157901,3,2,885.4699999999999,5,3,3,3.6,53
15823.0,4.18604350916661,Regular,Hibernating,High Risk,MEDIUM,15.0,-233.80158032295822,-248.80158032295822,372,1,15.0,1,2,1,1.2999999999999998,12
15825.0,18.363739384488778,Regular,Hibernating,High Risk,MEDIUM,532.94,909.6328889401452,376.69288894014517,172,1,532.94,2,2,3,2.4000000000000004,22
15826.0,34.659569197484124,Regular,Loyal_Customers,Low Risk,NORMAL,1654.3100000000002,1032.157773846481,-622.1522261535192,56,3,1654.3100000000002,3,4,4,3.7,34
15827.0,36.89793109594016,Regular,Cant_Loose,Low Risk,NORMAL,1836.09,7016.363601064106,5180.273601064106,73,14,1836.09,2,5,4,3.7,25
15829.0,21.942881642826876,Regular,At_Risk,Medium Risk,NORMAL,636.1399999999998,452.84889257939017,-183.2911074206096,99,2,636.1399999999998,2,3,3,2.7,23
15830.0,22.03870992509466,Regular,About_to_Sleep,Medium Risk,NORMAL,576.0,709.0434630617972,133.04346306179718,38,1,576.0,3,2,3,2.7,32
15831.0,29.37497011013101,Regular,Loyal_Customers,Low Risk,NORMAL,801.76,271.28906975799123,-530.4709302420088,58,3,801.76,3,4,3,3.3,34
15832.0,14.633017429697784,Regular,Hibernating,High Risk,MEDIUM,836.7900000000001,961.1722716274055,124.38227162740543,254,1,836.7900000000001,1,2,3,2.1,12
15834.0,40.19945901155146,High-Value,Loyal_Customers,Low Risk,HIGH,2233.75,2475.539996187633,241.78999618763282,70,4,2233.75,3,4,5,4.1,34
15835.0,34.88483993194483,Regular,Loyal_Customers,Low Risk,NORMAL,954.09,1634.4135765347098,680.3235765347098,44,4,954.09,3,4,4,3.7,34
15836.0,11.4780888910323,Regular,About_to_Sleep,Medium Risk,NORMAL,137.37,-789.7631692396311,-927.1331692396311,50,1,137.37,3,2,1,1.9,32
15837.0,16.780914402253618,Regular,About_to_Sleep,Medium Risk,NORMAL,391.98,19.833433584407203,-372.1465664155928,65,1,391.98,3,2,2,2.3,32
15838.0,54.76479679476859,High-Value,Champions,Low Risk,HIGH,33643.079999999994,11339.014528705182,-22304.065471294813,11,19,33643.079999999994,5,5,5,5.0,55
15839.0,38.4535475645236,Regular,Loyal_Customers,Low Risk,NORMAL,1048.49,1149.7328632414171,101.24286324141713,33,3,1048.49,4,4,4,4.0,44
15840.0,20.43189021348407,Regular,Need_Attention,Low Risk,NORMAL,355.55999999999995,-244.90531481860012,-600.4653148186001,59,2,355.55999999999995,3,3,2,2.6,33
15841.0,31.09729442038825,Regular,At_Risk,Low Risk,NORMAL,1224.06,1534.036569046438,309.97656904643804,73,4,1224.06,2,4,4,3.4,24
15843.0,4.113137813693774,Regular,Hibernating,High Risk,MEDIUM,118.95000000000002,-428.7131752651503,-547.6631752651504,304,1,118.95000000000002,1,2,1,1.2999999999999998,12
15844.0,11.47380032071037,Regular,About_to_Sleep,Medium Risk,NORMAL,130.73999999999998,-801.2285571774071,-931.9685571774071,46,1,130.73999999999998,3,2,1,1.9,32
15845.0,48.33416324674981,High-Value,Loyal_Customers,Low Risk,HIGH,3711.77,4172.406256042019,460.6362560420189,18,8,3711.77,4,5,5,4.7,45
15847.0,20.40937521929393,Regular,Need_Attention,Low Risk,NORMAL,389.2699999999999,-305.0986014919241,-694.368601491924,38,2,389.2699999999999,3,3,2,2.6,33
15850.0,18.92089878414127,Regular,Potential_Loyalists,Low Risk,NORMAL,238.85,-942.6595222165902,-1181.50952221659,19,2,238.85,4,3,1,2.5,43
15852.0,7.645105798490629,Regular,At_Risk,Medium Risk,NORMAL,160.70999999999998,-1011.6164389414417,-1172.3264389414417,187,2,160.70999999999998,1,3,1,1.6,13
15853.0,11.480233176193266,Regular,About_to_Sleep,Medium Risk,NORMAL,110.8,-784.0304752707432,-894.8304752707431,52,1,110.8,3,2,1,1.9,32
15854.0,53.090336678719666,High-Value,Champions,Low Risk,HIGH,2974.65,6862.386334303178,3887.736334303178,4,12,2974.65,5,5,5,5.0,55
15855.0,26.117304618451584,Regular,At_Risk,Medium Risk,NORMAL,712.24,1587.5333444950327,875.2933444950327,137,5,712.24,2,4,3,3.0,24
15856.0,56.66238336011727,High-Value,Champions,Low Risk,HIGH,16387.57,16412.165831826525,24.595831826525682,4,27,16387.57,5,5,5,5.0,55
15857.0,20.550233489941995,Regular,Potential_Loyalists,Medium Risk,NORMAL,296.99999999999994,71.48254233713078,-225.51745766286916,19,1,296.99999999999994,4,2,2,2.6,42
15858.0,38.91159403150841,Regular,Loyal_Customers,Low Risk,NORMAL,1438.85,2374.308897508982,935.4588975089823,16,5,1438.85,4,4,4,4.0,44
15860.0,39.25344150719626,Regular,Loyal_Customers,Low Risk,NORMAL,977.2099999999998,3288.2297685897047,2311.0197685897047,41,8,977.2099999999998,3,5,4,4.0,35
15861.0,52.1463680376575,High-Value,Champions,Low Risk,HIGH,3165.36,4338.7092441725035,1173.3492441725034,12,8,3165.36,5,5,5,5.0,55
15862.0,37.196774719314554,Regular,Champions,Low Risk,NORMAL,832.88,1131.6258271116437,298.74582711164373,8,4,832.88,5,4,3,3.9,54
15863.0,18.92840378220465,Regular,Potential_Loyalists,Low Risk,NORMAL,68.84,-922.5950933254821,-991.4350933254822,26,2,68.84,4,3,1,2.5,43
15864.0,42.575435553704665,Regular,Loyal_Customers,Low Risk,NORMAL,1936.3200000000004,2143.966312919303,207.64631291930277,22,6,1936.3200000000004,4,5,4,4.300000000000001,45
15865.0,29.3567436862628,Regular,Loyal_Customers,Low Risk,NORMAL,895.13,222.5611710224432,-672.5688289775568,41,3,895.13,3,4,3,3.3,34
15866.0,7.714130516246341,Regular,Hibernating,High Risk,MEDIUM,230.53,-827.080543070135,-1057.610543070135,101,1,230.53,2,2,1,1.6,22
15867.0,53.80581815757967,High-Value,Champions,Low Risk,HIGH,3812.64,8775.208580792292,4962.568580792293,5,15,3812.64,5,5,5,5.0,55
15869.0,7.741598630734089,Regular,At_Risk,Medium Risk,NORMAL,149.64,-753.6452103414814,-903.2852103414814,277,2,149.64,1,3,1,1.6,13
15870.0,20.565243486068756,Regular,Potential_Loyalists,Medium Risk,NORMAL,354.09000000000003,111.61140011934685,-242.47859988065318,33,1,354.09000000000003,4,2,2,2.6,42
15872.0,24.203353586333407,Regular,Potential_Loyalists,Low Risk,NORMAL,360.93,-187.52351209698816,-548.4535120969881,15,2,360.93,4,3,2,2.8999999999999995,43
15874.0,44.32670771363494,High-Value,Loyal_Customers,Low Risk,HIGH,4405.88,3484.1051807877384,-921.7748192122617,64,7,4405.88,3,5,5,4.4,35
15877.0,33.2947967516918,Regular,Potential_Loyalists,Low Risk,NORMAL,493.28,725.3164451997657,232.0364451997657,2,2,493.28,5,3,3,3.6,53
15880.0,9.46957045393924,Regular,Hibernating,High Risk,MEDIUM,343.28,524.200776781088,180.92077678108808,369,1,343.28,1,2,2,1.7,12
15881.0,22.486291923645503,Regular,At_Risk,Medium Risk,NORMAL,501.39,1905.642996735585,1404.252996735585,312,5,501.39,1,4,3,2.7,14
15882.0,22.127003366624432,Regular,At_Risk,Medium Risk,NORMAL,516.36,945.0938209918561,428.7338209918561,199,4,516.36,1,4,3,2.7,14
15883.0,28.008053379177728,Regular,Potential_Loyalists,Low Risk,NORMAL,396.48,-41.284952857612325,-437.76495285761234,2,2,396.48,5,3,2,3.2,53
15885.0,20.30711408154325,Regular,At_Risk,Medium Risk,NORMAL,379.35,-578.4912538809949,-957.8412538809949,93,3,379.35,2,4,2,2.6,24
15886.0,11.488810316837128,Regular,About_to_Sleep,Medium Risk,NORMAL,181.09000000000003,-761.0996993951911,-942.1896993951912,60,1,181.09000000000003,3,2,1,1.9,32
15888.0,7.692687664636683,Regular,Hibernating,Medium Risk,NORMAL,168.31,-884.407482759015,-1052.717482759015,81,1,168.31,2,2,1,1.6,22
15889.0,16.718322539980804,Regular,At_Risk,Medium Risk,NORMAL,446.87,-147.5043803802356,-594.3743803802356,157,2,446.87,2,3,2,2.3,23
15891.0,14.604069580024747,Regular,Hibernating,High Risk,MEDIUM,524.52,883.7809030474175,359.2609030474175,227,1,524.52,1,2,3,2.1,12
15894.0,13.002610581316574,Regular,At_Risk,Medium Risk,NORMAL,263.55,-55.83613991075936,-319.38613991075937,253,2,263.55,1,3,2,2.0,13
15895.0,7.766665502690002,Regular,Hibernating,High Risk,MEDIUM,179.17000000000002,-686.6295408323788,-865.7995408323789,150,1,179.17000000000002,2,2,1,1.6,22
15897.0,7.652610796554009,Regular,At_Risk,Medium Risk,NORMAL,222.05,-991.5520100503337,-1213.6020100503338,194,2,222.05,1,3,1,1.6,13
15898.0,42.71414953919176,Regular,Champions,Low Risk,NORMAL,1388.88,2514.8147627794706,1125.9347627794705,1,5,1388.88,5,4,4,4.300000000000001,54
15899.0,4.182827081425161,Regular,Hibernating,High Risk,MEDIUM,56.25,-242.40062127629017,-298.65062127629017,369,1,56.25,1,2,1,1.2999999999999998,12
15900.0,20.55559420284441,Regular,Potential_Loyalists,Medium Risk,NORMAL,351.11000000000007,85.81427725935077,-265.2957227406493,24,1,351.11000000000007,4,2,2,2.6,42
15901.0,27.86290653820773,Regular,Loyal_Customers,Low Risk,NORMAL,363.88,-429.3314846244432,-793.2114846244432,17,3,363.88,4,4,2,3.2,44
15903.0,51.90608730707003,High-Value,Champions,Low Risk,HIGH,5126.76,3696.3245837020586,-1430.4354162979416,10,7,5126.76,5,5,5,5.0,55
15904.0,19.070334195433198,Regular,Potential_Loyalists,Medium Risk,NORMAL,164.67999999999998,-543.1476025119832,-707.8276025119832,8,1,164.67999999999998,5,2,1,2.5,52
15906.0,42.811427713970204,Regular,Loyal_Customers,Low Risk,NORMAL,1567.6899999999998,2774.8855854519725,1207.1955854519726,20,7,1567.6899999999998,4,5,4,4.300000000000001,45
15907.0,42.2410930760802,Regular,Champions,Low Risk,NORMAL,967.45,1250.109870729689,282.6598707296889,4,3,967.45,5,4,4,4.300000000000001,54
15909.0,7.792396924621591,Regular,Hibernating,High Risk,MEDIUM,191.94,-617.8372132057227,-809.7772132057228,174,1,191.94,2,2,1,1.6,22
15910.0,46.84783109675811,Regular,Champions,Low Risk,NORMAL,1232.18,3540.578029286241,2308.3980292862407,1,8,1232.18,5,5,4,4.6,55
15912.0,16.740837534170943,Regular,At_Risk,Medium Risk,NORMAL,264.61999999999995,-87.3110937069116,-351.93109370691155,178,2,264.61999999999995,2,3,2,2.3,23
15916.0,43.04527558907478,Regular,Loyal_Customers,Low Risk,NORMAL,1528.09,3400.0721640157535,1871.9821640157536,16,8,1528.09,4,5,4,4.300000000000001,45
15917.0,4.053097829186733,Regular,Hibernating,High Risk,MEDIUM,123.1,-589.2286063940146,-712.3286063940146,248,1,123.1,1,2,1,1.2999999999999998,12
15918.0,12.936137741326634,Regular,At_Risk,Medium Risk,NORMAL,334.23,-233.54965294628744,-567.7796529462875,191,2,334.23,1,3,2,2.0,13
15919.0,29.4954576717499,Regular,Potential_Loyalists,Low Risk,NORMAL,639.8900000000001,593.4096208826102,-46.48037911738993,20,2,639.8900000000001,4,3,3,3.3,43
15920.0,15.323907851865139,Regular,At_Risk,Medium Risk,NORMAL,167.5,-533.5935193857322,-701.0935193857322,154,4,167.5,2,4,1,2.2,24
15921.0,13.078068154555183,Regular,Hibernating,High Risk,MEDIUM,336.03000000000003,145.89783786721136,-190.13216213278866,173,1,336.03000000000003,2,2,2,2.0,22
15922.0,9.47385902426117,Regular,Hibernating,High Risk,MEDIUM,369.50000000000006,535.6661647188641,166.16616471886408,373,1,369.50000000000006,1,2,2,1.7,12
15923.0,4.187115651747093,Regular,Hibernating,High Risk,MEDIUM,127.08,-230.93523333851408,-358.01523333851407,373,1,127.08,1,2,1,1.2999999999999998,12
15925.0,3.995202129840657,Regular,Hibernating,High Risk,MEDIUM,207.15,-744.0113435539907,-951.1613435539907,194,1,207.15,1,2,1,1.2999999999999998,12
15930.0,16.78305868741458,Regular,About_to_Sleep,Medium Risk,NORMAL,426.63000000000005,25.56612755329502,-401.06387244670503,67,1,426.63000000000005,3,2,2,2.3,32
15932.0,52.137790897013645,High-Value,Champions,Low Risk,HIGH,2495.8700000000003,4315.778468296951,1819.908468296951,4,8,2495.8700000000003,5,5,5,5.0,55
15933.0,38.44068185355781,Regular,Loyal_Customers,Low Risk,NORMAL,1107.4600000000005,1115.3366994280893,7.876699428088841,21,3,1107.4600000000005,4,4,4,4.0,44
15935.0,12.987600585189814,Regular,At_Risk,Medium Risk,NORMAL,416.86,-95.96499769297532,-512.8249976929753,239,2,416.86,1,3,2,2.0,13
15937.0,11.49309888715906,Regular,About_to_Sleep,Medium Risk,NORMAL,145.35,-749.6343114574152,-894.9843114574152,64,1,145.35,3,2,1,1.9,32
15938.0,20.803757681425438,Regular,At_Risk,Medium Risk,NORMAL,404.58,749.2732718265545,344.6932718265545,112,5,404.58,2,4,2,2.6,24
15939.0,42.441037337748945,High-Value,Cant_Loose,Low Risk,HIGH,6115.009999999999,8468.344864358589,2353.3348643585896,90,15,6115.009999999999,2,5,5,4.1,25
15940.0,4.120642811757154,Regular,Hibernating,High Risk,MEDIUM,35.8,-408.6487463740423,-444.4487463740423,311,1,35.8,1,2,1,1.2999999999999998,12
15942.0,13.03625459391635,Regular,Hibernating,High Risk,MEDIUM,337.43999999999994,34.11030547389532,-303.3296945261046,134,1,337.43999999999994,2,2,2,2.0,22
15944.0,9.370933336534813,Regular,Hibernating,High Risk,MEDIUM,325.1,260.4968542122399,-64.60314578776013,277,1,325.1,1,2,2,1.7,12
15945.0,4.17853851110323,Regular,Hibernating,High Risk,MEDIUM,181.0,-253.86600921406625,-434.86600921406625,365,1,181.0,1,2,1,1.2999999999999998,12
15947.0,23.555062067339872,Regular,Hibernating,Medium Risk,NORMAL,1708.24,1421.1294053820072,-287.1105946179928,83,1,1708.24,2,2,4,2.8,22
15948.0,38.58797297968877,Regular,Potential_Loyalists,Low Risk,NORMAL,955.24,1509.115925163808,553.875925163808,8,2,955.24,5,3,4,4.0,53
15949.0,24.205497871494373,Regular,Potential_Loyalists,Low Risk,NORMAL,364.72,-181.79081812810023,-546.5108181281003,17,2,364.72,4,3,2,2.8999999999999995,43
15950.0,38.690611867369626,Regular,Loyal_Customers,Low Risk,NORMAL,1765.51,1783.5184827585301,18.008482758530135,32,4,1765.51,4,4,4,4.0,44
15951.0,33.30230174975518,Regular,Potential_Loyalists,Low Risk,NORMAL,708.22,745.3808740908737,37.160874090873676,9,2,708.22,5,3,3,3.6,53
15952.0,29.587375133625926,Regular,Loyal_Customers,Low Risk,NORMAL,806.5699999999999,839.1487086328918,32.5787086328919,34,4,806.5699999999999,3,4,3,3.3,34
15953.0,43.04420344649429,Regular,Loyal_Customers,Low Risk,NORMAL,1659.38,3397.2058170313085,1737.8258170313084,15,8,1659.38,4,5,4,4.300000000000001,45
15955.0,49.76941477479175,High-Value,Loyal_Customers,Low Risk,HIGH,4416.26,8009.516136958024,3593.2561369580235,24,14,4416.26,4,5,5,4.7,45
15957.0,20.564171343488272,Regular,Potential_Loyalists,Medium Risk,NORMAL,428.89,108.74505313490295,-320.14494686509704,32,1,428.89,4,2,2,2.6,42
15958.0,7.685182666573303,Regular,Hibernating,Medium Risk,NORMAL,104.35,-904.471911650123,-1008.8219116501231,74,1,104.35,2,2,1,1.6,22
15963.0,24.208714299235822,Regular,Potential_Loyalists,Low Risk,NORMAL,470.7600000000001,-173.19177717476816,-643.9517771747683,20,2,470.7600000000001,4,3,2,2.8999999999999995,43
15965.0,33.38778635614831,Regular,Loyal_Customers,Low Risk,NORMAL,845.64,973.9218799344915,128.28187993449149,17,4,845.64,4,4,3,3.6,44
15967.0,24.21193072697727,Regular,Potential_Loyalists,Low Risk,NORMAL,418.83,-164.5927362214362,-583.4227362214363,23,2,418.83,4,3,2,2.8999999999999995,43
15969.0,36.95327756098563,Regular,Champions,Low Risk,NORMAL,666.0999999999999,480.64212568786706,-185.45787431213284,3,3,666.0999999999999,5,4,3,3.9,54
15970.0,9.399881186207852,Regular,Hibernating,High Risk,MEDIUM,314.1,337.8882227922279,23.788222792227884,304,1,314.1,1,2,2,1.7,12
15971.0,49.28670902845584,High-Value,Loyal_Customers,Low Risk,HIGH,4199.85,6719.0141220482465,2519.164122048246,18,12,4199.85,4,5,5,4.7,45
15973.0,9.467426168778273,Regular,Hibernating,High Risk,MEDIUM,307.82,518.4680828121998,210.6480828121998,367,1,307.82,1,2,2,1.7,12
15974.0,44.29990414912287,High-Value,Loyal_Customers,Low Risk,HIGH,3442.15,3412.4465061766386,-29.70349382336144,39,7,3442.15,3,5,5,4.4,35
15975.0,12.982647464892207,Regular,Hibernating,Medium Risk,NORMAL,371.01,-109.20704374830484,-480.21704374830483,84,1,371.01,2,2,2,2.0,22
15976.0,16.726899680624665,Regular,At_Risk,Medium Risk,NORMAL,430.94,-124.57360450468354,-555.5136045046836,165,2,430.94,2,3,2,2.3,23
15977.0,34.77898461652253,Regular,Potential_Loyalists,Low Risk,NORMAL,1054.73,1351.4119779866558,296.68197798665574,17,2,1054.73,4,3,4,3.7,43
15978.0,23.548629211856973,Regular,Hibernating,Medium Risk,NORMAL,1098.78,1403.9313234753433,305.15132347534336,77,1,1098.78,2,2,4,2.8,22
15980.0,36.163055628763544,High-Value,At_Risk,Low Risk,HIGH,2398.86,1709.8475523533632,-689.0124476466369,89,3,2398.86,2,4,5,3.8,24
15981.0,48.34166824481319,High-Value,Loyal_Customers,Low Risk,HIGH,3408.48,4192.470684933127,783.9906849331269,25,8,3408.48,4,5,5,4.7,45
15983.0,38.6798904415648,Regular,Loyal_Customers,Low Risk,NORMAL,1475.02,1754.8550129140901,279.83501291409016,22,4,1475.02,4,4,4,4.0,44
15984.0,52.61299164528617,High-Value,Champions,Low Risk,HIGH,2837.67,5586.216054315621,2748.5460543156205,3,10,2837.67,5,5,5,5.0,55
15985.0,27.25535643727254,Regular,At_Risk,Medium Risk,NORMAL,1142.4199999999998,1288.2426182634247,145.82261826342483,123,2,1142.4199999999998,2,3,4,3.1,23
15986.0,15.275283685813235,Regular,Potential_Loyalists,Medium Risk,NORMAL,168.11999999999998,-663.5890388913632,-831.7090388913632,30,1,168.11999999999998,4,2,1,2.2,42
15987.0,46.621488219716916,Regular,Champions,Low Risk,NORMAL,1451.28,2935.455879613568,1484.175879613568,12,7,1451.28,5,5,4,4.6,55
15988.0,15.263490117427922,Regular,Potential_Loyalists,Medium Risk,NORMAL,158.03,-695.1188557202472,-853.1488557202472,19,1,158.03,4,2,1,2.2,42
15990.0,25.702551447290904,Regular,Need_Attention,Low Risk,NORMAL,792.1100000000001,478.7008784721179,-313.40912152788223,44,2,792.1100000000001,3,3,3,3.0,33
15992.0,19.06604562511127,Regular,Potential_Loyalists,Medium Risk,NORMAL,41.99,-554.6129904497593,-596.6029904497593,4,1,41.99,5,2,1,2.5,52
15993.0,51.90501516448955,High-Value,Champions,Low Risk,HIGH,2797.57,3693.4582367176145,895.8882367176143,9,7,2797.57,5,5,5,5.0,55
15994.0,16.770192976448786,Regular,About_to_Sleep,Medium Risk,NORMAL,427.0700000000001,-8.830036260032784,-435.9000362600329,55,1,427.0700000000001,3,2,2,2.3,32
15996.0,35.00892167123535,Regular,Cant_Loose,Low Risk,NORMAL,1060.68,1966.1430738183114,905.4630738183114,88,6,1060.68,2,5,4,3.7,25
15998.0,40.40221475182203,High-Value,Loyal_Customers,Low Risk,HIGH,3089.97,3017.6025122025367,-72.36748779746313,37,5,3089.97,3,4,5,4.1,34
16000.0,47.52676430601378,High-Value,Champions,Low Risk,HIGH,12393.7,2013.8449218026233,-10379.855078197377,3,3,12393.7,5,4,5,4.7,54
16003.0,44.21334740014925,High-Value,Loyal_Customers,Low Risk,HIGH,2735.37,3181.039153348577,445.6691533485773,30,5,2735.37,4,4,5,4.4,44
16005.0,37.20106328963649,Regular,Champions,Low Risk,NORMAL,615.3900000000001,1143.0912150494198,527.7012150494197,12,4,615.3900000000001,5,4,3,3.9,54
16006.0,4.013428553708866,Regular,Hibernating,High Risk,MEDIUM,101.4,-695.2834448184427,-796.6834448184427,211,1,101.4,1,2,1,1.2999999999999998,12
16007.0,34.889128502266765,Regular,Loyal_Customers,Low Risk,NORMAL,1701.94,1645.878964472486,-56.06103552751415,48,4,1701.94,3,4,4,3.7,34
16008.0,27.870411536271114,Regular,Loyal_Customers,Low Risk,NORMAL,478.78,-409.26705573333516,-888.0470557333351,24,3,478.78,4,4,2,3.2,44
16009.0,38.6798904415648,Regular,Loyal_Customers,Low Risk,NORMAL,992.7100000000002,1754.8550129140901,762.14501291409,22,4,992.7100000000002,4,4,4,4.0,44
16010.0,16.65251424996654,Regular,At_Risk,Medium Risk,NORMAL,407.50000000000006,-323.44123529821024,-730.9412352982104,246,3,407.50000000000006,1,4,2,2.3,14
16011.0,54.04717103074763,High-Value,Champions,Low Risk,HIGH,3362.71,9420.45958824718,6057.74958824718,8,16,3362.71,5,5,5,5.0,55
16012.0,34.637054203293985,Regular,Loyal_Customers,Low Risk,NORMAL,1415.29,971.9644871731568,-443.3255128268431,35,3,1415.29,3,4,4,3.7,34
16013.0,61.425112268647396,High-Value,Champions,Low Risk,HIGH,37130.600000000006,29145.205161857662,-7985.394838142343,4,47,37130.600000000006,5,5,5,5.0,55
16014.0,29.353527258521353,Regular,Loyal_Customers,Low Risk,NORMAL,662.3800000000001,213.96213006911125,-448.41786993088886,38,3,662.3800000000001,3,4,3,3.3,34
16015.0,36.954349703566116,Regular,Champions,Low Risk,NORMAL,705.39,483.508472672311,-221.881527327689,4,3,705.39,5,4,3,3.9,54
16016.0,46.84997538191907,Regular,Champions,Low Risk,NORMAL,1508.7600000000002,3546.3107232551292,2037.550723255129,3,8,1508.7600000000002,5,5,4,4.6,55
16017.0,11.47487246329085,Regular,About_to_Sleep,Medium Risk,NORMAL,211.88,-798.3622101929632,-1010.2422101929632,47,1,211.88,3,2,1,1.9,32
16018.0,20.410447361874414,Regular,Need_Attention,Low Risk,NORMAL,408.9,-302.2322545074801,-711.1322545074801,39,2,408.9,3,3,2,2.6,33
16019.0,44.78475418061974,High-Value,Loyal_Customers,Low Risk,HIGH,3786.24,4708.681215055304,922.4412150553044,47,9,3786.24,3,5,5,4.4,35
16020.0,33.149649910721806,Regular,Loyal_Customers,Low Risk,NORMAL,851.01,337.2699134329348,-513.7400865670652,17,3,851.01,4,4,3,3.6,44
16022.0,14.639450285180683,Regular,Hibernating,High Risk,MEDIUM,628.2800000000002,978.3703535340699,350.09035353406966,260,1,628.2800000000002,1,2,3,2.1,12
16023.0,29.362104399165215,Regular,Loyal_Customers,Low Risk,NORMAL,719.81,236.8929059446632,-482.91709405533675,46,3,719.81,3,4,3,3.3,34
16024.0,24.361366138269208,Regular,Potential_Loyalists,Medium Risk,NORMAL,251.24,234.91918348317108,-16.320816516828927,12,1,251.24,5,2,2,2.9000000000000004,52
16025.0,20.56202705832731,Regular,Potential_Loyalists,Medium Risk,NORMAL,439.66,103.01235916601468,-336.64764083398535,30,1,439.66,4,2,2,2.6,42
16026.0,11.47058389296892,Regular,About_to_Sleep,Medium Risk,NORMAL,236.09,-809.8275981307391,-1045.9175981307392,43,1,236.09,3,2,1,1.9,32
16027.0,29.726466869043207,Regular,Cant_Loose,Medium Risk,NORMAL,934.62,1211.0070636987095,276.38706369870954,92,6,934.62,2,5,3,3.3000000000000003,25
16029.0,57.63554509300723,High-Value,Loyal_Customers,Low Risk,HIGH,81024.84,39064.956630263805,-41959.88336973619,39,63,81024.84,3,5,5,4.4,35
16030.0,9.406314041690749,Regular,Hibernating,High Risk,MEDIUM,331.24,355.0863046988918,23.8463046988918,310,1,331.24,1,2,2,1.7,12
16031.0,21.935376644763497,Regular,At_Risk,Medium Risk,NORMAL,548.94,432.78446368828213,-116.15553631171792,92,2,548.94,2,3,3,2.7,23
16033.0,54.99757252729268,High-Value,Champions,Low Risk,HIGH,8816.4,11961.334760284519,3144.934760284519,6,20,8816.4,5,5,5,5.0,55
16034.0,16.598907120942396,Regular,At_Risk,Medium Risk,NORMAL,437.69999999999993,-466.7585845204104,-904.4585845204103,196,3,437.69999999999993,1,4,2,2.3,14
16036.0,21.93001593186108,Regular,At_Risk,Low Risk,NORMAL,758.9199999999998,418.45272876606236,-340.4672712339375,87,2,758.9199999999998,2,3,3,2.7,23
16037.0,21.96498904441221,Regular,At_Risk,Medium Risk,NORMAL,855.0200000000001,511.9524903858239,-343.0675096141762,270,3,855.0200000000001,1,4,3,2.7,14
16038.0,31.67189490137397,Regular,Champions,Low Risk,NORMAL,471.78,-271.62753744729116,-743.4075374472911,8,3,471.78,5,4,2,3.5,54
16040.0,34.669218480708466,Regular,Loyal_Customers,Low Risk,NORMAL,1313.5500000000002,1057.9548967064773,-255.59510329352293,65,3,1313.5500000000002,3,4,4,3.7,34
16041.0,43.73814665187672,High-Value,Loyal_Customers,Low Risk,HIGH,3166.4,1910.6015673299073,-1255.7984326700928,31,3,3166.4,4,4,5,4.4,44
16042.0,38.918026886991306,Regular,Loyal_Customers,Low Risk,NORMAL,1197.2700000000002,2391.506979415647,1194.2369794156468,22,5,1197.2700000000002,4,4,4,4.0,44
16043.0,29.59166370394786,Regular,Loyal_Customers,Low Risk,NORMAL,773.99,850.6140965706679,76.62409657066792,38,4,773.99,3,4,3,3.3,34
16045.0,31.147685121670946,Regular,At_Risk,Medium Risk,NORMAL,1340.7,1668.7548773153064,328.0548773153064,120,4,1340.7,2,4,4,3.4,24
16048.0,13.13126769097452,Regular,At_Risk,Medium Risk,NORMAL,256.44000000000005,288.1254982225212,31.68549822252112,373,2,256.44000000000005,1,3,2,2.0,13
16049.0,34.642414916196394,Regular,Loyal_Customers,Low Risk,NORMAL,1111.79,986.2962220953771,-125.4937779046229,40,3,1111.79,3,4,4,3.7,34
16050.0,7.792396924621591,Regular,Hibernating,High Risk,MEDIUM,137.89999999999998,-617.8372132057227,-755.7372132057227,174,1,137.89999999999998,2,2,1,1.6,22
16052.0,16.769120833868307,Regular,About_to_Sleep,Medium Risk,NORMAL,362.06,-11.69638324447692,-373.7563832444769,54,1,362.06,3,2,2,2.3,32
16053.0,34.79613889781026,Regular,Potential_Loyalists,Low Risk,NORMAL,1511.9500000000005,1397.27352973776,-114.6764702622404,33,2,1511.9500000000005,4,3,4,3.7,43
16054.0,18.33479153481574,Regular,Hibernating,High Risk,MEDIUM,783.9000000000001,832.241520360157,48.34152036015689,145,1,783.9000000000001,2,2,3,2.4000000000000004,22
16055.0,4.024149979513695,Regular,Hibernating,High Risk,MEDIUM,134.8,-666.6199749740026,-801.4199749740026,221,1,134.8,1,2,1,1.2999999999999998,12
16056.0,22.04621492315804,Regular,About_to_Sleep,Medium Risk,NORMAL,664.85,729.107891952905,64.25789195290497,45,1,664.85,3,2,3,2.7,32
16057.0,48.09388251616234,High-Value,Loyal_Customers,Low Risk,HIGH,2263.12,3530.021595571575,1266.901595571575,16,7,2263.12,4,5,5,4.7,45
16059.0,38.80397218085531,Regular,Loyal_Customers,Low Risk,NORMAL,1459.86,2086.584510197692,626.7245101976921,66,6,1459.86,3,5,4,4.0,35
16062.0,42.4856623769896,Regular,Champions,Low Risk,NORMAL,1153.62,1903.9599191379095,750.3399191379096,10,4,1153.62,5,4,4,4.300000000000001,54
16063.0,9.352706912666605,Regular,Hibernating,High Risk,MEDIUM,335.32000000000005,211.76895547669164,-123.5510445233084,260,1,335.32000000000005,1,2,2,1.7,12
16065.0,9.465281883617308,Regular,Hibernating,High Risk,MEDIUM,372.09,512.735388843312,140.645388843312,365,1,372.09,1,2,2,1.7,12
16066.0,38.91266617408889,Regular,Loyal_Customers,Low Risk,NORMAL,1521.8700000000003,2377.1752444934264,855.305244493426,17,5,1521.8700000000003,4,4,4,4.0,44
16070.0,29.497601956910867,Regular,Potential_Loyalists,Low Risk,NORMAL,852.15,599.142314851498,-253.007685148502,22,2,852.15,4,3,3,3.3,43
16071.0,16.75947155064396,Regular,About_to_Sleep,Medium Risk,NORMAL,326.24,-37.493506104473,-363.733506104473,45,1,326.24,3,2,2,2.3,32
16072.0,14.669470277434202,Regular,Hibernating,High Risk,MEDIUM,584.32,1058.628069098502,474.30806909850196,288,1,584.32,1,2,3,2.1,12
16073.0,4.105632815630394,Regular,Hibernating,High Risk,MEDIUM,122.4,-448.77760415625846,-571.1776041562584,297,1,122.4,1,2,1,1.2999999999999998,12
16076.0,52.61299164528617,High-Value,Champions,Low Risk,HIGH,2234.73,5586.216054315621,3351.4860543156205,3,10,2234.73,5,5,5,5.0,55
16078.0,4.091694962084117,Regular,Hibernating,High Risk,MEDIUM,79.2,-486.0401149540305,-565.2401149540306,284,1,79.2,1,2,1,1.2999999999999998,12
16079.0,38.43639328323588,Regular,Loyal_Customers,Low Risk,NORMAL,1352.0000000000002,1103.8713114903132,-248.12868850968698,17,3,1352.0000000000002,4,4,4,4.0,44
16080.0,11.351168473930512,Regular,At_Risk,Low Risk,NORMAL,217.16000000000005,-1129.081802270914,-1346.2418022709141,82,2,217.16000000000005,2,3,1,1.9,23
16081.0,40.4225854608512,High-Value,Loyal_Customers,Low Risk,HIGH,2806.9,3072.0631049069734,265.16310490697333,56,5,2806.9,3,4,5,4.1,34
16083.0,27.231769300501917,Regular,At_Risk,Medium Risk,NORMAL,1317.62,1225.1829846056569,-92.437015394343,101,2,1317.62,2,3,4,3.1,23
16084.0,9.394520473305437,Regular,Hibernating,High Risk,MEDIUM,436.18,323.5564878700077,-112.62351212999232,299,1,436.18,1,2,2,1.7,12
16085.0,38.91909902957179,Regular,Loyal_Customers,Low Risk,NORMAL,981.51,2394.3733264000903,1412.8633264000903,23,5,981.51,4,4,4,4.0,44
16086.0,35.139058516078585,Regular,Loyal_Customers,Low Risk,NORMAL,1121.39,2314.060747802927,1192.6707478029268,59,5,1121.39,3,4,4,3.7,34
16091.0,16.716178254819837,Regular,At_Risk,Medium Risk,NORMAL,315.06,-153.23707434912353,-468.29707434912353,155,2,315.06,2,3,2,2.3,23
16092.0,25.617444590827947,Regular,At_Risk,Medium Risk,NORMAL,817.86,251.1697778341511,-566.6902221658489,115,3,817.86,2,4,3,3.0,24
16093.0,7.720563371729238,Regular,Hibernating,High Risk,MEDIUM,17.0,-809.8824611634709,-826.8824611634709,107,1,17.0,2,2,1,1.6,22
16094.0,42.48780666215057,Regular,Champions,Low Risk,NORMAL,1078.2299999999998,1909.6926131067978,831.462613106798,12,4,1078.2299999999998,5,4,4,4.300000000000001,54
16096.0,9.356995482988536,Regular,Hibernating,High Risk,MEDIUM,320.62,223.23434341446773,-97.38565658553227,264,1,320.62,1,2,2,1.7,12
16097.0,4.044520688542869,Regular,Hibernating,High Risk,MEDIUM,185.05,-612.1593822695665,-797.2093822695665,240,1,185.05,1,2,1,1.2999999999999998,12
16098.0,35.247058116661854,Regular,Cant_Loose,Low Risk,NORMAL,2005.63,2602.7950403198683,597.1650403198682,88,7,2005.63,2,5,4,3.7,25
16099.0,29.366392969487148,Regular,Loyal_Customers,Low Risk,NORMAL,731.8999999999997,248.35829388243906,-483.5417061175607,50,3,731.8999999999997,3,4,3,3.3,34
16101.0,27.36083400276467,Regular,About_to_Sleep,Medium Risk,NORMAL,1290.6999999999998,1570.2343116058275,279.5343116058277,71,1,1290.6999999999998,3,2,4,3.1,32
16102.0,34.64455920135736,Regular,Loyal_Customers,Low Risk,NORMAL,1842.14,992.0289160642649,-850.1110839357352,42,3,1842.14,3,4,4,3.7,34
16103.0,46.377991061387995,Regular,Champions,Low Risk,NORMAL,1429.64,2284.4721781897915,854.8321781897914,7,6,1429.64,5,5,4,4.6,55
16104.0,16.77769797451217,Regular,About_to_Sleep,Medium Risk,NORMAL,302.36,11.234392631075252,-291.12560736892476,62,1,302.36,3,2,2,2.3,32
16105.0,9.340913344281294,Regular,Hibernating,High Risk,MEDIUM,336.96,180.23913864780775,-156.72086135219223,249,1,336.96,1,2,2,1.7,12
16106.0,11.495243172320025,Regular,About_to_Sleep,Medium Risk,NORMAL,108.38,-743.9016174885271,-852.2816174885271,66,1,108.38,3,2,1,1.9,32
16107.0,48.096026801323305,High-Value,Loyal_Customers,Low Risk,HIGH,3204.16,3535.754289540463,331.59428954046325,18,7,3204.16,4,5,5,4.7,45
16108.0,18.270462979986767,Regular,Hibernating,Medium Risk,NORMAL,842.5,660.2607012935171,-182.23929870648294,85,1,842.5,2,2,3,2.4000000000000004,22
16109.0,18.252901106094235,Regular,At_Risk,Medium Risk,NORMAL,611.8800000000001,613.3094606755224,1.4294606755222503,219,2,611.8800000000001,1,3,3,2.4000000000000004,13
16110.0,34.64777562909881,Regular,Loyal_Customers,Low Risk,NORMAL,1337.48,1000.6279570175973,-336.85204298240274,45,3,1337.48,3,4,4,3.7,34
16112.0,15.312114283479827,Regular,At_Risk,Medium Risk,NORMAL,195.74,-565.1233362146161,-760.8633362146161,143,4,195.74,2,4,1,2.2,24
16113.0,3.983408561455345,Regular,Hibernating,High Risk,MEDIUM,161.38,-775.5411603828748,-936.9211603828747,183,1,161.38,1,2,1,1.2999999999999998,12
16114.0,7.789180496880142,Regular,Hibernating,High Risk,MEDIUM,135.75000000000003,-626.4362541590548,-762.1862541590548,171,1,135.75000000000003,2,2,1,1.6,22
16115.0,46.857480379982455,Regular,Champions,Low Risk,NORMAL,1667.97,3566.3751521462373,1898.4051521462372,10,8,1667.97,5,5,4,4.6,55
16116.0,14.587987441317503,Regular,Hibernating,High Risk,MEDIUM,612.7800000000001,840.7856982807575,228.00569828075743,212,1,612.7800000000001,1,2,3,2.1,12
16117.0,3.9909135595187255,Regular,Hibernating,High Risk,MEDIUM,232.21,-755.4767314917667,-987.6867314917667,190,1,232.21,1,2,1,1.2999999999999998,12
16119.0,28.014486234660627,Regular,Potential_Loyalists,Low Risk,NORMAL,423.36,-24.086870950948196,-447.4468709509482,8,2,423.36,5,3,2,3.2,53
16120.0,34.90092207065208,Regular,Loyal_Customers,Low Risk,NORMAL,1309.14,1677.40878130137,368.2687813013699,59,4,1309.14,3,4,4,3.7,34
16121.0,25.716489300837182,Regular,Need_Attention,Low Risk,NORMAL,867.1099999999999,515.9633892698901,-351.14661073010984,57,2,867.1099999999999,3,3,3,3.0,33
16122.0,25.810551047874174,Regular,At_Risk,Low Risk,NORMAL,684.42,767.4351709890595,83.01517098905958,73,4,684.42,2,4,3,3.0,24
16123.0,16.76697654870734,Regular,About_to_Sleep,Medium Risk,NORMAL,307.78000000000003,-17.429077213364963,-325.209077213365,52,1,307.78000000000003,3,2,2,2.3,32
16124.0,4.127075667240051,Regular,Hibernating,High Risk,MEDIUM,249.0,-391.4506644673784,-640.4506644673784,317,1,249.0,1,2,1,1.2999999999999998,12
16125.0,9.467426168778273,Regular,Hibernating,High Risk,MEDIUM,289.35,518.4680828121998,229.11808281219976,367,1,289.35,1,2,2,1.7,12
16126.0,43.974138812142264,High-Value,Loyal_Customers,Low Risk,HIGH,6287.77,2541.5208398625764,-3746.249160137424,29,4,6287.77,4,4,5,4.4,44
16127.0,22.039782067675144,Regular,About_to_Sleep,Medium Risk,NORMAL,656.25,711.9098100462411,55.65981004624109,39,1,656.25,3,2,3,2.7,32
16128.0,38.913738316669374,Regular,Loyal_Customers,Low Risk,NORMAL,1880.22,2380.0415914778705,499.82159147787047,18,5,1880.22,4,4,4,4.0,44
16131.0,44.075705557242635,High-Value,Loyal_Customers,Low Risk,HIGH,3506.540000000001,2813.057050472854,-693.482949527147,52,6,3506.540000000001,3,5,5,4.4,35
16133.0,58.09120203267631,High-Value,Champions,Low Risk,HIGH,14589.04,20232.077630835873,5643.037630835872,4,33,14589.04,5,5,5,5.0,55
16134.0,29.497601956910867,Regular,Potential_Loyalists,Low Risk,NORMAL,618.09,599.142314851498,-18.947685148502046,22,2,618.09,4,3,3,3.3,43
16135.0,14.64266671292213,Regular,Hibernating,High Risk,MEDIUM,517.5500000000001,986.9693944874018,469.41939448740175,263,1,517.5500000000001,1,2,3,2.1,12
16136.0,29.377114395291976,Regular,Loyal_Customers,Low Risk,NORMAL,709.3800000000002,277.02176372687904,-432.3582362731212,60,3,709.3800000000002,3,4,3,3.3,34
16139.0,33.15179419588277,Regular,Loyal_Customers,Low Risk,NORMAL,635.4100000000001,343.00260740182284,-292.40739259817724,19,3,635.4100000000001,4,4,3,3.6,44
16140.0,25.726138584061527,Regular,Need_Attention,Low Risk,NORMAL,725.1800000000001,541.7605121298859,-183.41948787011415,66,2,725.1800000000001,3,3,3,3.0,33
16141.0,18.273679407728217,Regular,Hibernating,Medium Risk,NORMAL,620.4,668.859742246849,48.45974224684903,88,1,620.4,2,2,3,2.4000000000000004,22
16142.0,14.628728859375853,Regular,Hibernating,High Risk,MEDIUM,535.3399999999999,949.7068836896294,414.3668836896295,250,1,535.3399999999999,1,2,3,2.1,12
16143.0,51.660445863580144,High-Value,Champions,Low Risk,HIGH,2424.94,3039.608188309394,614.6681883093938,3,6,2424.94,5,5,5,5.0,55
16144.0,4.05202568660625,Regular,Hibernating,High Risk,MEDIUM,175.2,-592.0949533784586,-767.2949533784586,247,1,175.2,1,2,1,1.2999999999999998,12
16145.0,52.857560946195576,High-Value,Champions,Low Risk,HIGH,3799.49,6240.066102723842,2440.5761027238423,9,11,3799.49,5,5,5,5.0,55
16146.0,25.66247457920823,Regular,At_Risk,Medium Risk,NORMAL,734.1299999999999,371.5563511807993,-362.57364881920057,157,3,734.1299999999999,2,4,3,3.0,24
16147.0,13.03625459391635,Regular,Hibernating,High Risk,MEDIUM,375.0,34.11030547389532,-340.8896945261047,134,1,375.0,2,2,2,2.0,22
16148.0,4.104560673049911,Regular,Hibernating,High Risk,MEDIUM,76.32000000000001,-451.6439511407025,-527.9639511407025,296,1,76.32000000000001,1,2,1,1.2999999999999998,12
16149.0,28.011269806919177,Regular,Potential_Loyalists,Low Risk,NORMAL,280.52000000000004,-32.685911904280374,-313.2059119042804,5,2,280.52000000000004,5,3,2,3.2,53
16150.0,35.12190423479086,Regular,Loyal_Customers,Low Risk,NORMAL,2053.02,2268.1991960518226,215.1791960518226,43,5,2053.02,3,4,4,3.7,34
16152.0,19.935842940919102,Regular,Hibernating,High Risk,MEDIUM,1829.04,1770.7688744514442,-58.2711255485558,269,1,1829.04,1,2,4,2.5,12
16153.0,35.129409232854236,Regular,Loyal_Customers,Low Risk,NORMAL,1824.23,2288.2636249429306,464.0336249429306,50,5,1824.23,3,4,4,3.7,34
16156.0,52.381288055342566,High-Value,Champions,Low Risk,HIGH,3122.04,4966.762169720728,1844.7221697207278,9,9,3122.04,5,5,5,5.0,55
16157.0,33.14857776814132,Regular,Loyal_Customers,Low Risk,NORMAL,656.6899999999999,334.40356644849066,-322.2864335515093,16,3,656.6899999999999,4,4,3,3.6,44
16159.0,9.376294049437227,Regular,Hibernating,High Risk,MEDIUM,348.2000000000001,274.82858913445966,-73.37141086554044,282,1,348.2000000000001,1,2,2,1.7,12
16160.0,31.01180981399512,Regular,Need_Attention,Low Risk,NORMAL,1025.44,1305.4955632028202,280.05556320282017,65,2,1025.44,3,3,4,3.4,33
16161.0,54.75514751154425,High-Value,Champions,Low Risk,HIGH,5575.56,11313.217405845187,5737.657405845187,2,19,5575.56,5,5,5,5.0,55
16162.0,4.0573863995086645,Regular,Hibernating,High Risk,MEDIUM,37.4,-577.7632184562385,-615.1632184562385,252,1,37.4,1,2,1,1.2999999999999998,12
16163.0,18.266838959640513,Regular,At_Risk,Medium Risk,NORMAL,856.6000000000001,650.5719714732943,-206.02802852670584,232,2,856.6000000000001,1,3,3,2.4000000000000004,13
16164.0,33.149649910721806,Regular,Loyal_Customers,Low Risk,NORMAL,822.48,337.2699134329348,-485.2100865670652,17,3,822.48,4,4,3,3.6,44
16168.0,56.66988835818064,High-Value,Champions,Low Risk,HIGH,3787.6,16432.230260717635,12644.630260717635,11,27,3787.6,5,5,5,5.0,55
16169.0,42.483518091828635,Regular,Champions,Low Risk,NORMAL,1822.9700000000005,1898.2272251690217,75.25722516902124,8,4,1822.9700000000005,5,4,4,4.300000000000001,54
16170.0,38.78789004214807,Regular,Loyal_Customers,Low Risk,NORMAL,1885.0500000000004,2043.5893054310316,158.53930543103115,51,6,1885.0500000000004,3,5,4,4.0,35
16171.0,11.487738174256647,Regular,About_to_Sleep,Medium Risk,NORMAL,73.2,-763.9660463796351,-837.1660463796352,59,1,73.2,3,2,1,1.9,32
16172.0,31.35901800258538,Regular,At_Risk,Medium Risk,NORMAL,1140.2100000000005,2233.7481692057627,1093.5381692057622,95,5,1140.2100000000005,2,4,4,3.4,24
16173.0,42.569002698221766,Regular,Loyal_Customers,Low Risk,NORMAL,1418.32,2126.7682310126393,708.4482310126393,16,6,1418.32,4,5,4,4.300000000000001,45
16174.0,30.915981531727336,Regular,At_Risk,Medium Risk,NORMAL,1009.55,1049.3009927204137,39.750992720413706,126,3,1009.55,2,4,4,3.4,24
16175.0,31.11980941457839,Regular,At_Risk,Medium Risk,NORMAL,1037.59,1594.229855719762,556.6398557197622,94,4,1037.59,2,4,4,3.4,24
16177.0,16.764832263546374,Regular,About_to_Sleep,Medium Risk,NORMAL,331.95,-23.161771182253005,-355.111771182253,50,1,331.95,3,2,2,2.3,32
16178.0,7.753799791724208,Regular,Hibernating,High Risk,MEDIUM,197.9,-721.0257046457068,-918.9257046457068,138,1,197.9,2,2,1,1.6,22
16179.0,11.489882459417611,Regular,About_to_Sleep,Medium Risk,NORMAL,215.83,-758.2333524107471,-974.0633524107471,61,1,215.83,3,2,1,1.9,32
16180.0,40.784803645568225,High-Value,Cant_Loose,Medium Risk,HIGH,10254.18,4040.4445686921317,-6213.735431307869,100,8,10254.18,2,5,5,4.1,25
16181.0,12.970853896506895,Regular,Hibernating,Medium Risk,NORMAL,305.5400000000001,-140.73686057718885,-446.2768605771889,73,1,305.5400000000001,2,2,2,2.0,22
16182.0,40.20160329671242,High-Value,Loyal_Customers,Low Risk,HIGH,6617.65,2481.27269015652,-4136.377309843479,72,4,6617.65,3,4,5,4.1,34
16183.0,16.78305868741458,Regular,About_to_Sleep,Medium Risk,NORMAL,338.7100000000001,25.56612755329502,-313.1438724467051,67,1,338.7100000000001,3,2,2,2.3,32
16184.0,38.801827895694345,Regular,Loyal_Customers,Low Risk,NORMAL,1158.79,2080.8518162288037,922.0618162288038,64,6,1158.79,3,5,4,4.0,35
16185.0,29.49224124400845,Regular,Potential_Loyalists,Low Risk,NORMAL,529.4100000000001,584.810579929278,55.40057992927791,17,2,529.4100000000001,4,3,3,3.3,43
16186.0,49.292069741358254,High-Value,Loyal_Customers,Low Risk,HIGH,4006.940000000001,6733.345856970466,2726.4058569704653,23,12,4006.940000000001,4,5,5,4.7,45
16187.0,50.01612836086212,High-Value,Loyal_Customers,Low Risk,HIGH,6911.4400000000005,8669.098879335132,1757.6588793351311,32,15,6911.4400000000005,4,5,5,4.7,45
16188.0,34.885912074525315,Regular,Loyal_Customers,Low Risk,NORMAL,981.86,1637.279923519154,655.4199235191539,45,4,981.86,3,4,4,3.7,34
16189.0,18.917682356399823,Regular,Potential_Loyalists,Low Risk,NORMAL,215.48,-951.2585631699222,-1166.7385631699221,16,2,215.48,4,3,1,2.5,43
16190.0,11.467367465227472,Regular,About_to_Sleep,Medium Risk,NORMAL,215.08,-818.4266390840712,-1033.5066390840711,40,1,215.08,3,2,1,1.9,32
16191.0,53.32740098156569,High-Value,Champions,Low Risk,HIGH,5180.52,7496.171953820291,2315.65195382029,3,13,5180.52,5,5,5,5.0,55
16193.0,9.3280476333155,Regular,Hibernating,High Risk,MEDIUM,314.45000000000005,145.8429748344795,-168.60702516552055,237,1,314.45000000000005,1,2,2,1.7,12
16198.0,12.97299818166786,Regular,Hibernating,Medium Risk,NORMAL,400.681,-135.0041666083008,-535.6851666083007,75,1,400.681,2,2,2,2.0,22
16200.0,38.58368440936684,Regular,Potential_Loyalists,Low Risk,NORMAL,1080.62,1497.6505372260324,417.0305372260325,4,2,1080.62,5,3,4,4.0,53
16201.0,42.47815737892622,Regular,Champions,Low Risk,NORMAL,1863.4700000000005,1883.895490246802,20.425490246801473,3,4,1863.4700000000005,5,4,4,4.300000000000001,54
16202.0,9.460993313295376,Regular,Hibernating,High Risk,MEDIUM,365.27,501.2700009055359,136.0000009055359,361,1,365.27,1,2,2,1.7,12
16203.0,29.614178698137998,Regular,Loyal_Customers,Low Risk,NORMAL,592.9,910.8073832439918,317.90738324399183,59,4,592.9,3,4,3,3.3,34
16204.0,20.554522060263928,Regular,Potential_Loyalists,Medium Risk,NORMAL,405.71,82.94793027490664,-322.76206972509334,23,1,405.71,4,2,2,2.6,42
16205.0,33.40279635227507,Regular,Loyal_Customers,Low Risk,NORMAL,761.38,1014.0507377167075,252.67073771670755,31,4,761.38,4,4,3,3.6,44
16206.0,29.60989012781607,Regular,Loyal_Customers,Low Risk,NORMAL,537.0600000000001,899.341995306216,362.2819953062159,55,4,537.0600000000001,3,4,3,3.3,34
16207.0,20.556666345424894,Regular,Potential_Loyalists,Medium Risk,NORMAL,394.38,88.68062424379491,-305.6993757562051,25,1,394.38,4,2,2,2.6,42
16208.0,25.703623589871388,Regular,Need_Attention,Low Risk,NORMAL,664.26,481.5672254565618,-182.6927745434382,45,2,664.26,3,3,3,3.0,33
16209.0,36.639328519616555,High-Value,At_Risk,Low Risk,HIGH,2262.6199999999994,2983.1514853564768,720.5314853564773,89,5,2262.6199999999994,2,4,5,3.8,24
16210.0,54.51701106611774,High-Value,Champions,Low Risk,HIGH,21086.300000000003,10676.56543934363,-10409.734560656372,2,18,21086.300000000003,5,5,5,5.0,55
16211.0,18.2747515503087,Regular,Hibernating,Medium Risk,NORMAL,547.0200000000001,671.7260892312929,124.70608923129282,89,1,547.0200000000001,2,2,3,2.4000000000000004,22
16212.0,29.494385529169417,Regular,Potential_Loyalists,Low Risk,NORMAL,690.3399999999999,590.543273898166,-99.79672610183388,19,2,690.3399999999999,4,3,3,3.3,43
16213.0,7.690543379475717,Regular,Hibernating,Medium Risk,NORMAL,159.0,-890.140176727903,-1049.140176727903,79,1,159.0,2,2,1,1.6,22
16214.0,30.964227947849064,Regular,At_Risk,Medium Risk,NORMAL,1062.75,1178.2866070203938,115.53660702039383,171,3,1062.75,2,4,4,3.4,24
16215.0,7.692687664636683,Regular,Hibernating,Medium Risk,NORMAL,242.35,-884.407482759015,-1126.757482759015,81,1,242.35,2,2,1,1.6,22
16216.0,14.646955283244061,Regular,Hibernating,High Risk,MEDIUM,914.9299999999998,998.4347824251779,83.50478242517806,267,1,914.9299999999998,1,2,3,2.1,12
16217.0,12.983312014867881,Regular,At_Risk,Medium Risk,NORMAL,304.25000000000006,-107.4303856307514,-411.68038563075146,235,2,304.25000000000006,1,3,2,2.0,13
16218.0,48.1088925122891,High-Value,Loyal_Customers,Low Risk,HIGH,3084.68,3570.150453353791,485.4704533537911,30,7,3084.68,4,5,5,4.7,45
16221.0,29.35245511594087,Regular,Loyal_Customers,Low Risk,NORMAL,864.86,211.09578308466712,-653.7642169153329,37,3,864.86,3,4,3,3.3,34
16222.0,14.701634554848688,Regular,Hibernating,High Risk,MEDIUM,846.72,1144.618478631822,297.89847863182194,318,1,846.72,1,2,3,2.1,12
16224.0,34.89877778549111,Regular,Loyal_Customers,Low Risk,NORMAL,1295.3,1671.6760873324818,376.3760873324818,57,4,1295.3,3,4,4,3.7,34
16225.0,35.12404851995183,Regular,Loyal_Customers,Low Risk,NORMAL,1096.3200000000002,2273.931890020711,1177.6118900207107,45,5,1096.3200000000002,3,4,4,3.7,34
16226.0,16.606412119005775,Regular,At_Risk,Medium Risk,NORMAL,255.12,-446.6941556293024,-701.8141556293024,203,3,255.12,1,4,2,2.3,14
16227.0,9.315181922349703,Regular,Hibernating,High Risk,MEDIUM,314.22,111.44681102115169,-202.77318897884834,225,1,314.22,1,2,2,1.7,12
16229.0,27.216759304375156,Regular,At_Risk,Low Risk,NORMAL,1010.5999999999998,1185.0541268234408,174.45412682344102,87,2,1010.5999999999998,2,3,4,3.1,23
16230.0,18.22180897126023,Regular,At_Risk,Medium Risk,NORMAL,542.03,530.1853981266463,-11.844601873353668,190,2,542.03,1,3,3,2.4000000000000004,13
16232.0,34.88483993194483,Regular,Loyal_Customers,Low Risk,NORMAL,990.88,1634.4135765347098,643.5335765347098,44,4,990.88,3,4,4,3.7,34
16233.0,29.388907963677287,Regular,Loyal_Customers,Low Risk,NORMAL,536.68,308.55158055576317,-228.12841944423678,71,3,536.68,3,4,3,3.3,34
16235.0,29.833016577115814,Regular,Loyal_Customers,Low Risk,NORMAL,867.3099999999998,1495.8651040255565,628.5551040255567,41,5,867.3099999999998,3,4,3,3.3,34
16236.0,12.97621460940931,Regular,Hibernating,Medium Risk,NORMAL,432.19999999999993,-126.40512565496886,-558.6051256549688,78,1,432.19999999999993,2,2,2,2.0,22
16239.0,20.429745928323108,Regular,Need_Attention,Low Risk,NORMAL,414.2,-250.63800878748805,-664.838008787488,57,2,414.2,3,3,2,2.6,33
16240.0,40.07323298709998,High-Value,Potential_Loyalists,Low Risk,HIGH,3718.8,2138.077804935143,-1580.7221950648573,24,2,3718.8,4,3,5,4.1,43
16241.0,53.33490597962907,High-Value,Champions,Low Risk,HIGH,2607.8700000000003,7516.236382711399,4908.366382711398,10,13,2607.8700000000003,5,5,5,5.0,55
16242.0,51.903943021909065,High-Value,Champions,Low Risk,HIGH,3603.21,3690.5918897331703,87.38188973317028,8,7,3603.21,5,5,5,5.0,55
16243.0,20.405086648972,Regular,Need_Attention,Low Risk,NORMAL,409.1,-316.5639894297002,-725.6639894297002,34,2,409.1,3,3,2,2.6,33
16244.0,23.532139480544924,Regular,At_Risk,Medium Risk,NORMAL,1522.75,1359.8464298417928,-162.90357015820723,212,2,1522.75,1,3,4,2.8,13
16245.0,38.44389828129926,Regular,Loyal_Customers,Low Risk,NORMAL,1413.66,1123.9357403814213,-289.7242596185788,24,3,1413.66,4,4,4,4.0,44
16247.0,7.78810835429966,Regular,Hibernating,High Risk,MEDIUM,114.56,-629.3026011434988,-743.8626011434988,170,1,114.56,2,2,1,1.6,22
16248.0,11.490954601998094,Regular,About_to_Sleep,Medium Risk,NORMAL,152.94,-755.3670054263031,-908.307005426303,62,1,152.94,3,2,1,1.9,32
16249.0,35.132625660595686,Regular,Loyal_Customers,Low Risk,NORMAL,1800.0700000000002,2296.862665896262,496.79266589626195,53,5,1800.0700000000002,3,4,4,3.7,34
16250.0,13.011187721960436,Regular,At_Risk,Medium Risk,NORMAL,389.44,-32.90536403520741,-422.3453640352074,261,2,389.44,1,3,2,2.0,13
16253.0,36.30069747167016,High-Value,Need_Attention,Low Risk,HIGH,3683.86,2077.8296552290867,-1606.0303447709134,67,2,3683.86,3,3,5,3.8,33
16255.0,48.33309110416933,High-Value,Loyal_Customers,Low Risk,HIGH,2619.91,4169.539909057576,1549.6299090575758,17,8,2619.91,4,5,5,4.7,45
16256.0,14.646955283244061,Regular,Hibernating,High Risk,MEDIUM,752.4300000000002,998.4347824251779,246.00478242517772,267,1,752.4300000000002,1,2,3,2.1,12
16257.0,7.7956133523630395,Regular,Hibernating,High Risk,MEDIUM,46.95,-609.2381722523908,-656.1881722523908,177,1,46.95,2,2,1,1.6,22
16258.0,40.410791892465895,High-Value,Loyal_Customers,Low Risk,HIGH,5203.510000000001,3040.533288078089,-2162.9767119219123,45,5,5203.510000000001,3,4,5,4.1,34
16260.0,27.33939115115501,Regular,About_to_Sleep,Medium Risk,NORMAL,1035.45,1512.9073719169476,477.4573719169475,51,1,1035.45,3,2,4,3.1,32
16261.0,33.38778635614831,Regular,Loyal_Customers,Low Risk,NORMAL,746.83,973.9218799344915,227.09187993449143,17,4,746.83,4,4,3,3.6,44
16265.0,52.381288055342566,High-Value,Champions,Low Risk,HIGH,5447.0,4966.762169720728,-480.2378302792722,9,9,5447.0,5,5,5,5.0,55
16266.0,29.945304748021023,Regular,Cant_Loose,Low Risk,NORMAL,861.8899999999999,1796.064784480274,934.1747844802742,74,7,861.8899999999999,2,5,3,3.3000000000000003,25
16268.0,25.731499296963943,Regular,Need_Attention,Low Risk,NORMAL,667.6500000000001,556.0922470521059,-111.55775294789419,71,2,667.6500000000001,3,3,3,3.0,33
16270.0,20.025902917679662,Regular,Hibernating,High Risk,MEDIUM,1141.2399999999996,2011.5420211447406,870.302021144741,353,1,1141.2399999999996,1,2,4,2.5,12
16271.0,42.716293824352725,Regular,Champions,Low Risk,NORMAL,1429.2400000000002,2520.547456748359,1091.3074567483586,3,5,1429.2400000000002,5,4,4,4.300000000000001,54
16272.0,13.018028170048142,Regular,Hibernating,High Risk,MEDIUM,411.7,-14.6175932616527,-426.3175932616527,117,1,411.7,2,2,2,2.0,22
16274.0,9.47385902426117,Regular,Hibernating,High Risk,MEDIUM,357.94999999999993,535.6661647188641,177.7161647188642,373,1,357.94999999999993,1,2,2,1.7,12
16275.0,14.57190530261026,Regular,Hibernating,High Risk,MEDIUM,559.87,797.7904935140975,237.92049351409753,197,1,559.87,1,2,3,2.1,12
16276.0,18.369100097391193,Regular,Hibernating,High Risk,MEDIUM,810.6000000000001,923.9646238623652,113.36462386236508,177,1,810.6000000000001,2,2,3,2.4000000000000004,22
16278.0,18.28654511869401,Regular,Hibernating,High Risk,MEDIUM,566.38,703.255906060177,136.87590606017704,100,1,566.38,2,2,3,2.4000000000000004,22
16279.0,38.44068185355781,Regular,Loyal_Customers,Low Risk,NORMAL,1509.5800000000002,1115.3366994280893,-394.2433005719108,21,3,1509.5800000000002,4,4,4,4.0,44
16281.0,32.648649517859226,High-Value,About_to_Sleep,Medium Risk,HIGH,2062.0600000000004,2339.7020566476494,277.64205664764904,72,1,2062.0600000000004,3,2,5,3.5,32
16282.0,4.151734946591158,Regular,Hibernating,High Risk,MEDIUM,168.3,-325.52468382516645,-493.82468382516646,340,1,168.3,1,2,1,1.2999999999999998,12
16283.0,42.719510252094175,Regular,Champions,Low Risk,NORMAL,1570.81,2529.1464977016904,958.3364977016904,6,5,1570.81,5,4,4,4.300000000000001,54
16284.0,29.50725124013521,Regular,Potential_Loyalists,Low Risk,NORMAL,823.97,624.9394377114941,-199.03056228850596,31,2,823.97,4,3,3,3.3,43
16287.0,7.78810835429966,Regular,Hibernating,High Risk,MEDIUM,142.5,-629.3026011434988,-771.8026011434988,170,1,142.5,2,2,1,1.6,22
16292.0,13.023388882950556,Regular,Hibernating,High Risk,MEDIUM,302.25,-0.285858339432707,-302.5358583394327,122,1,302.25,2,2,2,2.0,22
16293.0,48.81472470792475,High-Value,Loyal_Customers,Low Risk,HIGH,2248.99,5457.175576982909,3208.185576982909,22,10,2248.99,4,5,5,4.7,45
16295.0,42.4856623769896,Regular,Champions,Low Risk,NORMAL,1328.5500000000004,1903.9599191379095,575.4099191379091,10,4,1328.5500000000004,5,4,4,4.300000000000001,54
16297.0,9.362356195890952,Regular,Hibernating,High Risk,MEDIUM,301.90000000000003,237.56607833668772,-64.33392166331231,269,1,301.90000000000003,1,2,2,1.7,12
16298.0,33.156082766204705,Regular,Loyal_Customers,Low Risk,NORMAL,598.1999999999999,354.4679953395987,-243.73200466040123,23,3,598.1999999999999,4,4,3,3.6,44
16302.0,7.742006223338896,Regular,Hibernating,High Risk,MEDIUM,233.22,-752.5555214745909,-985.775521474591,127,1,233.22,2,2,1,1.6,22
16303.0,43.73278593897431,High-Value,Loyal_Customers,Low Risk,HIGH,5360.630000000001,1896.269832407687,-3464.3601675923137,26,3,5360.630000000001,4,4,5,4.4,44
16305.0,13.041615306818764,Regular,Hibernating,High Risk,MEDIUM,361.2199999999999,48.44204039611532,-312.7779596038846,139,1,361.2199999999999,2,2,2,2.0,22
16306.0,26.038630617471526,Regular,Cant_Loose,Medium Risk,NORMAL,632.27,1377.2003257637296,744.9303257637296,214,6,632.27,1,5,3,3.0,15
16308.0,40.16515044897601,High-Value,Loyal_Customers,Low Risk,HIGH,2560.0,2383.816892685424,-176.18310731457586,38,4,2560.0,3,4,5,4.1,34
16309.0,21.950386640890258,Regular,At_Risk,Medium Risk,NORMAL,706.57,472.9133214704982,-233.65667852950185,106,2,706.57,2,3,3,2.7,23
16311.0,29.493313386588934,Regular,Potential_Loyalists,Low Risk,NORMAL,616.26,587.6769269137219,-28.58307308627809,18,2,616.26,4,3,3,3.3,43
16313.0,28.00912552175821,Regular,Potential_Loyalists,Low Risk,NORMAL,274.15000000000003,-38.41860587316819,-312.5686058731682,3,2,274.15000000000003,5,3,2,3.2,53
16315.0,4.142085663366812,Regular,Hibernating,High Risk,MEDIUM,226.37,-351.3218066851623,-577.6918066851623,331,1,226.37,1,2,1,1.2999999999999998,12
16316.0,44.564844159061444,High-Value,Loyal_Customers,Low Risk,HIGH,2938.91,4120.757147289295,1181.8471472892952,64,8,2938.91,3,5,5,4.4,35
16317.0,30.909548676244437,Regular,At_Risk,Medium Risk,NORMAL,1341.65,1032.1029108137498,-309.54708918625033,120,3,1341.65,2,4,4,3.4,24
16318.0,16.74875012483913,Regular,About_to_Sleep,Medium Risk,NORMAL,328.15,-66.15697594891299,-394.30697594891296,35,1,328.15,3,2,2,2.3,32
16319.0,9.307676924286323,Regular,Hibernating,High Risk,MEDIUM,404.4,91.38238213004365,-313.0176178699563,218,1,404.4,1,2,2,1.7,12
16320.0,27.3078914237162,Regular,At_Risk,Medium Risk,NORMAL,1038.46,1428.693620501181,390.2336205011809,172,2,1038.46,2,3,4,3.1,23
16321.0,24.579509624596703,Regular,Loyal_Customers,Low Risk,NORMAL,373.65,818.1204624859422,444.4704624859422,72,5,373.65,3,4,2,2.8999999999999995,34
16322.0,28.006981236597245,Regular,Potential_Loyalists,Low Risk,NORMAL,326.74999999999994,-44.15129984205623,-370.9012998420562,1,2,326.74999999999994,5,3,2,3.2,53
16323.0,3.9973464150016227,Regular,Hibernating,High Risk,MEDIUM,207.50000000000003,-738.2786495851027,-945.7786495851027,196,1,207.50000000000003,1,2,1,1.2999999999999998,12
16324.0,20.34463907186015,Regular,At_Risk,Medium Risk,NORMAL,428.68,-478.16910942545485,-906.8491094254548,128,3,428.68,2,4,2,2.6,24
16325.0,29.3631765417457,Regular,Loyal_Customers,Low Risk,NORMAL,594.24,239.7592529291071,-354.4807470708929,47,3,594.24,3,4,3,3.3,34
16326.0,53.56875385473365,High-Value,Champions,Low Risk,HIGH,3110.96,8141.422961275181,5030.4629612751805,6,14,3110.96,5,5,5,5.0,55
16327.0,47.85360178557487,High-Value,Loyal_Customers,Low Risk,HIGH,3844.22,2887.63693510113,-956.5830648988699,14,6,3844.22,4,5,5,4.7,45
16330.0,27.863978680788215,Regular,Loyal_Customers,Low Risk,NORMAL,251.91,-426.46513763999917,-678.3751376399991,18,3,251.91,4,4,2,3.2,44
16332.0,42.82000485461407,Regular,Loyal_Customers,Low Risk,NORMAL,1593.2,2797.8163613275237,1204.6163613275237,28,7,1593.2,4,5,4,4.300000000000001,45
16333.0,55.47598970330667,High-Value,Champions,Low Risk,HIGH,26626.8,13240.37138725652,-13386.428612743479,8,22,26626.8,5,5,5,5.0,55
16337.0,11.464151037486022,Regular,About_to_Sleep,Medium Risk,NORMAL,151.05,-827.0256800374032,-978.0756800374031,37,1,151.05,3,2,1,1.9,32
16338.0,7.774170500753383,Regular,Hibernating,High Risk,MEDIUM,214.8,-666.5651119412709,-881.3651119412709,157,1,214.8,2,2,1,1.6,22
16339.0,4.091694962084117,Regular,Hibernating,High Risk,MEDIUM,109.95000000000002,-486.0401149540305,-595.9901149540306,284,1,109.95000000000002,1,2,1,1.2999999999999998,12
16340.0,18.29405011675739,Regular,Hibernating,High Risk,MEDIUM,549.07,723.3203349512851,174.25033495128503,107,1,549.07,2,2,3,2.4000000000000004,22
16341.0,38.68310686930625,Regular,Loyal_Customers,Low Risk,NORMAL,1971.87,1763.454053867422,-208.4159461325778,25,4,1971.87,4,4,4,4.0,44
16342.0,20.525951960521066,Regular,At_Risk,Low Risk,NORMAL,322.41,6.5664669005698215,-315.8435330994302,75,4,322.41,2,4,2,2.6,24
16343.0,24.20442572891389,Regular,Potential_Loyalists,Low Risk,NORMAL,370.48,-184.65716511254425,-555.1371651125443,16,2,370.48,4,3,2,2.8999999999999995,43
16344.0,7.775242643333865,Regular,Hibernating,High Risk,MEDIUM,101.1,-663.6987649568268,-764.7987649568269,158,1,101.1,2,2,1,1.6,22
16345.0,22.04514278057756,Regular,About_to_Sleep,Medium Risk,NORMAL,575.4100000000001,726.2415449684611,150.831544968461,44,1,575.4100000000001,3,2,3,2.7,32
16347.0,33.30444603491615,Regular,Potential_Loyalists,Low Risk,NORMAL,887.6500000000001,751.1135680597617,-136.53643194023834,11,2,887.6500000000001,5,3,3,3.6,53
16348.0,42.824293424936,Regular,Loyal_Customers,Low Risk,NORMAL,1469.45,2809.2817492653003,1339.8317492653002,32,7,1469.45,4,5,4,4.300000000000001,45
16349.0,4.099199960147496,Regular,Hibernating,High Risk,MEDIUM,53.5,-465.9756860629225,-519.4756860629225,291,1,53.5,1,2,1,1.2999999999999998,12
16350.0,38.67881829898432,Regular,Loyal_Customers,Low Risk,NORMAL,1116.47,1751.988665929646,635.518665929646,21,4,1116.47,4,4,4,4.0,44
16351.0,4.144229948527777,Regular,Hibernating,High Risk,MEDIUM,153.9,-345.5891127162745,-499.48911271627446,333,1,153.9,1,2,1,1.2999999999999998,12
16352.0,29.493313386588934,Regular,Potential_Loyalists,Low Risk,NORMAL,494.44,587.6769269137219,93.2369269137219,18,2,494.44,4,3,3,3.3,43
16353.0,55.70983757841124,High-Value,Champions,Low Risk,HIGH,6675.710000000001,13865.5579658203,7189.8479658203,4,23,6675.710000000001,5,5,5,5.0,55
16354.0,20.436178783806003,Regular,Need_Attention,Low Risk,NORMAL,395.8,-233.43992688082403,-629.239926880824,63,2,395.8,3,3,2,2.6,33
16356.0,11.314308033589286,Regular,At_Risk,Medium Risk,NORMAL,211.77,-1227.6272886089005,-1439.3972886089005,198,3,211.77,1,4,1,1.9,14
16357.0,33.16680419200953,Regular,Loyal_Customers,Low Risk,NORMAL,658.88,383.1314651840389,-275.7485348159611,33,3,658.88,4,4,3,3.6,44
16358.0,42.47601309376525,Regular,Champions,Low Risk,NORMAL,2027.5,1878.1627962779137,-149.33720372208631,1,4,2027.5,5,4,4,4.300000000000001,54
16359.0,47.09240039766751,Regular,Champions,Low Risk,NORMAL,1750.9200000000003,4194.4280776944615,2443.5080776944615,7,9,1750.9200000000003,5,5,4,4.6,55
16360.0,51.66259014874111,High-Value,Champions,Low Risk,HIGH,3512.53,3045.340882278282,-467.18911772171805,5,6,3512.53,5,5,5,5.0,55
16361.0,37.19891900447552,Regular,Champions,Low Risk,NORMAL,896.6600000000001,1137.3585210805315,240.69852108053146,10,4,896.6600000000001,5,4,3,3.9,54
16362.0,33.642004940282064,Regular,Loyal_Customers,Low Risk,NORMAL,734.77,1653.5690512027084,918.7990512027084,32,5,734.77,4,4,3,3.6,44
16363.0,11.48130531877375,Regular,About_to_Sleep,Medium Risk,NORMAL,109.36,-781.1641282862992,-890.5241282862992,53,1,109.36,3,2,1,1.9,32
16364.0,33.30551817749663,Regular,Potential_Loyalists,Low Risk,NORMAL,707.0399999999998,753.9799150442057,46.939915044205804,12,2,707.0399999999998,5,3,3,3.6,53
16365.0,43.28555631966225,Regular,Loyal_Customers,Low Risk,NORMAL,1540.42,4042.4568244861975,2502.0368244861975,18,9,1540.42,4,5,4,4.300000000000001,45
16366.0,20.550233489941995,Regular,Potential_Loyalists,Medium Risk,NORMAL,327.3,71.48254233713078,-255.81745766286923,19,1,327.3,4,2,2,2.6,42
16367.0,25.695046449227522,Regular,Need_Attention,Low Risk,NORMAL,804.49,458.63644958100986,-345.85355041899015,37,2,804.49,3,3,3,3.0,33
16368.0,33.2947967516918,Regular,Potential_Loyalists,Low Risk,NORMAL,497.43,725.3164451997657,227.88644519976566,2,2,497.43,5,3,3,3.6,53
16369.0,38.43746542581636,Regular,Loyal_Customers,Low Risk,NORMAL,1553.66,1106.7376584747574,-446.9223415252427,18,3,1553.66,4,4,4,4.0,44
16370.0,31.106943703612597,Regular,At_Risk,Low Risk,NORMAL,1320.56,1559.8336919064338,239.2736919064339,82,4,1320.56,2,4,4,3.4,24
16372.0,24.2226521527821,Regular,Potential_Loyalists,Low Risk,NORMAL,367.93,-135.9292663769961,-503.8592663769961,33,2,367.93,4,3,2,2.8999999999999995,43
16374.0,20.439395211547453,Regular,Need_Attention,Low Risk,NORMAL,473.03,-224.84088592749208,-697.870885927492,66,2,473.03,3,3,2,2.6,33
16376.0,38.589045122269255,Regular,Potential_Loyalists,Low Risk,NORMAL,987.01,1511.9822721482522,524.9722721482522,9,2,987.01,5,3,4,4.0,53
16377.0,14.646955283244061,Regular,Hibernating,High Risk,MEDIUM,676.2,998.4347824251779,322.23478242517785,267,1,676.2,1,2,3,2.1,12
16378.0,16.653586392547023,Regular,At_Risk,Medium Risk,NORMAL,362.9500000000001,-320.57488831376634,-683.5248883137665,247,3,362.9500000000001,1,4,2,2.3,14
16379.0,47.76597289402077,High-Value,Champions,Low Risk,HIGH,2157.4000000000005,2653.3632352886243,495.96323528862376,4,4,2157.4000000000005,5,4,5,4.7,54
16380.0,27.35011257695984,Regular,About_to_Sleep,Medium Risk,NORMAL,1780.59,1541.5708417613876,-239.01915823861236,61,1,1780.59,3,2,4,3.1,32
16383.0,21.917150220895287,Regular,At_Risk,Low Risk,NORMAL,668.3599999999998,384.0565649527341,-284.3034350472657,75,2,668.3599999999998,2,3,3,2.7,23
16384.0,21.93323235960253,Regular,At_Risk,Low Risk,NORMAL,584.5,427.0517697193943,-157.44823028060569,90,2,584.5,2,3,3,2.7,23
16385.0,29.377114395291976,Regular,Loyal_Customers,Low Risk,NORMAL,555.89,277.02176372687904,-278.86823627312094,60,3,555.89,3,4,3,3.3,34
16386.0,24.218363582460167,Regular,Potential_Loyalists,Low Risk,NORMAL,317.2,-147.3946543147722,-464.5946543147722,29,2,317.2,4,3,2,2.8999999999999995,43
16387.0,4.133508522722948,Regular,Hibernating,High Risk,MEDIUM,94.36,-374.2525825607145,-468.6125825607145,323,1,94.36,1,2,1,1.2999999999999998,12
16389.0,34.89448921516918,Regular,Loyal_Customers,Low Risk,NORMAL,1382.0699999999997,1660.2106993947057,278.14069939470596,53,4,1382.0699999999997,3,4,4,3.7,34
16392.0,4.076684965957356,Regular,Hibernating,High Risk,MEDIUM,221.19,-526.1689727362465,-747.3589727362464,270,1,221.19,1,2,1,1.2999999999999998,12
16393.0,53.326328838985205,High-Value,Champions,Low Risk,HIGH,3046.21,7493.3056068358455,4447.0956068358455,2,13,3046.21,5,5,5,5.0,55
16394.0,35.13691423091762,Regular,Loyal_Customers,Low Risk,NORMAL,1555.34,2308.3280538340387,752.9880538340387,57,5,1555.34,3,4,4,3.7,34
16395.0,35.14120280123955,Regular,Loyal_Customers,Low Risk,NORMAL,1486.9,2319.7934417718143,832.8934417718142,61,5,1486.9,3,4,4,3.7,34
16398.0,27.288592857267506,Regular,At_Risk,Medium Risk,NORMAL,1705.8,1377.0993747811888,-328.7006252188112,154,2,1705.8,2,3,4,3.1,23
16399.0,24.20764215665534,Regular,Potential_Loyalists,Low Risk,NORMAL,408.57,-176.05812415921218,-584.6281241592121,19,2,408.57,4,3,2,2.8999999999999995,43
16400.0,12.994441033277518,Regular,Hibernating,High Risk,MEDIUM,303.93,-77.67722691942072,-381.6072269194207,95,1,303.93,2,2,2,2.0,22
16401.0,53.08712025097822,High-Value,Champions,Low Risk,HIGH,4098.32,6853.787293349846,2755.467293349846,1,12,4098.32,5,5,5,5.0,55
16402.0,13.015476292282369,Regular,At_Risk,Medium Risk,NORMAL,299.6,-21.439976097431327,-321.03997609743135,265,2,299.6,1,3,2,2.0,13
16403.0,4.121714954337637,Regular,Hibernating,High Risk,MEDIUM,177.5,-405.78239938959837,-583.2823993895984,312,1,177.5,1,2,1,1.2999999999999998,12
16404.0,16.78627511515603,Regular,About_to_Sleep,Medium Risk,NORMAL,443.05000000000007,34.1651685066272,-408.8848314933729,70,1,443.05000000000007,3,2,2,2.3,32
16405.0,7.768402195246161,Regular,At_Risk,Medium Risk,NORMAL,167.25,-681.9865357303815,-849.2365357303815,302,2,167.25,1,3,1,1.6,13
16406.0,15.263490117427922,Regular,Potential_Loyalists,Medium Risk,NORMAL,163.07000000000002,-695.1188557202472,-858.1888557202473,19,1,163.07000000000002,4,2,1,2.2,42
16407.0,52.623713071091,High-Value,Champions,Low Risk,HIGH,2126.9300000000003,5614.87952416006,3487.94952416006,13,10,2126.9300000000003,5,5,5,5.0,55
16409.0,35.11439923672748,Regular,Loyal_Customers,Low Risk,NORMAL,2028.88,2248.1347671607145,219.25476716071444,36,5,2028.88,3,4,4,3.7,34
16411.0,18.92089878414127,Regular,Potential_Loyalists,Low Risk,NORMAL,214.65,-942.6595222165902,-1157.3095222165903,19,2,214.65,4,3,1,2.5,43
16412.0,11.48237746135423,Regular,About_to_Sleep,Medium Risk,NORMAL,151.83,-778.2977813018551,-930.1277813018552,54,1,151.83,3,2,1,1.9,32
16413.0,16.772337261609753,Regular,About_to_Sleep,Medium Risk,NORMAL,262.2,-3.097342291144969,-265.29734229114496,57,1,262.2,3,2,2,2.3,32
16414.0,18.924115211882718,Regular,Potential_Loyalists,Low Risk,NORMAL,126.25,-934.0604812632582,-1060.3104812632582,22,2,126.25,4,3,1,2.5,43
16415.0,11.471656035549403,Regular,About_to_Sleep,Medium Risk,NORMAL,210.35,-806.9612511462951,-1017.3112511462951,44,1,210.35,3,2,1,1.9,32
16416.0,38.44711470904071,Regular,Loyal_Customers,Low Risk,NORMAL,1051.4,1132.5347813347532,81.13478133475314,27,3,1051.4,4,4,4,4.0,44
16418.0,29.361032256584732,Regular,Loyal_Customers,Low Risk,NORMAL,675.2700000000002,234.02655896021906,-441.24344103978115,45,3,675.2700000000002,3,4,3,3.3,34
16419.0,35.03572523574742,Regular,Cant_Loose,Medium Risk,NORMAL,972.23,2037.8017484294116,1065.5717484294116,113,6,972.23,2,5,4,3.7,25
16422.0,58.572958257509114,High-Value,Loyal_Customers,Low Risk,HIGH,34684.4,31545.574468624513,-3138.825531375489,17,51,34684.4,4,5,5,4.7,45
16423.0,20.556666345424894,Regular,Potential_Loyalists,Medium Risk,NORMAL,346.12,88.68062424379491,-257.4393757562051,25,1,346.12,4,2,2,2.6,42
16424.0,3.991985702099208,Regular,Hibernating,High Risk,MEDIUM,133.56,-752.6103845073227,-886.1703845073228,191,1,133.56,1,2,1,1.2999999999999998,12
16425.0,9.397736901046885,Regular,Hibernating,High Risk,MEDIUM,302.69999999999993,332.15552882333964,29.455528823339705,302,1,302.69999999999993,1,2,2,1.7,12
16426.0,47.32517613019161,Regular,Champions,Low Risk,NORMAL,1908.25,4816.748309273798,2908.4983092737984,2,10,1908.25,5,5,4,4.6,55
16427.0,7.726588634607328,Regular,At_Risk,Medium Risk,NORMAL,241.06,-793.7740681236975,-1034.8340681236975,263,2,241.06,1,3,1,1.6,13
16429.0,13.006234601662829,Regular,Hibernating,High Risk,MEDIUM,284.55,-46.14741009053682,-330.69741009053683,106,1,284.55,2,2,2,2.0,22
16430.0,16.772337261609753,Regular,About_to_Sleep,Medium Risk,NORMAL,300.85,-3.097342291144969,-303.947342291145,57,1,300.85,3,2,2,2.3,32
16431.0,21.903876917324688,Regular,At_Risk,Medium Risk,NORMAL,642.8100000000001,348.5707122725155,-294.23928772748457,213,3,642.8100000000001,1,4,3,2.7,14
16432.0,16.779842259673135,Regular,About_to_Sleep,Medium Risk,NORMAL,287.4,16.967086599963068,-270.4329134000369,64,1,287.4,3,2,2,2.3,32
16433.0,15.27313940065227,Regular,Potential_Loyalists,Medium Risk,NORMAL,184.26,-669.3217328602512,-853.5817328602512,28,1,184.26,4,2,1,2.2,42
16434.0,42.82107699719455,Regular,Loyal_Customers,Low Risk,NORMAL,1522.2500000000002,2800.682708311968,1278.4327083119676,29,7,1522.2500000000002,4,5,4,4.300000000000001,45
16438.0,37.43276687958009,Regular,Champions,Low Risk,NORMAL,798.35,1762.5450996443121,964.1950996443121,6,5,798.35,5,4,3,3.9,54
16440.0,48.00839790976921,High-Value,Champions,Low Risk,HIGH,3640.67,3301.4805897279566,-339.18941027204346,8,5,3640.67,5,4,5,4.7,54
16441.0,20.440467354127936,Regular,Need_Attention,Low Risk,NORMAL,381.2,-221.97453894304806,-603.174538943048,67,2,381.2,3,3,2,2.6,33
16442.0,36.95220541840515,Regular,Champions,Low Risk,NORMAL,616.79,477.77577870342316,-139.0142212965768,2,3,616.79,5,4,3,3.9,54
16444.0,29.60024084459172,Regular,Loyal_Customers,Low Risk,NORMAL,654.6700000000001,873.5448724462199,218.8748724462198,46,4,654.6700000000001,3,4,3,3.3,34
16445.0,11.460934609744573,Regular,About_to_Sleep,Medium Risk,NORMAL,230.51,-835.6247209907352,-1066.1347209907353,34,1,230.51,3,2,1,1.9,32
16446.0,43.86721135413948,High-Value,Potential_Loyalists,Low Risk,HIGH,168472.5,2255.652894330078,-166216.84710566993,1,2,168472.5,5,3,5,4.4,53
16447.0,13.038398879077317,Regular,Hibernating,High Risk,MEDIUM,259.01,39.842999442783366,-219.16700055721662,136,1,259.01,2,2,2,2.0,22
16448.0,3.9994907001625886,Regular,Hibernating,High Risk,MEDIUM,188.89,-732.5459556162147,-921.4359556162146,198,1,188.89,1,2,1,1.2999999999999998,12
16449.0,18.230386111904092,Regular,At_Risk,Medium Risk,NORMAL,707.69,553.1161740021982,-154.5738259978018,198,2,707.69,1,3,3,2.4000000000000004,13
16450.0,13.053408875204077,Regular,Hibernating,High Risk,MEDIUM,311.92,79.97185722499944,-231.94814277500058,150,1,311.92,2,2,2,2.0,22
16451.0,12.986936035214137,Regular,Hibernating,Medium Risk,NORMAL,266.97,-97.74165581052875,-364.7116558105288,88,1,266.97,2,2,2,2.0,22
16454.0,15.130136844843237,Regular,Need_Attention,Low Risk,NORMAL,6.9,-1051.6355706581942,-1058.5355706581943,45,2,6.9,3,3,1,2.2,33
16455.0,39.03996434112086,Regular,Loyal_Customers,Low Risk,NORMAL,1841.18,2717.5037827303604,876.3237827303603,64,7,1841.18,3,5,4,4.0,35
16456.0,36.65004994542139,High-Value,At_Risk,Medium Risk,HIGH,2158.3700000000003,3011.814955200917,853.4449552009169,99,5,2158.3700000000003,2,4,5,3.8,24
16457.0,4.020933551772246,Regular,Hibernating,High Risk,MEDIUM,208.36,-675.2190159273347,-883.5790159273347,218,1,208.36,1,2,1,1.2999999999999998,12
16458.0,54.51808320869822,High-Value,Champions,Low Risk,HIGH,3482.7400000000007,10679.431786328074,7196.691786328073,3,18,3482.7400000000007,5,5,5,5.0,55
16460.0,33.16144347910711,Regular,Loyal_Customers,Low Risk,NORMAL,814.72,368.7997302618189,-445.9202697381811,28,3,814.72,4,4,3,3.6,44
16461.0,7.796685494943523,Regular,Hibernating,High Risk,MEDIUM,151.41999999999996,-606.3718252679467,-757.7918252679467,178,1,151.41999999999996,2,2,1,1.6,22
16462.0,15.000000000000002,Regular,At_Risk,Low Risk,NORMAL,136.0,-1399.553244642809,-1535.553244642809,74,3,136.0,2,4,1,2.2,24
16463.0,38.67881829898432,Regular,Loyal_Customers,Low Risk,NORMAL,1422.4,1751.988665929646,329.5886659296459,21,4,1422.4,4,4,4,4.0,44
16464.0,38.43960971097733,Regular,Loyal_Customers,Low Risk,NORMAL,1314.68,1112.4703524436452,-202.20964755635487,20,3,1314.68,4,4,4,4.0,44
16466.0,39.00780006370637,Regular,Loyal_Customers,Low Risk,NORMAL,1603.46,2631.51337319704,1028.05337319704,34,7,1603.46,3,5,4,4.0,35
16468.0,7.685182666573303,Regular,Hibernating,Medium Risk,NORMAL,74.9,-904.471911650123,-979.371911650123,74,1,74.9,2,2,1,1.6,22
16469.0,33.39529135421169,Regular,Loyal_Customers,Low Risk,NORMAL,650.4300000000001,993.9863088255995,343.55630882559944,24,4,650.4300000000001,4,4,3,3.6,44
16470.0,29.60667370007462,Regular,Loyal_Customers,Low Risk,NORMAL,762.3900000000001,890.7429543528838,128.35295435288367,52,4,762.3900000000001,3,4,3,3.3,34
16471.0,4.08204567885977,Regular,Hibernating,High Risk,MEDIUM,223.95,-511.8372378140265,-735.7872378140264,275,1,223.95,1,2,1,1.2999999999999998,12
16473.0,20.384308347338017,Regular,At_Risk,Medium Risk,NORMAL,316.11,-372.11427100102674,-688.2242710010268,165,3,316.11,2,4,2,2.6,24
16474.0,46.6161275068145,Regular,Champions,Low Risk,NORMAL,1871.5,2921.124144691348,1049.6241446913482,7,7,1871.5,5,5,4,4.6,55
16475.0,25.826633186581418,Regular,At_Risk,Low Risk,NORMAL,544.3,810.4303757557198,266.1303757557198,88,4,544.3,2,4,3,3.0,24
16477.0,44.32670771363494,High-Value,Loyal_Customers,Low Risk,HIGH,2494.46,3484.1051807877384,989.6451807877384,64,7,2494.46,3,5,5,4.4,35
16478.0,27.871483678851597,Regular,Loyal_Customers,Low Risk,NORMAL,331.0,-406.40070874889113,-737.4007087488911,25,3,331.0,4,4,2,3.2,44
16479.0,28.016630519821593,Regular,Potential_Loyalists,Low Risk,NORMAL,300.83,-18.354176982060153,-319.18417698206014,10,2,300.83,5,3,2,3.2,53
16480.0,18.260813696762423,Regular,Hibernating,Medium Risk,NORMAL,769.29,634.463578433521,-134.82642156647898,76,1,769.29,2,2,3,2.4000000000000004,22
16482.0,15.260273689686475,Regular,Potential_Loyalists,Medium Risk,NORMAL,220.62,-703.7178966735793,-924.3378966735793,16,1,220.62,4,2,1,2.2,42
16483.0,3.9930578446796914,Regular,Hibernating,High Risk,MEDIUM,139.35,-749.7440375228788,-889.0940375228788,192,1,139.35,1,2,1,1.2999999999999998,12
16484.0,16.73654896384901,Regular,At_Risk,Medium Risk,NORMAL,404.30000000000007,-98.77648164468746,-503.07648164468753,174,2,404.30000000000007,2,3,2,2.3,23
16485.0,12.975142466828826,Regular,Hibernating,Medium Risk,NORMAL,363.65,-129.27147263941288,-492.92147263941285,77,1,363.65,2,2,2,2.0,22
16488.0,33.16680419200953,Regular,Loyal_Customers,Low Risk,NORMAL,498.8,383.1314651840389,-115.6685348159611,33,3,498.8,4,4,3,3.6,44
16491.0,22.048359208319006,Regular,About_to_Sleep,Medium Risk,NORMAL,731.5,734.840585921793,3.3405859217930356,47,1,731.5,3,2,3,2.7,32
16493.0,31.10479941845163,Regular,At_Risk,Low Risk,NORMAL,1351.63,1554.100997937546,202.47099793754592,80,4,1351.63,2,4,4,3.4,24
16494.0,14.679119560658549,Regular,Hibernating,High Risk,MEDIUM,826.5299999999999,1084.4251919584979,257.895191958498,297,1,826.5299999999999,1,2,3,2.1,12
16495.0,36.95327756098563,Regular,Champions,Low Risk,NORMAL,684.41,480.64212568786706,-203.7678743121329,3,3,684.41,5,4,3,3.9,54
16496.0,42.24645378898261,Regular,Champions,Low Risk,NORMAL,1599.52,1264.4416056519092,-335.0783943480908,9,3,1599.52,5,4,4,4.300000000000001,54
16497.0,44.07356127208167,High-Value,Loyal_Customers,Low Risk,HIGH,2965.69,2807.3243565039656,-158.3656434960344,50,6,2965.69,3,5,5,4.4,35
16498.0,11.43586773778866,Regular,At_Risk,Medium Risk,NORMAL,100.97,-902.6403904998378,-1003.6103904998379,161,2,100.97,2,3,1,1.9,23
16499.0,13.117329837428242,Regular,At_Risk,Medium Risk,NORMAL,365.4500000000001,250.86298742474878,-114.58701257525132,360,2,365.4500000000001,1,3,2,2.0,13
16500.0,35.80236003119889,Regular,Champions,Low Risk,NORMAL,400.86,745.536688106147,344.676688106147,5,6,400.86,5,5,2,3.8,55
16503.0,31.13374726812467,Regular,At_Risk,Medium Risk,NORMAL,1431.9299999999998,1631.4923665175345,199.56236651753466,107,4,1431.9299999999998,2,4,4,3.4,24
16504.0,20.556666345424894,Regular,Potential_Loyalists,Medium Risk,NORMAL,484.38,88.68062424379491,-395.6993757562051,25,1,484.38,4,2,2,2.6,42
16505.0,25.85091471600235,Regular,Potential_Loyalists,Medium Risk,NORMAL,777.6,875.3464511922809,97.74645119228092,32,1,777.6,4,2,3,3.0,42
16506.0,18.92197092672175,Regular,Potential_Loyalists,Low Risk,NORMAL,90.3,-939.7931752321462,-1030.0931752321462,20,2,90.3,4,3,1,2.5,43
16509.0,9.392376188144471,Regular,Hibernating,High Risk,MEDIUM,363.7000000000001,317.82379390111987,-45.87620609888023,297,1,363.7000000000001,1,2,2,1.7,12
16510.0,4.18604350916661,Regular,Hibernating,High Risk,MEDIUM,248.1,-233.80158032295822,-481.90158032295824,372,1,248.1,1,2,1,1.2999999999999998,12
16511.0,38.441753996138296,Regular,Loyal_Customers,Low Risk,NORMAL,950.26,1118.2030464125335,167.94304641253348,22,3,950.26,4,4,4,4.0,44
16513.0,37.193558291573105,Regular,Champions,Low Risk,NORMAL,874.5899999999999,1123.0267861583118,248.43678615831186,5,4,874.5899999999999,5,4,3,3.9,54
16515.0,35.1315535180152,Regular,Loyal_Customers,Low Risk,NORMAL,1627.13,2293.996318911819,666.8663189118188,52,5,1627.13,3,4,4,3.7,34
16516.0,15.275283685813235,Regular,Potential_Loyalists,Medium Risk,NORMAL,101.7,-663.5890388913632,-765.2890388913632,30,1,101.7,4,2,1,2.2,42
16517.0,4.084189964020736,Regular,Hibernating,High Risk,MEDIUM,162.70000000000005,-506.10454384513844,-668.8045438451385,277,1,162.70000000000005,1,2,1,1.2999999999999998,12
16518.0,20.434034498645037,Regular,Need_Attention,Low Risk,NORMAL,484.3200000000001,-239.17262084971208,-723.4926208497122,61,2,484.3200000000001,3,3,2,2.6,33
16519.0,18.927331639624168,Regular,Potential_Loyalists,Low Risk,NORMAL,215.08,-925.4614403099262,-1140.5414403099262,25,2,215.08,4,3,1,2.5,43
16520.0,27.16167244016572,Regular,At_Risk,Medium Risk,NORMAL,1046.57,1037.780741749906,-8.789258250094008,186,3,1046.57,1,4,4,3.1,14
16523.0,55.23142040239726,High-Value,Champions,Low Risk,HIGH,9418.47,12586.521338848299,3168.0513388482996,2,21,9418.47,5,5,5,5.0,55
16525.0,56.42210262952979,High-Value,Champions,Low Risk,HIGH,13027.45,15769.781171356084,2742.3311713560834,2,26,13027.45,5,5,5,5.0,55
16526.0,13.0769960119747,Regular,Hibernating,High Risk,MEDIUM,290.36,143.03149088276746,-147.32850911723256,172,1,290.36,2,2,2,2.0,22
16527.0,7.692687664636683,Regular,Hibernating,Medium Risk,NORMAL,228.06000000000003,-884.407482759015,-1112.467482759015,81,1,228.06000000000003,2,2,1,1.6,22
16528.0,19.06604562511127,Regular,Potential_Loyalists,Medium Risk,NORMAL,244.41000000000005,-554.6129904497593,-799.0229904497594,4,1,244.41000000000005,5,2,1,2.5,52
16529.0,9.277656932032803,Regular,Hibernating,High Risk,MEDIUM,455.25,11.124666565611506,-444.1253334343885,190,1,455.25,1,2,2,1.7,12
16531.0,42.81357199913117,Regular,Loyal_Customers,Low Risk,NORMAL,1244.59,2780.61827942086,1536.02827942086,22,7,1244.59,4,5,4,4.300000000000001,45
16532.0,43.724208798330444,High-Value,Loyal_Customers,Low Risk,HIGH,6748.8,1873.3390565321354,-4875.460943467865,18,3,6748.8,4,4,5,4.4,44
16533.0,38.438537568396846,Regular,Loyal_Customers,Low Risk,NORMAL,1095.5600000000002,1109.604005459201,14.04400545920089,19,3,1095.5600000000002,4,4,4,4.0,44
16535.0,29.640604512719904,Regular,Potential_Loyalists,Medium Risk,NORMAL,593.75,981.456152649441,387.70615264944104,5,1,593.75,5,2,3,3.3000000000000003,52
16536.0,18.29726654449884,Regular,Hibernating,High Risk,MEDIUM,548.97,731.919375904617,182.949375904617,110,1,548.97,2,2,3,2.4000000000000004,22
16539.0,42.47815737892622,Regular,Champions,Low Risk,NORMAL,1388.81,1883.895490246802,495.085490246802,3,4,1388.81,5,4,4,4.300000000000001,54
16542.0,11.48237746135423,Regular,About_to_Sleep,Medium Risk,NORMAL,119.62,-778.2977813018551,-897.9177813018551,54,1,119.62,3,2,1,1.9,32
16545.0,13.06949101391132,Regular,Hibernating,High Risk,MEDIUM,339.3,122.96706199165942,-216.3329380083406,165,1,339.3,2,2,2,2.0,22
16546.0,18.330095371889,Regular,At_Risk,Medium Risk,NORMAL,787.15,819.6864435554905,32.536443555490564,291,2,787.15,1,3,3,2.4000000000000004,13
16549.0,52.620496643349554,High-Value,Champions,Low Risk,HIGH,4154.639999999999,5606.280483206729,1451.6404832067292,10,10,4154.639999999999,5,5,5,5.0,55
16550.0,36.66077137122622,High-Value,At_Risk,Medium Risk,HIGH,2298.97,3040.4784250453567,741.508425045357,109,5,2298.97,2,4,5,3.8,24
16551.0,25.597073881798774,Regular,At_Risk,Medium Risk,NORMAL,922.12,196.70918512971502,-725.410814870285,96,3,922.12,2,4,3,3.0,24
16552.0,12.991889155511744,Regular,At_Risk,Medium Risk,NORMAL,379.73,-84.49960975519934,-464.22960975519936,243,2,379.73,1,3,2,2.0,13
16553.0,41.80489440984467,High-Value,Cant_Loose,Medium Risk,HIGH,5719.82,6767.632294718331,1047.812294718331,163,12,5719.82,2,5,5,4.1,25
16554.0,29.357815828843282,Regular,Loyal_Customers,Low Risk,NORMAL,837.0999999999999,225.4275180068871,-611.6724819931128,42,3,837.0999999999999,3,4,3,3.3,34
16555.0,20.406158791552482,Regular,Need_Attention,Low Risk,NORMAL,285.89,-313.6976424452562,-599.5876424452562,35,2,285.89,3,3,2,2.6,33
16556.0,44.32992414137639,High-Value,Loyal_Customers,Low Risk,HIGH,3313.79,3492.704221741071,178.91422174107083,67,7,3313.79,3,5,5,4.4,35
16557.0,24.21300286955775,Regular,Potential_Loyalists,Low Risk,NORMAL,281.85,-161.7263892369922,-443.5763892369922,24,2,281.85,4,3,2,2.8999999999999995,43
16558.0,54.992211814390274,High-Value,Champions,Low Risk,HIGH,8338.490000000002,11947.003025362299,3608.5130253622974,1,20,8338.490000000002,5,5,5,5.0,55
16560.0,29.50296266981328,Regular,Potential_Loyalists,Low Risk,NORMAL,841.4100000000001,613.4740497737182,-227.93595022628188,27,2,841.4100000000001,4,3,3,3.3,43
16561.0,33.29908532201373,Regular,Potential_Loyalists,Low Risk,NORMAL,511.12,736.7818331375418,225.66183313754175,6,2,511.12,5,3,3,3.6,53
16563.0,27.34260757889646,Regular,About_to_Sleep,Medium Risk,NORMAL,1077.74,1521.5064128702795,443.7664128702795,54,1,1077.74,3,2,4,3.1,32
16565.0,4.177466368522747,Regular,Hibernating,High Risk,MEDIUM,173.7,-256.7323561985104,-430.4323561985104,364,1,173.7,1,2,1,1.2999999999999998,12
16566.0,33.62377851641385,Regular,Loyal_Customers,Low Risk,NORMAL,614.6600000000001,1604.8411524671603,990.1811524671602,15,5,614.6600000000001,4,4,3,3.6,44
16567.0,18.226097541582163,Regular,At_Risk,Medium Risk,NORMAL,865.6,541.6507860644222,-323.94921393557786,194,2,865.6,1,3,3,2.4000000000000004,13
16569.0,19.064973482530785,Regular,Potential_Loyalists,Medium Risk,NORMAL,124.2,-557.4793374342032,-681.6793374342033,3,1,124.2,5,2,1,2.5,52
16570.0,48.80721970986138,High-Value,Loyal_Customers,Low Risk,HIGH,3738.4,5437.111148091801,1698.7111480918006,15,10,3738.4,4,5,5,4.7,45
16571.0,38.44711470904071,Regular,Loyal_Customers,Low Risk,NORMAL,1421.69,1132.5347813347532,-289.1552186652468,27,3,1421.69,4,4,4,4.0,44
16572.0,30.91705367430782,Regular,At_Risk,Medium Risk,NORMAL,1009.6,1052.1673397048578,42.56733970485777,127,3,1009.6,2,4,4,3.4,24
16573.0,21.927871646700115,Regular,At_Risk,Low Risk,NORMAL,663.61,412.7200347971741,-250.88996520282592,85,2,663.61,2,3,3,2.7,23
16574.0,16.787347257736513,Regular,About_to_Sleep,Medium Risk,NORMAL,451.44,37.031515491071104,-414.4084845089289,71,1,451.44,3,2,2,2.3,32
16581.0,3.983408561455345,Regular,Hibernating,High Risk,MEDIUM,105.84,-775.5411603828748,-881.3811603828748,183,1,105.84,1,2,1,1.2999999999999998,12
16582.0,13.01373959972621,Regular,Hibernating,High Risk,MEDIUM,313.61999999999995,-26.082981199428787,-339.70298119942873,113,1,313.61999999999995,2,2,2,2.0,22
16583.0,4.188187794327575,Regular,Hibernating,High Risk,MEDIUM,233.45,-228.0688863540704,-461.5188863540704,374,1,233.45,1,2,1,1.2999999999999998,12
16584.0,21.922510933797703,Regular,At_Risk,Low Risk,NORMAL,936.0799999999998,398.3882998749543,-537.6917001250455,80,2,936.0799999999998,2,3,3,2.7,23
16586.0,9.340913344281294,Regular,Hibernating,High Risk,MEDIUM,463.95,180.23913864780775,-283.71086135219224,249,1,463.95,1,2,2,1.7,12
16587.0,4.035943547899007,Regular,Hibernating,High Risk,MEDIUM,225.14999999999995,-635.0901581451186,-860.2401581451186,232,1,225.14999999999995,1,2,1,1.2999999999999998,12
16589.0,24.10216459116321,Regular,Loyal_Customers,Low Risk,NORMAL,459.24,-458.04981750161505,-917.2898175016151,71,3,459.24,3,4,2,2.8999999999999995,34
16591.0,11.498459600061475,Regular,About_to_Sleep,Medium Risk,NORMAL,213.5,-735.302576535195,-948.802576535195,69,1,213.5,3,2,1,1.9,32
16592.0,54.042882460425695,High-Value,Champions,Low Risk,HIGH,4113.68,9408.994200309404,5295.3142003094035,4,16,4113.68,5,5,5,5.0,55
16593.0,24.08072173955355,Regular,Loyal_Customers,Low Risk,NORMAL,330.03000000000003,-515.376757190495,-845.406757190495,51,3,330.03000000000003,3,4,2,2.8999999999999995,34
16594.0,7.686254809153786,Regular,Hibernating,Medium Risk,NORMAL,181.09,-901.605564665679,-1082.695564665679,75,1,181.09,2,2,1,1.6,22
16595.0,16.776625831931685,Regular,About_to_Sleep,Medium Risk,NORMAL,360.16,8.368045646631117,-351.7919543533689,61,1,360.16,3,2,2,2.3,32
16596.0,18.917682356399823,Regular,Potential_Loyalists,Low Risk,NORMAL,250.15,-951.2585631699222,-1201.4085631699222,16,2,250.15,4,3,1,2.5,43
16597.0,19.06604562511127,Regular,Potential_Loyalists,Medium Risk,NORMAL,90.04000000000002,-554.6129904497593,-644.6529904497593,4,1,90.04000000000002,5,2,1,2.5,52
16598.0,4.093839247245082,Regular,Hibernating,High Risk,MEDIUM,145.05,-480.30742098514247,-625.3574209851424,286,1,145.05,1,2,1,1.2999999999999998,12
16600.0,41.08803126113248,Regular,Champions,Low Risk,NORMAL,813.5199999999999,1509.271739179081,695.751739179081,4,6,813.5199999999999,5,5,3,4.2,55
16601.0,11.468439607807953,Regular,About_to_Sleep,Medium Risk,NORMAL,244.79999999999995,-815.5602920996272,-1060.3602920996273,41,1,244.79999999999995,3,2,1,1.9,32
16602.0,22.036565639933695,Regular,About_to_Sleep,Medium Risk,NORMAL,528.0799999999999,703.3107690929089,175.230769092909,36,1,528.0799999999999,3,2,3,2.7,32
16603.0,16.630406848381206,Regular,At_Risk,Low Risk,NORMAL,482.47,-382.54483310464377,-865.0148331046438,75,2,482.47,2,3,2,2.3,23
16607.0,49.76298191930886,High-Value,Loyal_Customers,Low Risk,HIGH,3347.71,7992.318055051361,4644.608055051361,18,14,3347.71,4,5,5,4.7,45
16609.0,48.092810373581855,High-Value,Loyal_Customers,Low Risk,HIGH,5493.46,3527.1552485871307,-1966.3047514128693,15,7,5493.46,4,5,5,4.7,45
16610.0,4.022005694352729,Regular,Hibernating,High Risk,MEDIUM,75.66,-672.3526689428907,-748.0126689428906,219,1,75.66,1,2,1,1.2999999999999998,12
16611.0,3.9866249891967938,Regular,Hibernating,High Risk,MEDIUM,129.49,-766.9421194295428,-896.4321194295428,186,1,129.49,1,2,1,1.2999999999999998,12
16612.0,38.69168400995011,Regular,Loyal_Customers,Low Risk,NORMAL,1187.66,1786.3848297429738,598.7248297429737,33,4,1187.66,4,4,4,4.0,44
16613.0,22.07301848767011,Regular,About_to_Sleep,Medium Risk,NORMAL,618.5900000000001,800.7665665640052,182.17656656400504,70,1,618.5900000000001,3,2,3,2.7,32
16614.0,14.5568953064835,Regular,Hibernating,High Risk,MEDIUM,506.19,757.6616357318815,251.47163573188146,183,1,506.19,1,2,3,2.1,12
16616.0,29.490096958847484,Regular,Potential_Loyalists,Low Risk,NORMAL,500.42,579.07788596039,78.65788596038993,15,2,500.42,4,3,3,3.3,43
16617.0,4.040232118220938,Regular,Hibernating,High Risk,MEDIUM,151.85000000000002,-623.6247702073426,-775.4747702073427,236,1,151.85000000000002,1,2,1,1.2999999999999998,12
16618.0,44.214419542729736,High-Value,Loyal_Customers,Low Risk,HIGH,2647.59,3183.9055003330213,536.3155003330212,31,5,2647.59,4,4,5,4.4,44
16619.0,4.070252110474459,Regular,Hibernating,High Risk,MEDIUM,226.21,-543.3670546429105,-769.5770546429105,264,1,226.21,1,2,1,1.2999999999999998,12
16620.0,22.723454291824613,Regular,Potential_Loyalists,Low Risk,NORMAL,178.96,-802.1536569461024,-981.1136569461024,4,2,178.96,5,3,1,2.8,53
16621.0,29.60667370007462,Regular,Loyal_Customers,Low Risk,NORMAL,813.4800000000001,890.7429543528838,77.26295435288364,52,4,813.4800000000001,3,4,3,3.3,34
16623.0,4.050953544025767,Regular,Hibernating,High Risk,MEDIUM,129.45,-594.9613003629025,-724.4113003629025,246,1,129.45,1,2,1,1.2999999999999998,12
16624.0,21.923583076378186,Regular,At_Risk,Low Risk,NORMAL,810.5699999999999,401.25464685939824,-409.3153531406017,81,2,810.5699999999999,2,3,3,2.7,23
16625.0,9.368789051373849,Regular,Hibernating,High Risk,MEDIUM,333.08,254.76416024335163,-78.31583975664836,275,1,333.08,1,2,2,1.7,12
16626.0,54.27780247811075,High-Value,Champions,Low Risk,HIGH,4413.1,10037.047125857629,5623.947125857629,1,17,4413.1,5,5,5,5.0,55
16627.0,12.977286751989793,Regular,Hibernating,Medium Risk,NORMAL,322.80000000000007,-123.53877867052483,-446.3387786705249,79,1,322.80000000000007,2,2,2,2.0,22
16628.0,44.21334740014925,High-Value,Loyal_Customers,Low Risk,HIGH,2188.05,3181.039153348577,992.989153348577,30,5,2188.05,4,4,5,4.4,44
16629.0,16.629334705800723,Regular,At_Risk,Low Risk,NORMAL,417.73,-385.4111800890878,-803.1411800890878,74,2,417.73,2,3,2,2.3,23
16633.0,47.856818213316316,High-Value,Loyal_Customers,Low Risk,HIGH,2883.1000000000004,2896.2359760544623,13.135976054461935,17,6,2883.1000000000004,4,5,5,4.7,45
16634.0,7.683702931388012,Regular,At_Risk,Medium Risk,NORMAL,217.9,-908.4279475014577,-1126.3279475014576,223,2,217.9,1,3,1,1.6,13
16637.0,38.690611867369626,Regular,Loyal_Customers,Low Risk,NORMAL,1154.4700000000005,1783.5184827585301,629.0484827585296,32,4,1154.4700000000005,4,4,4,4.0,44
16638.0,43.52905347799117,Regular,Loyal_Customers,Low Risk,NORMAL,1680.72,4693.440525909975,3012.7205259099746,23,10,1680.72,4,5,4,4.300000000000001,45
16639.0,38.45140327936264,Regular,Loyal_Customers,Low Risk,NORMAL,1257.51,1144.0001692725293,-113.50983072747067,31,3,1257.51,4,4,4,4.0,44
16641.0,7.719491229148756,Regular,Hibernating,High Risk,MEDIUM,231.1,-812.748808147915,-1043.848808147915,106,1,231.1,2,2,1,1.6,22
16642.0,33.29801317943325,Regular,Potential_Loyalists,Low Risk,NORMAL,688.33,733.9154861530976,45.58548615309758,5,2,688.33,5,3,3,3.6,53
16643.0,9.337696916539844,Regular,Hibernating,High Risk,MEDIUM,487.51,171.6400976944758,-315.8699023055242,246,1,487.51,1,2,2,1.7,12
16644.0,22.027580906685024,Regular,At_Risk,Medium Risk,NORMAL,833.78,679.2903043504664,-154.4896956495336,178,2,833.78,2,3,3,2.7,23
16647.0,11.445517021013005,Regular,At_Risk,Medium Risk,NORMAL,214.06,-876.8432676398418,-1090.9032676398417,170,2,214.06,2,3,1,1.9,23
16648.0,16.757327265482992,Regular,About_to_Sleep,Medium Risk,NORMAL,290.66,-43.22620007336104,-333.88620007336107,43,1,290.66,3,2,2,2.3,32
16650.0,22.075162772831078,Regular,About_to_Sleep,Medium Risk,NORMAL,518.4200000000001,806.4992605328932,288.07926053289316,72,1,518.4200000000001,3,2,3,2.7,32
16652.0,44.32134700073252,High-Value,Loyal_Customers,Low Risk,HIGH,6773.97,3469.7734458655186,-3304.1965541344816,59,7,6773.97,3,5,5,4.4,35
16653.0,34.777912473942045,Regular,Potential_Loyalists,Low Risk,NORMAL,1212.6600000000003,1348.545631002212,135.88563100221177,16,2,1212.6600000000003,4,3,4,3.7,43
16654.0,25.88345674334701,Regular,At_Risk,Medium Risk,NORMAL,601.2699999999999,962.3467659312516,361.07676593125177,141,4,601.2699999999999,2,4,3,3.0,24
16655.0,47.8578903558968,High-Value,Loyal_Customers,Low Risk,HIGH,3794.52,2899.1023230389055,-895.4176769610945,18,6,3794.52,4,5,5,4.7,45
16656.0,50.00540693505729,High-Value,Loyal_Customers,Low Risk,HIGH,8625.800000000001,8640.435409490692,14.635409490691018,22,15,8625.800000000001,4,5,5,4.7,45
16657.0,37.19891900447552,Regular,Champions,Low Risk,NORMAL,933.62,1137.3585210805315,203.73852108053154,10,4,933.62,5,4,3,3.9,54
16658.0,4.181754938844678,Regular,Hibernating,High Risk,MEDIUM,123.24,-245.2669682607343,-368.5069682607343,368,1,123.24,1,2,1,1.2999999999999998,12
16659.0,3.9898414169382423,Regular,Hibernating,High Risk,MEDIUM,39.12,-758.3430784762107,-797.4630784762107,189,1,39.12,1,2,1,1.2999999999999998,12
16660.0,38.6734575860819,Regular,Loyal_Customers,Low Risk,NORMAL,1267.65,1737.6569310074258,470.0069310074257,16,4,1267.65,4,4,4,4.0,44
16665.0,4.175322083361781,Regular,Hibernating,High Risk,MEDIUM,135.39999999999998,-262.4650501673982,-397.8650501673982,362,1,135.39999999999998,1,2,1,1.2999999999999998,12
16666.0,15.263490117427922,Regular,Potential_Loyalists,Medium Risk,NORMAL,118.98,-695.1188557202472,-814.0988557202472,19,1,118.98,4,2,1,2.2,42
16667.0,25.728282869222493,Regular,Need_Attention,Low Risk,NORMAL,570.13,547.493206098774,-22.636793901226042,68,2,570.13,3,3,3,3.0,33
16668.0,31.994443810613124,Regular,Loyal_Customers,Low Risk,NORMAL,306.72,590.6990879134394,283.97908791343934,15,6,306.72,4,5,2,3.5,45
16669.0,38.44389828129926,Regular,Loyal_Customers,Low Risk,NORMAL,1374.87,1123.9357403814213,-250.9342596185786,24,3,1374.87,4,4,4,4.0,44
16670.0,49.04750044044885,High-Value,Loyal_Customers,Low Risk,HIGH,4095.9,6079.495808562246,1983.5958085622456,17,11,4095.9,4,5,5,4.7,45
16671.0,38.44818685162119,Regular,Loyal_Customers,Low Risk,NORMAL,1692.27,1135.4011283191974,-556.8688716808026,28,3,1692.27,4,4,4,4.0,44
16672.0,54.99328395697076,High-Value,Champions,Low Risk,HIGH,8134.94,11949.869372346742,3814.9293723467426,2,20,8134.94,5,5,5,5.0,55
16674.0,20.42760164316214,Regular,Need_Attention,Low Risk,NORMAL,319.61,-256.3707027563761,-575.9807027563761,55,2,319.61,3,3,2,2.6,33
16676.0,34.87411850614001,Regular,Loyal_Customers,Low Risk,NORMAL,1592.12,1605.7501066902698,13.63010669026994,34,4,1592.12,3,4,4,3.7,34
16678.0,53.08926453613918,High-Value,Champions,Low Risk,HIGH,3109.99,6859.519987318734,3749.529987318734,3,12,3109.99,5,5,5,5.0,55
16679.0,4.179610653683713,Regular,Hibernating,High Risk,MEDIUM,129.75,-250.99966222962212,-380.7496622296221,366,1,129.75,1,2,1,1.2999999999999998,12
16680.0,11.47058389296892,Regular,About_to_Sleep,Medium Risk,NORMAL,183.7,-809.8275981307391,-993.5275981307391,43,1,183.7,3,2,1,1.9,32
16681.0,34.9928395325281,Regular,Cant_Loose,Low Risk,NORMAL,1770.34,1923.1478690516517,152.80786905165178,73,6,1770.34,2,5,4,3.7,25
16682.0,42.71843810951369,Regular,Champions,Low Risk,NORMAL,1027.9999999999998,2526.280150717246,1498.2801507172464,5,5,1027.9999999999998,5,4,4,4.300000000000001,54
16684.0,56.90051980554377,High-Value,Champions,Low Risk,HIGH,66653.56,17048.817798328084,-49604.742201671914,4,28,66653.56,5,5,5,5.0,55
16685.0,20.434034498645037,Regular,Need_Attention,Low Risk,NORMAL,324.24,-239.17262084971208,-563.4126208497121,61,2,324.24,3,3,2,2.6,33
16686.0,44.308481289766725,High-Value,Loyal_Customers,Low Risk,HIGH,3062.83,3435.377282052191,372.5472820521909,47,7,3062.83,3,5,5,4.4,35
16688.0,42.47601309376525,Regular,Champions,Low Risk,NORMAL,1260.86,1878.1627962779137,617.3027962779138,1,4,1260.86,5,4,4,4.300000000000001,54
16689.0,16.63147899096169,Regular,At_Risk,Low Risk,NORMAL,422.6,-379.67848612019975,-802.2784861201998,76,2,422.6,2,3,2,2.3,23
16690.0,15.159084694516276,Regular,Need_Attention,Low Risk,NORMAL,225.58,-974.2442020782061,-1199.824202078206,72,2,225.58,3,3,1,2.2,33
16692.0,23.57931375408617,Regular,At_Risk,Medium Risk,NORMAL,1276.0,1485.9656971573288,209.9656971573288,256,2,1276.0,1,3,4,2.8,13
16693.0,20.442611639288902,Regular,Need_Attention,Low Risk,NORMAL,482.01,-216.24184497416002,-698.25184497416,69,2,482.01,3,3,2,2.6,33
16696.0,25.877023887864112,Regular,At_Risk,Medium Risk,NORMAL,657.9000000000001,945.1486840245877,287.24868402458765,135,4,657.9000000000001,2,4,3,3.0,24
16697.0,4.045592831123352,Regular,Hibernating,High Risk,MEDIUM,112.75,-609.2930352851226,-722.0430352851226,241,1,112.75,1,2,1,1.2999999999999998,12
16698.0,23.548221619252164,Regular,At_Risk,Medium Risk,NORMAL,1998.0,1402.841634608453,-595.158365391547,227,2,1998.0,1,3,4,2.8,13
16700.0,53.33383383704859,High-Value,Champions,Low Risk,HIGH,5076.550000000001,7513.370035726955,2436.8200357269543,9,13,5076.550000000001,5,5,5,5.0,55
16701.0,53.33383383704859,High-Value,Champions,Low Risk,HIGH,5398.299999999999,7513.370035726955,2115.070035726956,9,13,5398.299999999999,5,5,5,5.0,55
16705.0,54.992211814390274,High-Value,Champions,Low Risk,HIGH,14034.990000000002,11947.003025362299,-2087.9869746377026,1,20,14034.990000000002,5,5,5,5.0,55
16706.0,29.35245511594087,Regular,Loyal_Customers,Low Risk,NORMAL,531.3499999999999,211.09578308466712,-320.2542169153328,37,3,531.3499999999999,3,4,3,3.3,34
16708.0,22.047287065738523,Regular,About_to_Sleep,Medium Risk,NORMAL,656.6300000000001,731.9742389373491,75.34423893734902,46,1,656.6300000000001,3,2,3,2.7,32
16709.0,36.63503994929463,High-Value,At_Risk,Low Risk,HIGH,3029.8700000000003,2971.686097418701,-58.18390258129921,85,5,3029.8700000000003,2,4,5,3.8,24
16710.0,48.81150828018331,High-Value,Loyal_Customers,Low Risk,HIGH,2483.04,5448.576536029577,2965.5365360295773,19,10,2483.04,4,5,5,4.7,45
16711.0,42.716293824352725,Regular,Champions,Low Risk,NORMAL,1651.03,2520.547456748359,869.5174567483589,3,5,1651.03,5,4,4,4.300000000000001,54
16712.0,52.857560946195576,High-Value,Champions,Low Risk,HIGH,3645.43,6240.066102723842,2594.636102723842,9,11,3645.43,5,5,5,5.0,55
16713.0,50.002190507315845,High-Value,Loyal_Customers,Low Risk,HIGH,6923.13,8631.83636853736,1708.7063685373605,19,15,6923.13,4,5,5,4.7,45
16714.0,27.197053145321654,Regular,At_Risk,Medium Risk,NORMAL,1161.53,1132.3701922365578,-29.15980776344213,219,3,1161.53,1,4,4,3.1,14
16715.0,12.97621460940931,Regular,Hibernating,Medium Risk,NORMAL,301.72,-126.40512565496886,-428.1251256549689,78,1,301.72,2,2,2,2.0,22
16716.0,18.304363949957413,Regular,At_Risk,Medium Risk,NORMAL,901.2,750.8941159288345,-150.30588407116556,267,2,901.2,1,3,3,2.4000000000000004,13
16717.0,47.8643232113797,High-Value,Loyal_Customers,Low Risk,HIGH,3858.38,2916.3004049455703,-942.0795950544298,24,6,3858.38,4,5,5,4.7,45
16718.0,14.756313826453315,Regular,Hibernating,High Risk,MEDIUM,623.7500000000001,1290.802174838466,667.0521748384659,369,1,623.7500000000001,1,2,3,2.1,12
16719.0,42.80606700106779,Regular,Loyal_Customers,Low Risk,NORMAL,1790.42,2760.553850529752,970.1338505297517,15,7,1790.42,4,5,4,4.300000000000001,45
16720.0,15.270995115491303,Regular,Potential_Loyalists,Medium Risk,NORMAL,155.24,-675.0544268291392,-830.2944268291392,26,1,155.24,4,2,1,2.2,42
16721.0,9.354851197827571,Regular,Hibernating,High Risk,MEDIUM,292.47,217.5016494455797,-74.96835055442034,262,1,292.47,1,2,2,1.7,12
16722.0,49.52377333130186,High-Value,Loyal_Customers,Low Risk,HIGH,4730.81,7352.799741565359,2621.9897415653586,17,13,4730.81,4,5,5,4.7,45
16723.0,21.934304502183014,Regular,At_Risk,Medium Risk,NORMAL,589.1499999999999,429.9181167038382,-159.23188329616164,91,2,589.1499999999999,2,3,3,2.7,23
16725.0,26.371115609980528,Regular,Cant_Loose,Medium Risk,NORMAL,781.02,2266.0908268963585,1485.0708268963585,302,7,781.02,1,5,3,3.0,15
16726.0,38.92231545731324,Regular,Loyal_Customers,Low Risk,NORMAL,1382.02,2402.9723673534227,1020.9523673534227,26,5,1382.02,4,4,4,4.0,44
16727.0,9.464209741036825,Regular,Hibernating,High Risk,MEDIUM,272.81999999999994,509.86904185886783,237.0490418588679,364,1,272.81999999999994,1,2,2,1.7,12
16728.0,34.8869842171058,Regular,Loyal_Customers,Low Risk,NORMAL,1054.67,1640.146270503598,585.476270503598,46,4,1054.67,3,4,4,3.7,34
16729.0,47.63274224251347,High-Value,Loyal_Customers,Low Risk,HIGH,7239.92,12322.707690213987,5082.787690213987,38,21,7239.92,3,5,5,4.4,35
16730.0,29.368537254648114,Regular,Loyal_Customers,Low Risk,NORMAL,743.11,254.0909878513271,-489.0190121486729,52,3,743.11,3,4,3,3.3,34
16732.0,25.85091471600235,Regular,Potential_Loyalists,Medium Risk,NORMAL,603.7499999999999,875.3464511922809,271.59645119228105,32,1,603.7499999999999,4,2,3,3.0,42
16734.0,29.368537254648114,Regular,Loyal_Customers,Low Risk,NORMAL,650.51,254.0909878513271,-396.4190121486729,52,3,650.51,3,4,3,3.3,34
16735.0,36.62860709381173,High-Value,At_Risk,Low Risk,HIGH,2300.56,2954.4880155120372,653.9280155120373,79,5,2300.56,2,4,5,3.8,24
16737.0,16.768048691287824,Regular,About_to_Sleep,Medium Risk,NORMAL,417.6,-14.562730228921055,-432.1627302289211,53,1,417.6,3,2,2,2.3,32
16738.0,4.1067049582108766,Regular,Hibernating,High Risk,MEDIUM,3.75,-445.91125717181444,-449.66125717181444,298,1,3.75,1,2,1,1.2999999999999998,12
16739.0,13.082356724877114,Regular,Hibernating,High Risk,MEDIUM,323.00000000000006,157.36322580498745,-165.6367741950126,177,1,323.00000000000006,2,2,2,2.0,22
16742.0,16.761615835804925,Regular,About_to_Sleep,Medium Risk,NORMAL,464.9,-31.760812135584956,-496.66081213558493,47,1,464.9,3,2,2,2.3,32
16743.0,48.10782036970862,High-Value,Loyal_Customers,Low Risk,HIGH,2238.09,3567.284106369347,1329.1941063693466,29,7,2238.09,4,5,5,4.7,45
16744.0,46.62041607713643,Regular,Champions,Low Risk,NORMAL,1304.76,2932.5895326291247,1627.8295326291247,11,7,1304.76,5,5,4,4.6,55
16745.0,42.914093800860506,High-Value,Cant_Loose,Low Risk,HIGH,7194.3,9733.04975640837,2538.7497564083706,87,17,7194.3,2,5,5,4.1,25
16746.0,54.52022749385919,High-Value,Champions,Low Risk,HIGH,6697.66,10685.164480296962,3987.5044802969624,5,18,6697.66,5,5,5,5.0,55
16747.0,25.696118591808006,Regular,Need_Attention,Low Risk,NORMAL,836.06,461.50279656545376,-374.5572034345462,38,2,836.06,3,3,3,3.0,33
16748.0,38.913738316669374,Regular,Loyal_Customers,Low Risk,NORMAL,1515.9,2380.0415914778705,864.1415914778704,18,5,1515.9,4,4,4,4.0,44
16750.0,29.837305147437746,Regular,Loyal_Customers,Low Risk,NORMAL,623.9300000000001,1507.3304919633326,883.4004919633326,45,5,623.9300000000001,3,4,3,3.3,34
16751.0,31.13658594593594,Regular,Potential_Loyalists,Medium Risk,NORMAL,1764.7199999999998,1639.0815022652152,-125.63849773478455,31,1,1764.7199999999998,4,2,4,3.4,42
16752.0,4.187115651747093,Regular,Hibernating,High Risk,MEDIUM,207.5,-230.93523333851408,-438.4352333385141,373,1,207.5,1,2,1,1.2999999999999998,12
16753.0,11.486666031676164,Regular,About_to_Sleep,Medium Risk,NORMAL,223.92,-766.832393364079,-990.752393364079,58,1,223.92,3,2,1,1.9,32
16754.0,20.04627362670884,Regular,Hibernating,High Risk,MEDIUM,2002.4,2066.0026138491767,63.60261384917658,372,1,2002.4,1,2,4,2.5,12
16755.0,30.903115820761542,Regular,At_Risk,Medium Risk,NORMAL,1496.83,1014.9048289070859,-481.92517109291407,114,3,1496.83,2,4,4,3.4,24
16756.0,4.017717124030797,Regular,Hibernating,High Risk,MEDIUM,239.40000000000003,-683.8180568806666,-923.2180568806666,215,1,239.40000000000003,1,2,1,1.2999999999999998,12
16757.0,4.129219952401018,Regular,Hibernating,High Risk,MEDIUM,106.83,-385.71797049849033,-492.5479704984903,319,1,106.83,1,2,1,1.2999999999999998,12
16758.0,16.780914402253618,Regular,About_to_Sleep,Medium Risk,NORMAL,369.34,19.833433584407203,-349.5065664155928,65,1,369.34,3,2,2,2.3,32
16759.0,36.95863827388805,Regular,Champions,Low Risk,NORMAL,789.79,494.97386061008706,-294.8161393899129,8,3,789.79,5,4,3,3.9,54
16761.0,12.996585318438484,Regular,Hibernating,High Risk,MEDIUM,316.62,-71.94453295053268,-388.5645329505327,97,1,316.62,2,2,2,2.0,22
16762.0,38.43960971097733,Regular,Loyal_Customers,Low Risk,NORMAL,1501.38,1112.4703524436452,-388.9096475563549,20,3,1501.38,4,4,4,4.0,44
16763.0,14.574049587771226,Regular,Hibernating,High Risk,MEDIUM,611.8500000000001,803.5231874829853,191.6731874829852,199,1,611.8500000000001,1,2,3,2.1,12
16764.0,53.32847312414617,High-Value,Champions,Low Risk,HIGH,2799.25,7499.038300804736,4699.788300804736,4,13,2799.25,5,5,5,5.0,55
16765.0,4.102416387888946,Regular,Hibernating,High Risk,MEDIUM,34.0,-457.3766451095904,-491.3766451095904,294,1,34.0,1,2,1,1.2999999999999998,12
16766.0,23.59754017795438,Regular,At_Risk,Medium Risk,NORMAL,1145.5999999999997,1534.6935958928768,389.09359589287715,273,2,1145.5999999999997,1,3,4,2.8,13
16767.0,49.06251043657561,High-Value,Loyal_Customers,Low Risk,HIGH,5580.599999999999,6119.624666344462,539.0246663444623,31,11,5580.599999999999,4,5,5,4.7,45
16768.0,24.077505311812104,Regular,Loyal_Customers,Low Risk,NORMAL,478.0899999999999,-523.975798143827,-1002.0657981438269,48,3,478.0899999999999,3,4,2,2.8999999999999995,34
16769.0,9.352706912666605,Regular,Hibernating,High Risk,MEDIUM,380.39,211.76895547669164,-168.62104452330834,260,1,380.39,1,2,2,1.7,12
16770.0,29.851243000984024,Regular,Loyal_Customers,Low Risk,NORMAL,770.1,1544.5930027611046,774.4930027611045,58,5,770.1,3,4,3,3.3,34
16771.0,44.2165638278907,High-Value,Loyal_Customers,Low Risk,HIGH,2246.8100000000004,3189.6381943019087,942.8281943019083,33,5,2246.8100000000004,4,4,5,4.4,44
16773.0,11.48559388909568,Regular,About_to_Sleep,Medium Risk,NORMAL,171.59,-769.6987403485231,-941.2887403485231,57,1,171.59,3,2,1,1.9,32
16774.0,29.623827981362346,Regular,Loyal_Customers,Low Risk,NORMAL,661.52,936.6045061039879,275.0845061039879,68,4,661.52,3,4,3,3.3,34
16775.0,47.57188971626198,Regular,Champions,Low Risk,NORMAL,1695.66,5476.331051650907,3780.6710516509074,10,11,1695.66,5,5,4,4.6,55
16776.0,16.775553689351202,Regular,About_to_Sleep,Medium Risk,NORMAL,388.2800000000001,5.501698662186982,-382.7783013378131,60,1,388.2800000000001,3,2,2,2.3,32
16777.0,11.349024188769546,Regular,At_Risk,Low Risk,NORMAL,226.35,-1134.8144962398019,-1361.1644962398018,80,2,226.35,2,3,1,1.9,23
16778.0,11.342591333286649,Regular,At_Risk,Low Risk,NORMAL,245.94,-1152.012578146466,-1397.952578146466,74,2,245.94,2,3,1,1.9,23
16779.0,55.46955684782377,High-Value,Champions,Low Risk,HIGH,10629.72,13223.173305349856,2593.4533053498562,2,22,10629.72,5,5,5,5.0,55
16780.0,16.657210412893278,Regular,At_Risk,Medium Risk,NORMAL,425.19,-310.8861584935437,-736.0761584935437,100,2,425.19,2,3,2,2.3,23
16781.0,9.472786881680687,Regular,Hibernating,High Risk,MEDIUM,311.25,532.79981773442,221.54981773442,372,1,311.25,1,2,2,1.7,12
16782.0,53.33490597962907,High-Value,Champions,Low Risk,HIGH,2279.9,7516.236382711399,5236.336382711399,10,13,2279.9,5,5,5,5.0,55
16784.0,15.264562260008406,Regular,Potential_Loyalists,Medium Risk,NORMAL,107.6,-692.2525087358032,-799.8525087358032,20,1,107.6,4,2,1,2.2,42
16788.0,21.968613064758465,Regular,At_Risk,Medium Risk,NORMAL,597.4799999999999,521.6412202060462,-75.83877979395368,123,2,597.4799999999999,2,3,3,2.7,23
16789.0,19.070334195433198,Regular,Potential_Loyalists,Medium Risk,NORMAL,80.8,-543.1476025119832,-623.9476025119832,8,1,80.8,5,2,1,2.5,52
16790.0,46.374774633646545,Regular,Champions,Low Risk,NORMAL,1545.62,2275.87313723646,730.2531372364601,4,6,1545.62,5,5,4,4.6,55
16791.0,42.82107699719455,Regular,Loyal_Customers,Low Risk,NORMAL,1721.7799999999995,2800.682708311968,1078.9027083119684,29,7,1721.7799999999995,4,5,4,4.300000000000001,45
16792.0,7.746959343636503,Regular,At_Risk,Medium Risk,NORMAL,110.38,-739.3134754192614,-849.6934754192614,282,2,110.38,1,3,1,1.6,13
16793.0,11.48559388909568,Regular,About_to_Sleep,Medium Risk,NORMAL,243.84,-769.6987403485231,-1013.5387403485231,57,1,243.84,3,2,1,1.9,32
16794.0,47.324103987611124,Regular,Champions,Low Risk,NORMAL,1222.7099999999998,4813.881962289354,3591.1719622893543,1,10,1222.7099999999998,5,5,4,4.6,55
16795.0,9.465281883617308,Regular,Hibernating,High Risk,MEDIUM,414.88,512.735388843312,97.85538884331197,365,1,414.88,1,2,2,1.7,12
16796.0,12.98800817779462,Regular,Hibernating,Medium Risk,NORMAL,305.61999999999995,-94.87530882608485,-400.4953088260848,89,1,305.61999999999995,2,2,2,2.0,22
16800.0,34.93378074071687,Regular,Potential_Loyalists,Medium Risk,NORMAL,1201.4899999999998,1765.255632613483,563.7656326134831,11,1,1201.4899999999998,5,2,4,3.7,52
16801.0,31.193787252631708,Regular,At_Risk,Medium Risk,NORMAL,1619.73,1792.0077976463983,172.2777976463983,163,4,1619.73,2,4,4,3.4,24
16803.0,16.780914402253618,Regular,About_to_Sleep,Medium Risk,NORMAL,332.3,19.833433584407203,-312.4665664155928,65,1,332.3,3,2,2,2.3,32
16804.0,33.156082766204705,Regular,Loyal_Customers,Low Risk,NORMAL,536.99,354.4679953395987,-182.5220046604013,23,3,536.99,4,4,3,3.6,44
16805.0,16.73654896384901,Regular,At_Risk,Medium Risk,NORMAL,460.5899999999999,-98.77648164468746,-559.3664816446874,174,2,460.5899999999999,2,3,2,2.3,23
16806.0,25.842715325288662,Regular,At_Risk,Medium Risk,NORMAL,801.4900000000001,853.4255805223797,51.93558052237961,103,4,801.4900000000001,2,4,3,3.0,24
16807.0,30.934207955595546,Regular,At_Risk,Medium Risk,NORMAL,1121.59,1098.0288914559617,-23.561108544038234,143,3,1121.59,2,4,4,3.4,24
16808.0,16.656138270312795,Regular,At_Risk,Medium Risk,NORMAL,288.42,-313.7525054779877,-602.1725054779877,99,2,288.42,2,3,2,2.3,23
16809.0,33.632355657057715,Regular,Loyal_Customers,Low Risk,NORMAL,914.69,1627.771928342712,713.081928342712,23,5,914.69,4,4,3,3.6,44
16810.0,9.279801217193768,Regular,Hibernating,High Risk,MEDIUM,309.54,16.85736053449932,-292.6826394655007,192,1,309.54,1,2,2,1.7,12
16811.0,33.29801317943325,Regular,Potential_Loyalists,Low Risk,NORMAL,547.0699999999999,733.9154861530976,186.84548615309768,5,2,547.0699999999999,5,3,3,3.6,53
16812.0,9.460993313295376,Regular,Hibernating,High Risk,MEDIUM,479.3500000000001,501.2700009055359,21.9200009055358,361,1,479.3500000000001,1,2,2,1.7,12
16813.0,47.33160898567451,Regular,Champions,Low Risk,NORMAL,1692.98,4833.946391180462,3140.9663911804623,8,10,1692.98,5,5,4,4.6,55
16814.0,51.42564846697247,High-Value,Loyal_Customers,Low Risk,HIGH,6509.1,12437.416432624479,5928.316432624479,14,21,6509.1,4,5,5,4.7,45
16816.0,20.555971952774584,Regular,At_Risk,Medium Risk,NORMAL,417.06000000000006,86.82418246500174,-330.2358175349983,103,4,417.06000000000006,2,4,2,2.6,24
16817.0,47.088111827345585,Regular,Champions,Low Risk,NORMAL,1604.75,4182.962689756686,2578.212689756686,3,9,1604.75,5,5,4,4.6,55
16818.0,52.85970523135654,High-Value,Champions,Low Risk,HIGH,3349.57,6245.798796692729,2896.2287966927292,11,11,3349.57,5,5,5,5.0,55
16820.0,18.28225654837208,Regular,Hibernating,High Risk,MEDIUM,497.61,691.790518122401,194.18051812240094,96,1,497.61,2,2,3,2.4000000000000004,22
16823.0,9.31732620751067,Regular,Hibernating,High Risk,MEDIUM,358.37999999999994,117.1795049900395,-241.20049500996043,227,1,358.37999999999994,1,2,2,1.7,12
16824.0,24.20442572891389,Regular,Potential_Loyalists,Low Risk,NORMAL,460.64,-184.65716511254425,-645.2971651125442,16,2,460.64,4,3,2,2.8999999999999995,43
16825.0,25.69719073438849,Regular,Need_Attention,Low Risk,NORMAL,775.1800000000001,464.3691435498979,-310.81085645010216,39,2,775.1800000000001,3,3,3,3.0,33
16826.0,16.765904406126857,Regular,About_to_Sleep,Medium Risk,NORMAL,341.70000000000005,-20.29542419780887,-361.9954241978089,51,1,341.70000000000005,3,2,2,2.3,32
16828.0,11.362962042315823,Regular,At_Risk,Medium Risk,NORMAL,128.5,-1097.55198544203,-1226.05198544203,93,2,128.5,2,3,1,1.9,23
16829.0,7.774170500753383,Regular,Hibernating,High Risk,MEDIUM,197.22,-666.5651119412709,-863.7851119412709,157,1,197.22,2,2,1,1.6,22
16830.0,16.753038695161063,Regular,About_to_Sleep,Medium Risk,NORMAL,325.91,-54.6915880111369,-380.6015880111369,39,1,325.91,3,2,2,2.3,32
16832.0,11.299298037462526,Regular,At_Risk,Medium Risk,NORMAL,199.15,-1267.7561463911165,-1466.9061463911166,184,3,199.15,1,4,1,1.9,14
16833.0,42.47601309376525,Regular,Champions,Low Risk,NORMAL,1106.53,1878.1627962779137,771.6327962779137,1,4,1106.53,5,4,4,4.300000000000001,54
16834.0,9.318398350091153,Regular,Hibernating,High Risk,MEDIUM,413.46,120.04585197448364,-293.41414802551634,228,1,413.46,1,2,2,1.7,12
16835.0,11.400487032632725,Regular,At_Risk,Medium Risk,NORMAL,180.85,-997.2298409864899,-1178.07984098649,128,2,180.85,2,3,1,1.9,23
16836.0,20.411519504454898,Regular,Need_Attention,Low Risk,NORMAL,251.87,-299.3659075230362,-551.2359075230362,40,2,251.87,3,3,2,2.6,33
16837.0,49.06251043657561,High-Value,Loyal_Customers,Low Risk,HIGH,3170.98,6119.624666344462,2948.6446663444617,31,11,3170.98,4,5,5,4.7,45
16838.0,18.22931396932361,Regular,At_Risk,Medium Risk,NORMAL,588.85,550.2498270177543,-38.60017298224568,197,2,588.85,1,3,3,2.4000000000000004,13
16839.0,58.33469919100523,High-Value,Champions,Low Risk,HIGH,16594.35,20883.061332259647,4288.711332259649,9,34,16594.35,5,5,5,5.0,55
16841.0,38.772880046021314,Regular,Loyal_Customers,Low Risk,NORMAL,1869.82,2003.4604476488155,133.64044764881555,37,6,1869.82,3,5,4,4.0,35
16842.0,30.889177967215264,Regular,At_Risk,Medium Risk,NORMAL,1264.19,977.6423181093135,-286.5476818906866,101,3,1264.19,2,4,4,3.4,24
16843.0,46.447420728283355,High-Value,Loyal_Customers,Low Risk,HIGH,10196.570000000002,9153.779592628425,-1042.7904073715763,43,16,10196.570000000002,3,5,5,4.4,35
16846.0,11.4780888910323,Regular,About_to_Sleep,Medium Risk,NORMAL,214.32,-789.7631692396311,-1004.0831692396312,50,1,214.32,3,2,1,1.9,32
16847.0,11.47058389296892,Regular,About_to_Sleep,Medium Risk,NORMAL,193.44,-809.8275981307391,-1003.2675981307391,43,1,193.44,3,2,1,1.9,32
16848.0,16.768048691287824,Regular,About_to_Sleep,Medium Risk,NORMAL,281.42,-14.562730228921055,-295.98273022892107,53,1,281.42,3,2,2,2.3,32
16849.0,3.987697131777277,Regular,Hibernating,High Risk,MEDIUM,124.57,-764.0757724450988,-888.6457724450988,187,1,124.57,1,2,1,1.2999999999999998,12
16850.0,9.432045463622337,Regular,Hibernating,High Risk,MEDIUM,332.41,423.87863232554787,91.46863232554784,334,1,332.41,1,2,2,1.7,12
16851.0,31.66760633105204,Regular,Champions,Low Risk,NORMAL,342.45000000000005,-283.09292538506725,-625.5429253850673,4,3,342.45000000000005,5,4,2,3.5,54
16852.0,22.729887147307508,Regular,Potential_Loyalists,Low Risk,NORMAL,144.91,-784.9555750394384,-929.8655750394383,10,2,144.91,5,3,1,2.8,53
16855.0,24.21300286955775,Regular,Potential_Loyalists,Low Risk,NORMAL,328.40000000000003,-161.7263892369922,-490.1263892369922,24,2,328.40000000000003,4,3,2,2.8999999999999995,43
16856.0,15.259201547105992,Regular,Potential_Loyalists,Medium Risk,NORMAL,35.400000000000006,-706.5842436580232,-741.9842436580232,15,1,35.400000000000006,4,2,1,2.2,42
16858.0,9.46957045393924,Regular,Hibernating,High Risk,MEDIUM,375.69000000000005,524.200776781088,148.510776781088,369,1,375.69000000000005,1,2,2,1.7,12
16859.0,21.99220020152909,Regular,At_Risk,Medium Risk,NORMAL,747.8100000000001,584.7008538638145,-163.1091461361856,145,2,747.8100000000001,2,3,3,2.7,23
16861.0,15.146218983550481,Regular,Need_Attention,Low Risk,NORMAL,173.76,-1008.6403658915341,-1182.400365891534,60,2,173.76,3,3,1,2.2,33
16863.0,29.50725124013521,Regular,Potential_Loyalists,Low Risk,NORMAL,502.8,624.9394377114941,122.13943771149405,31,2,502.8,4,3,3,3.3,43
16866.0,15.071833552892356,Regular,At_Risk,Medium Risk,NORMAL,207.74,-1207.5079966850608,-1415.2479966850608,141,3,207.74,2,4,1,2.2,24
16869.0,33.39421921163121,Regular,Loyal_Customers,Low Risk,NORMAL,825.4200000000001,991.1199618411554,165.6999618411553,23,4,825.4200000000001,4,4,3,3.6,44
16871.0,47.86217892621873,High-Value,Loyal_Customers,Low Risk,HIGH,2812.34,2910.567710976682,98.22771097668192,22,6,2812.34,4,5,5,4.7,45
16872.0,25.576703172769598,Regular,At_Risk,Low Risk,NORMAL,680.02,142.24859242527896,-537.771407574721,77,3,680.02,2,4,3,3.0,24
16873.0,51.66259014874111,High-Value,Champions,Low Risk,HIGH,7123.620000000001,3045.340882278282,-4078.2791177217186,5,6,7123.620000000001,5,5,5,5.0,55
16875.0,40.43437902923652,High-Value,Loyal_Customers,Low Risk,HIGH,2095.53,3103.592921735857,1008.0629217358569,67,5,2095.53,3,4,5,4.1,34
16877.0,41.096608401776344,Regular,Champions,Low Risk,NORMAL,853.7199999999999,1532.202515054633,678.4825150546332,12,6,853.7199999999999,5,5,3,4.2,55
16878.0,7.6959040923781314,Regular,Hibernating,Medium Risk,NORMAL,13.3,-875.8084418056831,-889.108441805683,84,1,13.3,2,2,1,1.6,22
16880.0,42.82322128235552,Regular,Loyal_Customers,Low Risk,NORMAL,1519.0800000000002,2806.415402280856,1287.335402280856,31,7,1519.0800000000002,4,5,4,4.300000000000001,45
16881.0,16.78305868741458,Regular,About_to_Sleep,Medium Risk,NORMAL,432.0,25.56612755329502,-406.433872446705,67,1,432.0,3,2,2,2.3,32
16882.0,29.384619393355354,Regular,Loyal_Customers,Low Risk,NORMAL,705.12,297.0861926179871,-408.0338073820129,67,3,705.12,3,4,3,3.3,34
16883.0,12.931849171004703,Regular,At_Risk,Medium Risk,NORMAL,276.73,-245.01504088406352,-521.7450408840635,187,2,276.73,1,3,2,2.0,13
16884.0,20.40937521929393,Regular,Need_Attention,Low Risk,NORMAL,429.84,-305.0986014919241,-734.9386014919241,38,2,429.84,3,3,2,2.6,33
16885.0,27.860762253046765,Regular,Loyal_Customers,Low Risk,NORMAL,471.51,-435.0641785933311,-906.5741785933311,15,3,471.51,4,4,2,3.2,44
16887.0,11.462006752325056,Regular,About_to_Sleep,Medium Risk,NORMAL,194.88,-832.7583740062912,-1027.638374006291,35,1,194.88,3,2,1,1.9,32
16889.0,27.171321723390065,Regular,At_Risk,Medium Risk,NORMAL,1578.67,1063.5778646099022,-515.0921353900978,195,3,1578.67,1,4,4,3.1,14
16891.0,37.42847830925816,Regular,Champions,Low Risk,NORMAL,809.7,1751.0797117065365,941.3797117065365,2,5,809.7,5,4,3,3.9,54
16892.0,37.42740616667768,Regular,Champions,Low Risk,NORMAL,525.5400000000001,1748.2133647220924,1222.6733647220922,1,5,525.5400000000001,5,4,3,3.9,54
16893.0,4.180682796264196,Regular,Hibernating,High Risk,MEDIUM,145.93,-248.13331524517844,-394.06331524517844,367,1,145.93,1,2,1,1.2999999999999998,12
16895.0,11.494171029739544,Regular,About_to_Sleep,Medium Risk,NORMAL,219.14,-746.7679644729711,-965.9079644729711,65,1,219.14,3,2,1,1.9,32
16897.0,13.051929140018785,Regular,At_Risk,Medium Risk,NORMAL,289.78,76.01582137366472,-213.76417862633525,299,2,289.78,1,3,2,2.0,13
16898.0,33.15929919394615,Regular,Loyal_Customers,Low Risk,NORMAL,508.81,363.0670362929309,-145.74296370706912,26,3,508.81,4,4,3,3.6,44
16899.0,46.37906320396848,Regular,Champions,Low Risk,NORMAL,1281.56,2287.3385251742357,1005.7785251742357,8,6,1281.56,5,5,4,4.6,55
16900.0,33.149649910721806,Regular,Loyal_Customers,Low Risk,NORMAL,887.11,337.2699134329348,-549.8400865670652,17,3,887.11,4,4,3,3.6,44
16902.0,23.590442772495805,Regular,Hibernating,High Risk,MEDIUM,1706.88,1515.7188558686596,-191.1611441313405,116,1,1706.88,2,2,4,2.8,22
16903.0,20.560954915746827,Regular,Potential_Loyalists,Medium Risk,NORMAL,373.24,100.14601218157077,-273.09398781842924,29,1,373.24,4,2,2,2.6,42
16904.0,54.042882460425695,High-Value,Champions,Low Risk,HIGH,3754.27,9408.994200309404,5654.724200309403,4,16,3754.27,5,5,5,5.0,55
16905.0,51.900726594167615,High-Value,Champions,Low Risk,HIGH,3102.4300000000003,3681.992848779839,579.5628487798385,5,7,3102.4300000000003,5,5,5,5.0,55
16906.0,25.82020033109852,Regular,At_Risk,Low Risk,NORMAL,579.7700000000003,793.2322938490556,213.4622938490553,82,4,579.7700000000003,2,4,3,3.0,24
16907.0,38.92553188505469,Regular,Loyal_Customers,Low Risk,NORMAL,981.65,2411.571408306755,1429.921408306755,29,5,981.65,4,4,4,4.0,44
16909.0,16.788419400316997,Regular,About_to_Sleep,Medium Risk,NORMAL,379.14,39.89786247551524,-339.24213752448475,72,1,379.14,3,2,2,2.3,32
16910.0,46.851047524499556,Regular,Champions,Low Risk,NORMAL,1510.06,3549.1770702395734,2039.1170702395734,4,8,1510.06,5,5,4,4.6,55
16912.0,49.06036615141464,High-Value,Loyal_Customers,Low Risk,HIGH,2575.38,6113.8919723755735,3538.5119723755734,29,11,2575.38,4,5,5,4.7,45
16913.0,4.098127817567014,Regular,Hibernating,High Risk,MEDIUM,113.44,-468.8420330473665,-582.2820330473664,290,1,113.44,1,2,1,1.2999999999999998,12
16914.0,11.46307889490554,Regular,About_to_Sleep,Medium Risk,NORMAL,208.45999999999995,-829.8920270218472,-1038.352027021847,36,1,208.45999999999995,3,2,1,1.9,32
16915.0,41.093391974034894,Regular,Champions,Low Risk,NORMAL,621.6800000000001,1523.6034741013011,901.923474101301,9,6,621.6800000000001,5,5,3,4.2,55
16916.0,29.499746242071833,Regular,Potential_Loyalists,Low Risk,NORMAL,576.2600000000001,604.875008820386,28.615008820385924,24,2,576.2600000000001,4,3,3,3.3,43
16917.0,9.370933336534813,Regular,Hibernating,High Risk,MEDIUM,391.52,260.4968542122399,-131.0231457877601,277,1,391.52,1,2,2,1.7,12
16918.0,38.78681789956759,Regular,Loyal_Customers,Low Risk,NORMAL,1068.8200000000002,2040.7229584465879,971.9029584465877,50,6,1068.8200000000002,3,5,4,4.0,35
16919.0,41.559252966354784,High-Value,Cant_Loose,Medium Risk,HIGH,2596.4500000000003,6110.915899325666,3514.4658993256658,156,11,2596.4500000000003,2,5,5,4.1,25
16921.0,11.489882459417611,Regular,About_to_Sleep,Medium Risk,NORMAL,169.79000000000002,-758.2333524107471,-928.0233524107471,61,1,169.79000000000002,3,2,1,1.9,32
16923.0,54.765868937349076,High-Value,Champions,Low Risk,HIGH,7247.610000000001,11341.880875689627,4094.2708756896263,12,19,7247.610000000001,5,5,5,5.0,55
16924.0,33.15393848104374,Regular,Loyal_Customers,Low Risk,NORMAL,846.75,348.7353013707109,-498.0146986292891,21,3,846.75,4,4,3,3.6,44
16926.0,4.184971366586128,Regular,Hibernating,High Risk,MEDIUM,230.25000000000003,-236.66792730740235,-466.91792730740235,371,1,230.25000000000003,1,2,1,1.2999999999999998,12
16927.0,25.61851673340843,Regular,At_Risk,Medium Risk,NORMAL,543.0500000000001,254.03612481859523,-289.01387518140484,116,3,543.0500000000001,2,4,3,3.0,24
16928.0,42.906588802797124,High-Value,Cant_Loose,Low Risk,HIGH,2847.6,9712.985327517263,6865.385327517262,80,17,2847.6,2,5,5,4.1,25
16929.0,46.61291107907305,Regular,Champions,Low Risk,NORMAL,1295.39,2912.5251037380167,1617.1351037380166,4,7,1295.39,5,5,4,4.6,55
16930.0,27.87255582143208,Regular,Loyal_Customers,Low Risk,NORMAL,380.55,-403.5343617644471,-784.0843617644471,26,3,380.55,4,4,2,3.2,44
16931.0,55.23463683013871,High-Value,Champions,Low Risk,HIGH,4604.219999999999,12595.12037980163,7990.900379801631,5,21,4604.219999999999,5,5,5,5.0,55
16932.0,11.48130531877375,Regular,About_to_Sleep,Medium Risk,NORMAL,161.93999999999997,-781.1641282862992,-943.1041282862991,53,1,161.93999999999997,3,2,1,1.9,32
16933.0,33.293724609111315,Regular,Potential_Loyalists,Low Risk,NORMAL,563.23,722.4500982153218,159.22009821532174,1,2,563.23,5,3,3,3.6,53
16934.0,31.00108838819029,Regular,Need_Attention,Low Risk,NORMAL,950.93,1276.8320933583802,325.9020933583803,55,2,950.93,3,3,4,3.4,33
16936.0,20.557738488005377,Regular,Potential_Loyalists,Medium Risk,NORMAL,262.68,91.54697122823882,-171.1330287717612,26,1,262.68,4,2,2,2.6,42
16938.0,47.771333606923186,High-Value,Champions,Low Risk,HIGH,2736.38,2667.694970210844,-68.68502978915603,9,4,2736.38,5,4,5,4.7,54
16940.0,39.94202399967626,High-Value,Loyal_Customers,Low Risk,HIGH,3049.88,1787.2937839660833,-1262.5862160339168,52,3,3049.88,3,4,5,4.1,34
16942.0,47.09883325315041,Regular,Champions,Low Risk,NORMAL,1920.59,4211.626159601126,2291.036159601126,13,9,1920.59,5,5,4,4.6,55
16943.0,21.902804774744205,Regular,At_Risk,Medium Risk,NORMAL,816.7299999999999,345.7043652880716,-471.0256347119283,212,3,816.7299999999999,1,4,3,2.7,14
16945.0,50.957952716763316,High-Value,Loyal_Customers,Low Risk,HIGH,4345.5,11187.043275496919,6841.543275496919,22,19,4345.5,4,5,5,4.7,45
16947.0,9.326975490735016,Regular,Hibernating,High Risk,MEDIUM,406.48,142.97662785003558,-263.50337214996443,236,1,406.48,1,2,2,1.7,12
16948.0,20.356432640245462,Regular,At_Risk,Medium Risk,NORMAL,435.02,-446.63929259657084,-881.6592925965708,139,3,435.02,2,4,2,2.6,24
16949.0,46.374774633646545,Regular,Champions,Low Risk,NORMAL,1286.2700000000002,2275.87313723646,989.6031372364598,4,6,1286.2700000000002,5,5,4,4.6,55
16950.0,34.66064134006461,Regular,Loyal_Customers,Low Risk,NORMAL,1178.56,1035.024120830925,-143.53587916907486,57,3,1178.56,3,4,4,3.7,34
16951.0,30.92563081495168,Regular,At_Risk,Medium Risk,NORMAL,1277.7500000000002,1075.0981155804095,-202.65188441959071,135,3,1277.7500000000002,2,4,4,3.4,24
16952.0,11.38011632360355,Regular,At_Risk,Medium Risk,NORMAL,167.61,-1051.690433690926,-1219.3004336909262,109,2,167.61,2,3,1,1.9,23
16953.0,15.275283685813235,Regular,Potential_Loyalists,Medium Risk,NORMAL,20.8,-663.5890388913632,-684.3890388913632,30,1,20.8,4,2,1,2.2,42
16954.0,52.3727109146987,High-Value,Champions,Low Risk,HIGH,2085.08,4943.831393845176,2858.7513938451757,1,9,2085.08,5,5,5,5.0,55
16955.0,22.11199337049767,Regular,At_Risk,Medium Risk,NORMAL,518.67,904.9649632096402,386.2949632096403,185,4,518.67,1,4,3,2.7,14
16956.0,20.549161347361512,Regular,Potential_Loyalists,Medium Risk,NORMAL,308.74,68.61619535268687,-240.12380464731314,18,1,308.74,4,2,2,2.6,42
16957.0,12.987600585189814,Regular,At_Risk,Medium Risk,NORMAL,416.64,-95.96499769297532,-512.6049976929753,239,2,416.64,1,3,2,2.0,13
16959.0,7.69912052011958,Regular,Hibernating,Medium Risk,NORMAL,117.35,-867.209400852351,-984.559400852351,87,1,117.35,2,2,1,1.6,22
16960.0,29.354599401101837,Regular,Loyal_Customers,Low Risk,NORMAL,507.05,216.82847705355516,-290.22152294644485,39,3,507.05,3,4,3,3.3,34
16961.0,7.730212654953584,Regular,Hibernating,High Risk,MEDIUM,234.17,-784.0853383034749,-1018.2553383034749,116,1,234.17,2,2,1,1.6,22
16963.0,3.987697131777277,Regular,Hibernating,High Risk,MEDIUM,110.55,-764.0757724450988,-874.6257724450987,187,1,110.55,1,2,1,1.2999999999999998,12
16965.0,4.030582834996592,Regular,Hibernating,High Risk,MEDIUM,201.18999999999997,-649.4218930673386,-850.6118930673385,227,1,201.18999999999997,1,2,1,1.2999999999999998,12
16966.0,51.903943021909065,High-Value,Champions,Low Risk,HIGH,2154.9700000000003,3690.5918897331703,1535.62188973317,8,7,2154.9700000000003,5,5,5,5.0,55
16967.0,9.27658478945232,Regular,Hibernating,High Risk,MEDIUM,319.02,8.25831958116737,-310.7616804188326,189,1,319.02,1,2,2,1.7,12
16968.0,28.010197664338694,Regular,Potential_Loyalists,Low Risk,NORMAL,439.43,-35.55225888872428,-474.9822588887243,4,2,439.43,5,3,2,3.2,53
16969.0,29.354599401101837,Regular,Loyal_Customers,Low Risk,NORMAL,650.4100000000001,216.82847705355516,-433.5815229464449,39,3,650.4100000000001,3,4,3,3.3,34
16971.0,16.75196655258058,Regular,About_to_Sleep,Medium Risk,NORMAL,357.21,-57.55793499558081,-414.7679349955808,38,1,357.21,3,2,2,2.3,32
16976.0,9.360211910729985,Regular,Hibernating,High Risk,MEDIUM,251.52,231.83338436779968,-19.68661563220033,267,1,251.52,1,2,2,1.7,12
16978.0,12.97621460940931,Regular,Hibernating,Medium Risk,NORMAL,344.3299999999999,-126.40512565496886,-470.7351256549688,78,1,344.3299999999999,2,2,2,2.0,22
16979.0,46.374774633646545,Regular,Champions,Low Risk,NORMAL,1852.0,2275.87313723646,423.87313723646,4,6,1852.0,5,5,4,4.6,55
16980.0,23.578241611505685,Regular,At_Risk,Medium Risk,NORMAL,1078.9600000000005,1483.0993501728851,404.13935017288463,255,2,1078.9600000000005,1,3,4,2.8,13
16982.0,16.776625831931685,Regular,About_to_Sleep,Medium Risk,NORMAL,384.06,8.368045646631117,-375.6919543533689,61,1,384.06,3,2,2,2.3,32
16983.0,46.6225603622974,Regular,Champions,Low Risk,NORMAL,1931.25,2938.322226598012,1007.0722265980121,13,7,1931.25,5,5,4,4.6,55
16984.0,32.50457481946971,High-Value,At_Risk,Low Risk,HIGH,4481.35,1954.521871865263,-2526.828128134737,88,2,4481.35,2,3,5,3.5,23
16985.0,48.809363995022345,High-Value,Loyal_Customers,Low Risk,HIGH,5464.119999999999,5442.843842060689,-21.276157939309996,17,10,5464.119999999999,4,5,5,4.7,45
16986.0,34.79292247006881,Regular,Potential_Loyalists,Low Risk,NORMAL,1873.2,1388.6744887844281,-484.5255112155719,30,2,1873.2,4,3,4,3.7,43
16987.0,46.61183893649257,Regular,Champions,Low Risk,NORMAL,1625.0500000000002,2909.6587567535726,1284.6087567535724,3,7,1625.0500000000002,5,5,4,4.6,55
16988.0,19.067117767691748,Regular,Potential_Loyalists,Medium Risk,NORMAL,126.12,-551.7466434653153,-677.8666434653153,5,1,126.12,5,2,1,2.5,52
16989.0,46.377991061387995,Regular,Champions,Low Risk,NORMAL,1133.25,2284.4721781897915,1151.2221781897915,7,6,1133.25,5,5,4,4.6,55
16990.0,4.022005694352729,Regular,Hibernating,High Risk,MEDIUM,179.0,-672.3526689428907,-851.3526689428907,219,1,179.0,1,2,1,1.2999999999999998,12
16992.0,42.72487096499659,Regular,Champions,Low Risk,NORMAL,1614.3099999999995,2543.47823262391,929.1682326239106,11,5,1614.3099999999995,5,4,4,4.300000000000001,54
16996.0,42.58401269434852,Regular,Loyal_Customers,Low Risk,NORMAL,1456.9600000000005,2166.8970887948553,709.9370887948548,30,6,1456.9600000000005,4,5,4,4.300000000000001,45
16997.0,21.984287610860903,Regular,At_Risk,Medium Risk,NORMAL,702.0,563.5467361058159,-138.45326389418415,288,3,702.0,1,4,3,2.7,14
16998.0,20.606362654057282,Regular,At_Risk,Medium Risk,NORMAL,295.0,221.54249073386995,-73.45750926613005,150,4,295.0,2,4,2,2.6,24
16999.0,24.21193072697727,Regular,Potential_Loyalists,Low Risk,NORMAL,484.82,-164.5927362214362,-649.4127362214363,23,2,484.82,4,3,2,2.8999999999999995,43
17001.0,52.84898380555171,High-Value,Champions,Low Risk,HIGH,3989.57,6217.135326848289,2227.565326848289,1,11,3989.57,5,5,5,5.0,55
17002.0,30.87309582850802,Regular,At_Risk,Low Risk,NORMAL,1493.7300000000002,934.6471133426537,-559.0828866573465,86,3,1493.7300000000002,2,4,4,3.4,24
17004.0,30.991439104965945,Regular,Need_Attention,Low Risk,NORMAL,1412.9400000000005,1251.0349704983844,-161.90502950161613,46,2,1412.9400000000005,3,3,4,3.4,33
17006.0,37.193558291573105,Regular,Champions,Low Risk,NORMAL,781.78,1123.0267861583118,341.2467861583118,5,4,781.78,5,4,3,3.9,54
17007.0,33.501146669634,Regular,Loyal_Customers,Low Risk,NORMAL,889.9299999999998,1276.9879073736536,387.05790737365373,51,6,889.9299999999998,3,5,3,3.6,35
17010.0,15.26241797484744,Regular,Potential_Loyalists,Medium Risk,NORMAL,195.36,-697.9852027046912,-893.3452027046912,18,1,195.36,4,2,1,2.2,42
17011.0,20.56202705832731,Regular,Potential_Loyalists,Medium Risk,NORMAL,270.9,103.01235916601468,-167.8876408339853,30,1,270.9,4,2,2,2.6,42
17014.0,36.95863827388805,Regular,Champions,Low Risk,NORMAL,586.3299999999999,494.97386061008706,-91.35613938991287,8,3,586.3299999999999,5,4,3,3.9,54
17015.0,38.44925899420167,Regular,Loyal_Customers,Low Risk,NORMAL,1842.56,1138.2674753036415,-704.2925246963584,29,3,1842.56,4,4,4,4.0,44
17017.0,54.99435609955124,High-Value,Champions,Low Risk,HIGH,8694.26,11952.735719331187,3258.475719331187,3,20,8694.26,5,5,5,5.0,55
17018.0,25.699335019549455,Regular,Need_Attention,Low Risk,NORMAL,920.1,470.1018375187857,-449.9981624812143,41,2,920.1,3,3,3,3.0,33
17019.0,42.486734519570085,Regular,Champions,Low Risk,NORMAL,1272.61,1906.8262661223537,634.2162661223538,11,4,1272.61,5,4,4,4.300000000000001,54
17022.0,15.276355828393717,Regular,Potential_Loyalists,Medium Risk,NORMAL,71.0,-660.7226919069192,-731.7226919069192,31,1,71.0,4,2,1,2.2,42
17024.0,18.787545511556583,Regular,Loyal_Customers,Low Risk,NORMAL,95.85,-1299.1762371545371,-1395.026237154537,45,3,95.85,3,4,1,2.5,34
17025.0,24.09144316535838,Regular,Loyal_Customers,Low Risk,NORMAL,357.77,-486.71328734605504,-844.483287346055,61,3,357.77,3,4,2,2.8999999999999995,34
17026.0,7.642961513329663,Regular,At_Risk,Medium Risk,NORMAL,154.82999999999998,-1017.3491329103297,-1172.1791329103296,185,2,154.82999999999998,1,3,1,1.6,13
17027.0,29.71252901549693,Regular,Cant_Loose,Low Risk,NORMAL,890.2900000000001,1173.7445529009376,283.45455290093753,79,6,890.2900000000001,2,5,3,3.3000000000000003,25
17029.0,21.95574735379267,Regular,At_Risk,Medium Risk,NORMAL,716.0,487.2450563927184,-228.75494360728158,111,2,716.0,2,3,3,2.7,23
17030.0,11.49309888715906,Regular,About_to_Sleep,Medium Risk,NORMAL,146.87000000000003,-749.6343114574152,-896.5043114574152,64,1,146.87000000000003,3,2,1,1.9,32
17031.0,28.018774804982556,Regular,Potential_Loyalists,Low Risk,NORMAL,380.35,-12.621483013172337,-392.97148301317236,12,2,380.35,5,3,2,3.2,53
17033.0,30.87309582850802,Regular,At_Risk,Low Risk,NORMAL,1030.14,934.6471133426537,-95.49288665734639,86,3,1030.14,2,4,4,3.4,24
17034.0,33.14857776814132,Regular,Loyal_Customers,Low Risk,NORMAL,745.5200000000001,334.40356644849066,-411.11643355150943,16,3,745.5200000000001,4,4,3,3.6,44
17035.0,12.995105583253194,Regular,At_Risk,Medium Risk,NORMAL,433.53,-75.90056880186717,-509.43056880186714,246,2,433.53,1,3,2,2.0,13
17037.0,23.560422780242284,Regular,Hibernating,Medium Risk,NORMAL,1267.32,1435.4611403042275,168.14114030422752,88,1,1267.32,2,2,4,2.8,22
17038.0,15.275283685813235,Regular,Potential_Loyalists,Medium Risk,NORMAL,112.40000000000002,-663.5890388913632,-775.9890388913632,30,1,112.40000000000002,4,2,1,2.2,42
17040.0,13.040543164238281,Regular,Hibernating,High Risk,MEDIUM,449.73,45.57569341167141,-404.1543065883286,138,1,449.73,2,2,2,2.0,22
17041.0,38.44711470904071,Regular,Loyal_Customers,Low Risk,NORMAL,1081.57,1132.5347813347532,50.9647813347533,27,3,1081.57,4,4,4,4.0,44
17042.0,42.716293824352725,Regular,Champions,Low Risk,NORMAL,1044.38,2520.547456748359,1476.1674567483587,3,5,1044.38,5,4,4,4.300000000000001,54
17043.0,38.690611867369626,Regular,Loyal_Customers,Low Risk,NORMAL,1735.18,1783.5184827585301,48.33848275853006,32,4,1735.18,4,4,4,4.0,44
17044.0,31.130153090453046,Regular,Potential_Loyalists,Medium Risk,NORMAL,948.48,1621.8834203585513,673.4034203585513,25,1,948.48,4,2,4,3.4,42
17045.0,20.328556933152907,Regular,At_Risk,Medium Risk,NORMAL,339.43999999999994,-521.164314192115,-860.6043141921149,113,3,339.43999999999994,2,4,2,2.6,24
17046.0,18.347657245781534,Regular,Hibernating,High Risk,MEDIUM,642.0199999999999,866.6376841734852,224.61768417348537,157,1,642.0199999999999,2,2,3,2.4000000000000004,22
17047.0,30.872023685927537,Regular,At_Risk,Low Risk,NORMAL,1100.9,931.7807663582096,-169.11923364179052,85,3,1100.9,2,4,4,3.4,24
17048.0,25.620661018569397,Regular,At_Risk,Medium Risk,NORMAL,925.35,259.76881878748304,-665.581181212517,118,3,925.35,2,4,3,3.0,24
17049.0,52.37485519985967,High-Value,Champions,Low Risk,HIGH,5659.98,4949.564087814064,-710.4159121859357,3,9,5659.98,5,5,5,5.0,55
17050.0,40.30424218439328,High-Value,Cant_Loose,Medium Risk,HIGH,3228.84,2755.675247751242,-473.1647522487583,96,6,3228.84,2,5,5,4.1,25
17051.0,3.995202129840657,Regular,Hibernating,High Risk,MEDIUM,247.14,-744.0113435539907,-991.1513435539907,194,1,247.14,1,2,1,1.2999999999999998,12
17052.0,20.559882773166343,Regular,Potential_Loyalists,Medium Risk,NORMAL,413.75,97.27966519712686,-316.47033480287314,28,1,413.75,4,2,2,2.6,42
17053.0,18.319781538688982,Regular,Hibernating,High Risk,MEDIUM,498.48,792.1126625779411,293.6326625779411,131,1,498.48,2,2,3,2.4000000000000004,22
17054.0,38.924459742474205,Regular,Loyal_Customers,Low Risk,NORMAL,1356.3300000000002,2408.705061322311,1052.3750613223108,28,5,1356.3300000000002,4,4,4,4.0,44
17058.0,30.868807258186088,Regular,At_Risk,Low Risk,NORMAL,1179.89,923.1817254048774,-256.7082745951227,82,3,1179.89,2,4,4,3.4,24
17059.0,44.21334740014925,High-Value,Loyal_Customers,Low Risk,HIGH,3095.04,3181.039153348577,85.99915334857724,30,5,3095.04,4,4,5,4.4,44
17060.0,4.072396395635424,Regular,Hibernating,High Risk,MEDIUM,234.24,-537.6343606740226,-771.8743606740226,266,1,234.24,1,2,1,1.2999999999999998,12
17061.0,41.471337274755186,High-Value,Cant_Loose,Low Risk,HIGH,5232.23,5875.875446601258,643.6454466012583,74,11,5232.23,2,5,5,4.1,25
17062.0,22.250299763379964,Regular,At_Risk,Medium Risk,NORMAL,538.37,1274.7237242029166,736.3537242029166,314,4,538.37,1,4,3,2.7,14
17063.0,42.81249985655069,Regular,Loyal_Customers,Low Risk,NORMAL,1461.14,2777.7519324364166,1316.6119324364165,21,7,1461.14,4,5,4,4.300000000000001,45
17064.0,29.376042252711493,Regular,Loyal_Customers,Low Risk,NORMAL,859.35,274.15541674243514,-585.1945832575649,59,3,859.35,3,4,3,3.3,34
17068.0,55.24214182820209,High-Value,Champions,Low Risk,HIGH,4552.139999999999,12615.184808692738,8063.044808692739,12,21,4552.139999999999,5,5,5,5.0,55
17069.0,48.58302111798115,High-Value,Loyal_Customers,Low Risk,HIGH,2709.7,4837.721692388016,2128.021692388016,28,9,2709.7,4,5,5,4.7,45
17070.0,13.014811742306692,Regular,Hibernating,High Risk,MEDIUM,312.14,-23.21663421498465,-335.35663421498464,114,1,312.14,2,2,2,2.0,22
17071.0,48.58302111798115,High-Value,Loyal_Customers,Low Risk,HIGH,2429.03,4837.721692388016,2408.691692388016,28,9,2429.03,4,5,5,4.7,45
17073.0,38.67560187124287,Regular,Loyal_Customers,Low Risk,NORMAL,1446.09,1743.389624976314,297.29962497631413,18,4,1446.09,4,4,4,4.0,44
17075.0,33.388858498728794,Regular,Loyal_Customers,Low Risk,NORMAL,834.1199999999999,976.7882269189356,142.66822691893572,18,4,834.1199999999999,4,4,3,3.6,44
17076.0,29.351382973360387,Regular,Loyal_Customers,Low Risk,NORMAL,841.0799999999999,208.22943610022298,-632.850563899777,36,3,841.0799999999999,3,4,3,3.3,34
17078.0,20.407230934132965,Regular,Need_Attention,Low Risk,NORMAL,378.2000000000001,-310.83129546081216,-689.0312954608123,36,2,378.2000000000001,3,3,2,2.6,33
17079.0,7.689471236895234,Regular,Hibernating,Medium Risk,NORMAL,118.8,-893.0065237123471,-1011.806523712347,78,1,118.8,2,2,1,1.6,22
17080.0,24.210858584396785,Regular,Potential_Loyalists,Low Risk,NORMAL,287.62,-167.45908320588023,-455.07908320588024,22,2,287.62,4,3,2,2.8999999999999995,43
17081.0,24.214075012138235,Regular,Potential_Loyalists,Low Risk,NORMAL,290.16,-158.86004225254817,-449.0200422525482,25,2,290.16,4,3,2,2.8999999999999995,43
17082.0,34.79613889781026,Regular,Potential_Loyalists,Low Risk,NORMAL,2003.85,1397.27352973776,-606.5764702622398,33,2,2003.85,4,3,4,3.7,43
17083.0,30.897755107859126,Regular,At_Risk,Medium Risk,NORMAL,1405.78,1000.5730939848656,-405.20690601513434,109,3,1405.78,2,4,4,3.4,24
17084.0,36.26638890909471,High-Value,Need_Attention,Low Risk,HIGH,2949.75,1986.1065517268783,-963.6434482731217,35,2,2949.75,3,3,5,3.8,33
17085.0,31.3890379948389,Regular,At_Risk,Medium Risk,NORMAL,1566.65,2314.005884770195,747.3558847701947,123,5,1566.65,2,4,4,3.4,24
17086.0,46.377991061387995,Regular,Champions,Low Risk,NORMAL,2050.08,2284.4721781897915,234.3921781897916,7,6,2050.08,5,5,4,4.6,55
17088.0,38.6863232970477,Regular,Loyal_Customers,Low Risk,NORMAL,1991.01,1772.053094820754,-218.95690517924595,28,4,1991.01,4,4,4,4.0,44
17090.0,46.61291107907305,Regular,Champions,Low Risk,NORMAL,2043.9500000000005,2912.5251037380167,868.5751037380162,4,7,2043.9500000000005,5,5,4,4.6,55
17091.0,52.37485519985967,High-Value,Champions,Low Risk,HIGH,3827.7600000000007,4949.564087814064,1121.8040878140632,3,9,3827.7600000000007,5,5,5,5.0,55
17092.0,34.89127278742773,Regular,Loyal_Customers,Low Risk,NORMAL,1777.7800000000002,1651.6116584413737,-126.16834155862648,50,4,1777.7800000000002,3,4,4,3.7,34
17094.0,9.419179752656543,Regular,Hibernating,High Risk,MEDIUM,301.99999999999994,389.48246851221984,87.4824685122199,322,1,301.99999999999994,1,2,2,1.7,12
17095.0,38.44282613871878,Regular,Loyal_Customers,Low Risk,NORMAL,1324.16,1121.0693933969771,-203.09060660302293,23,3,1324.16,4,4,4,4.0,44
17096.0,38.67238544350142,Regular,Loyal_Customers,Low Risk,NORMAL,1022.13,1734.790584022982,712.6605840229821,15,4,1022.13,4,4,4,4.0,44
17097.0,46.84890323933859,Regular,Champions,Low Risk,NORMAL,954.42,3543.444376270685,2589.024376270685,2,8,954.42,5,5,4,4.6,55
17100.0,34.78005675910301,Regular,Potential_Loyalists,Low Risk,NORMAL,971.74,1354.2783249711,382.5383249710999,18,2,971.74,4,3,4,3.7,43
17101.0,42.4856623769896,Regular,Champions,Low Risk,NORMAL,1621.73,1903.9599191379095,282.2299191379095,10,4,1621.73,5,4,4,4.300000000000001,54
17102.0,4.0681078253134935,Regular,Hibernating,High Risk,MEDIUM,25.5,-549.0997486117985,-574.5997486117985,262,1,25.5,1,2,1,1.2999999999999998,12
17105.0,22.00721019765585,Regular,At_Risk,Medium Risk,NORMAL,665.7799999999999,624.8297116460305,-40.95028835396931,159,2,665.7799999999999,2,3,3,2.7,23
17107.0,47.87397249460404,High-Value,Loyal_Customers,Low Risk,HIGH,10815.43,2942.0975278055657,-7873.332472194435,33,6,10815.43,4,5,5,4.7,45
17109.0,37.29619717925396,Regular,Loyal_Customers,Low Risk,NORMAL,885.0400000000001,1397.4293437530334,512.3893437530334,29,6,885.0400000000001,4,5,3,3.9,45
17110.0,7.782747641397245,Regular,Hibernating,High Risk,MEDIUM,163.3,-643.6343360657188,-806.9343360657188,165,1,163.3,2,2,1,1.6,22
17111.0,11.47487246329085,Regular,About_to_Sleep,Medium Risk,NORMAL,248.61,-798.3622101929632,-1046.9722101929633,47,1,248.61,3,2,1,1.9,32
17114.0,41.566448437146455,Regular,Champions,Low Risk,NORMAL,808.62,2788.3083661510827,1979.6883661510828,6,8,808.62,5,5,3,4.2,55
17115.0,36.95863827388805,Regular,Champions,Low Risk,NORMAL,837.4999999999997,494.97386061008706,-342.5261393899126,8,3,837.4999999999997,5,4,3,3.9,54
17117.0,4.095983532406048,Regular,Hibernating,High Risk,MEDIUM,116.2,-474.5747270162544,-590.7747270162545,288,1,116.2,1,2,1,1.2999999999999998,12
17118.0,4.128147809820534,Regular,Hibernating,High Risk,MEDIUM,157.02,-388.58431748293424,-545.6043174829342,318,1,157.02,1,2,1,1.2999999999999998,12
17119.0,33.29586889427228,Regular,Potential_Loyalists,Low Risk,NORMAL,606.91,728.1827921842098,121.27279218420983,3,2,606.91,5,3,3,3.6,53
17120.0,9.323759062993567,Regular,Hibernating,High Risk,MEDIUM,307.46000000000004,134.37758689670363,-173.0824131032964,233,1,307.46000000000004,1,2,2,1.7,12
17122.0,7.733429082695033,Regular,Hibernating,High Risk,MEDIUM,138.32,-775.4862973501429,-913.8062973501428,119,1,138.32,2,2,1,1.6,22
17123.0,13.066274586169872,Regular,Hibernating,High Risk,MEDIUM,345.29999999999995,114.36802103832747,-230.93197896167248,162,1,345.29999999999995,2,2,2,2.0,22
17124.0,9.27229621913039,Regular,Hibernating,High Risk,MEDIUM,298.89,-3.207068356608488,-302.0970683566085,185,1,298.89,1,2,2,1.7,12
17125.0,16.764832263546374,Regular,About_to_Sleep,Medium Risk,NORMAL,259.35,-23.161771182253005,-282.511771182253,50,1,259.35,3,2,2,2.3,32
17126.0,31.420130129672906,Regular,At_Risk,Medium Risk,NORMAL,1004.75,2397.129947319071,1392.379947319071,152,5,1004.75,2,4,4,3.4,24
17128.0,4.146374233688744,Regular,Hibernating,High Risk,MEDIUM,157.08999999999995,-339.8564187473862,-496.94641874738613,335,1,157.08999999999995,1,2,1,1.2999999999999998,12
17131.0,48.00518148202776,High-Value,Champions,Low Risk,HIGH,2463.17,3292.881548774625,829.711548774625,5,5,2463.17,5,4,5,4.7,54
17133.0,48.09388251616234,High-Value,Loyal_Customers,Low Risk,HIGH,4892.240000000001,3530.021595571575,-1362.2184044284259,16,7,4892.240000000001,4,5,5,4.7,45
17134.0,16.664715410956656,Regular,At_Risk,Medium Risk,NORMAL,425.0,-290.82172960243565,-715.8217296024357,107,2,425.0,2,3,2,2.3,23
17135.0,42.80713914364827,Regular,Loyal_Customers,Low Risk,NORMAL,1139.73,2763.420197514196,1623.690197514196,16,7,1139.73,4,5,4,4.300000000000001,45
17138.0,9.369861193954332,Regular,Hibernating,High Risk,MEDIUM,380.5,257.63050722779576,-122.86949277220424,276,1,380.5,1,2,2,1.7,12
17139.0,49.28456474329487,High-Value,Loyal_Customers,Low Risk,HIGH,10668.47,6713.281428079358,-3955.188571920641,16,12,10668.47,4,5,5,4.7,45
17140.0,9.338769059120327,Regular,Hibernating,High Risk,MEDIUM,465.32,174.50644467891948,-290.8135553210805,247,1,465.32,1,2,2,1.7,12
17142.0,14.616935290990542,Regular,Hibernating,High Risk,MEDIUM,578.9999999999999,918.1770668607458,339.17706686074587,239,1,578.9999999999999,1,2,3,2.1,12
17144.0,38.58046798162539,Regular,Potential_Loyalists,Low Risk,NORMAL,984.57,1489.0514962727,504.4814962726999,1,2,984.57,5,3,4,4.0,53
17146.0,25.607795307603602,Regular,At_Risk,Medium Risk,NORMAL,749.78,225.372654974155,-524.407345025845,106,3,749.78,2,4,3,3.0,24
17147.0,38.680962584145284,Regular,Loyal_Customers,Low Risk,NORMAL,1714.59,1757.7213598985338,43.1313598985339,23,4,1714.59,4,4,4,4.0,44
17148.0,11.480233176193266,Regular,About_to_Sleep,Medium Risk,NORMAL,124.88,-784.0304752707432,-908.9104752707432,52,1,124.88,3,2,1,1.9,32
17152.0,27.171321723390065,Regular,At_Risk,Medium Risk,NORMAL,1689.5,1063.5778646099022,-625.9221353900978,195,3,1689.5,1,4,4,3.1,14
17153.0,15.268850830330337,Regular,Potential_Loyalists,Medium Risk,NORMAL,213.78,-680.7871207980272,-894.5671207980272,24,1,213.78,4,2,1,2.2,42
17154.0,12.97299818166786,Regular,Hibernating,Medium Risk,NORMAL,329.34,-135.0041666083008,-464.3441666083008,75,1,329.34,2,2,2,2.0,22
17155.0,24.206570014074856,Regular,Potential_Loyalists,Low Risk,NORMAL,251.69999999999996,-178.9244711436562,-430.62447114365614,18,2,251.69999999999996,4,3,2,2.8999999999999995,43
17157.0,28.014486234660627,Regular,Potential_Loyalists,Low Risk,NORMAL,319.0,-24.086870950948196,-343.0868709509482,8,2,319.0,5,3,2,3.2,53
17158.0,38.45247542194312,Regular,Loyal_Customers,Low Risk,NORMAL,1266.97,1146.8665162569735,-120.10348374302657,32,3,1266.97,4,4,4,4.0,44
17159.0,38.441753996138296,Regular,Loyal_Customers,Low Risk,NORMAL,1538.88,1118.2030464125335,-420.67695358746664,22,3,1538.88,4,4,4,4.0,44
17160.0,47.87182820944308,High-Value,Loyal_Customers,Low Risk,HIGH,3518.03,2936.3648338366784,-581.6651661633218,31,6,3518.03,4,5,5,4.7,45
17162.0,43.53548633347407,Regular,Loyal_Customers,Low Risk,NORMAL,1715.46,4710.638607816638,2995.178607816638,29,10,1715.46,4,5,4,4.300000000000001,45
17163.0,24.210858584396785,Regular,Potential_Loyalists,Low Risk,NORMAL,293.1,-167.45908320588023,-460.55908320588026,22,2,293.1,4,3,2,2.8999999999999995,43
17164.0,48.11210894003055,High-Value,Loyal_Customers,Low Risk,HIGH,2467.35,3578.7494943071233,1111.3994943071234,33,7,2467.35,4,5,5,4.7,45
17165.0,4.091694962084117,Regular,Hibernating,High Risk,MEDIUM,158.68,-486.0401149540305,-644.7201149540306,284,1,158.68,1,2,1,1.2999999999999998,12
17166.0,15.12370398936034,Regular,Need_Attention,Low Risk,NORMAL,206.34,-1068.833652564858,-1275.173652564858,39,2,206.34,3,3,1,2.2,33
17169.0,25.717561443417665,Regular,Need_Attention,Low Risk,NORMAL,835.7800000000002,518.829736254334,-316.95026374566623,58,2,835.7800000000002,3,3,3,3.0,33
17171.0,4.097055674986531,Regular,Hibernating,High Risk,MEDIUM,224.91,-471.7083800318104,-696.6183800318104,289,1,224.91,1,2,1,1.2999999999999998,12
17172.0,12.977286751989793,Regular,Hibernating,Medium Risk,NORMAL,317.76,-123.53877867052483,-441.2987786705248,79,1,317.76,2,2,2,2.0,22
17173.0,52.13886303959413,High-Value,Champions,Low Risk,HIGH,3766.6,4318.6448152813955,552.0448152813956,5,8,3766.6,5,5,5,5.0,55
17174.0,4.020933551772246,Regular,Hibernating,High Risk,MEDIUM,59.9,-675.2190159273347,-735.1190159273347,218,1,59.9,1,2,1,1.2999999999999998,12
17175.0,34.88483993194483,Regular,Loyal_Customers,Low Risk,NORMAL,1443.69,1634.4135765347098,190.72357653470976,44,4,1443.69,3,4,4,3.7,34
17176.0,9.290522642998598,Regular,Hibernating,High Risk,MEDIUM,306.13,45.520830378939536,-260.60916962106046,202,1,306.13,1,2,2,1.7,12
17179.0,25.68498957339837,Regular,At_Risk,Medium Risk,NORMAL,711.79,431.7496378541234,-280.04036214587654,178,3,711.79,2,4,3,3.0,24
17180.0,29.610962270396552,Regular,Loyal_Customers,Low Risk,NORMAL,796.03,902.2083422906599,106.17834229065988,56,4,796.03,3,4,3,3.3,34
17181.0,15.143002555809034,Regular,Need_Attention,Low Risk,NORMAL,239.92,-1017.239406844866,-1257.159406844866,57,2,239.92,3,3,1,2.2,33
17183.0,51.66580657648256,High-Value,Champions,Low Risk,HIGH,3347.31,3053.9399232316136,-293.3700767683863,8,6,3347.31,5,5,5,5.0,55
17186.0,15.132281130004204,Regular,Need_Attention,Low Risk,NORMAL,144.0,-1045.9028766893061,-1189.9028766893061,47,2,144.0,3,3,1,2.2,33
17187.0,4.030582834996592,Regular,Hibernating,High Risk,MEDIUM,203.95,-649.4218930673386,-853.3718930673385,227,1,203.95,1,2,1,1.2999999999999998,12
17188.0,51.907159449650514,High-Value,Champions,Low Risk,HIGH,2474.23,3699.1909306865027,1224.9609306865027,11,7,2474.23,5,5,5,5.0,55
17189.0,16.663643268376177,Regular,At_Risk,Medium Risk,NORMAL,384.4,-293.6880765868798,-678.0880765868798,106,2,384.4,2,3,2,2.3,23
17190.0,20.43189021348407,Regular,Need_Attention,Low Risk,NORMAL,444.74,-244.90531481860012,-689.6453148186001,59,2,444.74,3,3,2,2.6,33
17191.0,48.106748227128136,High-Value,Loyal_Customers,Low Risk,HIGH,2095.13,3564.4177593849026,1469.2877593849025,28,7,2095.13,4,5,5,4.7,45
17193.0,39.009944348867336,Regular,Loyal_Customers,Low Risk,NORMAL,1699.3000000000002,2637.2460671659283,937.9460671659281,36,7,1699.3000000000002,3,5,4,4.0,35
17194.0,13.025125575506713,Regular,At_Risk,Medium Risk,NORMAL,262.62,4.357146762564753,-258.26285323743525,274,2,262.62,1,3,2,2.0,13
17197.0,31.135513803355458,Regular,Potential_Loyalists,Medium Risk,NORMAL,1013.01,1636.2151552807711,623.2051552807711,30,1,1013.01,4,2,4,3.4,42
17198.0,33.15715490878518,Regular,Loyal_Customers,Low Risk,NORMAL,692.2199999999999,357.33434232404284,-334.8856576759571,24,3,692.2199999999999,4,4,3,3.6,44
17201.0,16.769120833868307,Regular,About_to_Sleep,Medium Risk,NORMAL,342.63,-11.69638324447692,-354.3263832444769,54,1,342.63,3,2,2,2.3,32
17203.0,44.05855127595491,High-Value,Loyal_Customers,Low Risk,HIGH,3563.8499999999995,2767.1954987217496,-796.6545012782499,36,6,3563.8499999999995,3,5,5,4.4,35
17204.0,31.206652963597502,Regular,At_Risk,Medium Risk,NORMAL,1564.56,1826.4039614597266,261.84396145972664,175,4,1564.56,2,4,4,3.4,24
17205.0,16.769120833868307,Regular,About_to_Sleep,Medium Risk,NORMAL,384.08,-11.69638324447692,-395.7763832444769,54,1,384.08,3,2,2,2.3,32
17206.0,11.48130531877375,Regular,About_to_Sleep,Medium Risk,NORMAL,204.24,-781.1641282862992,-985.4041282862992,53,1,204.24,3,2,1,1.9,32
17211.0,48.34381252997416,High-Value,Loyal_Customers,Low Risk,HIGH,2317.2200000000003,4198.203378902015,1880.983378902015,27,8,2317.2200000000003,4,5,5,4.7,45
17212.0,4.058458542089147,Regular,Hibernating,High Risk,MEDIUM,226.85,-574.8968714717946,-801.7468714717946,253,1,226.85,1,2,1,1.2999999999999998,12
17213.0,44.30097629170335,High-Value,Loyal_Customers,Low Risk,HIGH,2781.2300000000005,3415.312853161083,634.0828531610823,40,7,2781.2300000000005,3,5,5,4.4,35
17214.0,38.79753932537242,Regular,Loyal_Customers,Low Risk,NORMAL,1069.12,2069.386428291028,1000.2664282910282,60,6,1069.12,3,5,4,4.0,35
17217.0,4.038087833059972,Regular,Hibernating,High Risk,MEDIUM,113.5,-629.3574641762306,-742.8574641762306,234,1,113.5,1,2,1,1.2999999999999998,12
17218.0,47.327320415352574,Regular,Champions,Low Risk,NORMAL,1960.72,4822.481003242687,2861.7610032426865,4,10,1960.72,5,5,4,4.6,55
17219.0,15.2774279709742,Regular,Potential_Loyalists,Medium Risk,NORMAL,114.23,-657.8563449224752,-772.0863449224752,32,1,114.23,4,2,1,2.2,42
17220.0,49.76941477479175,High-Value,Loyal_Customers,Low Risk,HIGH,3198.25,8009.516136958024,4811.266136958024,24,14,3198.25,4,5,5,4.7,45
17221.0,28.013414092080144,Regular,Potential_Loyalists,Low Risk,NORMAL,335.13000000000005,-26.953217935392104,-362.08321793539216,7,2,335.13000000000005,5,3,2,3.2,53
17222.0,16.780914402253618,Regular,About_to_Sleep,Medium Risk,NORMAL,354.15,19.833433584407203,-334.3165664155928,65,1,354.15,3,2,2,2.3,32
17223.0,13.063722708404098,Regular,At_Risk,Medium Risk,NORMAL,426.79,107.54563820254884,-319.2443617974512,310,2,426.79,1,3,2,2.0,13
17226.0,9.405241899110266,Regular,Hibernating,High Risk,MEDIUM,393.49,352.2199577144477,-41.270042285552336,309,1,393.49,1,2,2,1.7,12
17227.0,37.285475753449134,Regular,Loyal_Customers,Low Risk,NORMAL,939.32,1368.7658739085934,429.4458739085934,19,6,939.32,4,5,3,3.9,45
17228.0,43.04527558907478,Regular,Loyal_Customers,Low Risk,NORMAL,1906.09,3400.0721640157535,1493.9821640157536,16,8,1906.09,4,5,4,4.300000000000001,45
17229.0,16.652921842571345,Regular,At_Risk,Medium Risk,NORMAL,318.76000000000005,-322.3515464313198,-641.1115464313198,96,2,318.76000000000005,2,3,2,2.3,23
17230.0,37.141997382376836,High-Value,Cant_Loose,Medium Risk,HIGH,3638.41,4327.0244041038,688.6144041038006,264,8,3638.41,1,5,5,3.8,15
17231.0,52.62264092851052,High-Value,Champions,Low Risk,HIGH,3174.32,5612.013177175617,2437.6931771756167,12,10,3174.32,5,5,5,5.0,55
17232.0,28.00912552175821,Regular,Potential_Loyalists,Low Risk,NORMAL,421.52,-38.41860587316819,-459.93860587316817,3,2,421.52,5,3,2,3.2,53
17233.0,11.462006752325056,Regular,About_to_Sleep,Medium Risk,NORMAL,190.88,-832.7583740062912,-1023.6383740062912,35,1,190.88,3,2,1,1.9,32
17234.0,3.983408561455345,Regular,Hibernating,High Risk,MEDIUM,149.89,-775.5411603828748,-925.4311603828747,183,1,149.89,1,2,1,1.2999999999999998,12
17235.0,29.500818384652316,Regular,Potential_Loyalists,Low Risk,NORMAL,550.0600000000002,607.7413558048299,57.681355804829764,25,2,550.0600000000002,4,3,3,3.3,43
17236.0,41.09768054435682,Regular,Champions,Low Risk,NORMAL,916.13,1535.0688620390772,618.9388620390772,13,6,916.13,5,5,3,4.2,55
17237.0,28.017702662402076,Regular,Potential_Loyalists,Low Risk,NORMAL,314.69,-15.487829997616245,-330.17782999761624,11,2,314.69,5,3,2,3.2,53
17238.0,54.27994676327172,High-Value,Champions,Low Risk,HIGH,3744.65,10042.779819826517,6298.129819826518,3,17,3744.65,5,5,5,5.0,55
17239.0,9.409530469432198,Regular,Hibernating,High Risk,MEDIUM,382.50000000000006,363.68534565222376,-18.814654347776298,313,1,382.50000000000006,1,2,2,1.7,12
17242.0,27.239274298565295,Regular,At_Risk,Medium Risk,NORMAL,1135.04,1245.247413496765,110.20741349676496,108,2,1135.04,2,3,4,3.1,23
17243.0,56.42103048694931,High-Value,Champions,Low Risk,HIGH,8676.849999999999,15766.914824371637,7090.064824371639,1,26,8676.849999999999,5,5,5,5.0,55
17244.0,27.341535436315976,Regular,About_to_Sleep,Medium Risk,NORMAL,954.9,1518.6400658858354,563.7400658858354,53,1,954.9,3,2,4,3.1,32
17245.0,4.0069956982259685,Regular,Hibernating,High Risk,MEDIUM,171.45,-712.4815267251067,-883.9315267251068,205,1,171.45,1,2,1,1.2999999999999998,12
17247.0,20.545944919620066,Regular,Potential_Loyalists,Medium Risk,NORMAL,282.19,60.01715439935492,-222.17284560064508,15,1,282.19,4,2,2,2.6,42
17248.0,13.02124459778959,Regular,Hibernating,High Risk,MEDIUM,318.65000000000003,-6.01855230832075,-324.6685523083208,120,1,318.65000000000003,2,2,2,2.0,22
17250.0,28.010197664338694,Regular,Potential_Loyalists,Low Risk,NORMAL,384.52,-35.55225888872428,-420.07225888872426,4,2,384.52,5,3,2,3.2,53
17251.0,9.463137598456342,Regular,Hibernating,High Risk,MEDIUM,283.28,507.00269487442415,223.72269487442418,363,1,283.28,1,2,2,1.7,12
17252.0,16.675436836761488,Regular,At_Risk,Medium Risk,NORMAL,353.86,-262.15825975799567,-616.0182597579957,117,2,353.86,2,3,2,2.3,23
17253.0,15.26241797484744,Regular,Potential_Loyalists,Medium Risk,NORMAL,178.26,-697.9852027046912,-876.2452027046912,18,1,178.26,4,2,1,2.2,42
17254.0,28.011269806919177,Regular,Potential_Loyalists,Low Risk,NORMAL,272.44,-32.685911904280374,-305.1259119042804,5,2,272.44,5,3,2,3.2,53
17255.0,20.41259164703538,Regular,Need_Attention,Low Risk,NORMAL,298.41,-296.49956053859216,-594.9095605385921,41,2,298.41,3,3,2,2.6,33
17256.0,11.377972038442584,Regular,At_Risk,Medium Risk,NORMAL,240.0,-1057.4231276598139,-1297.4231276598139,107,2,240.0,2,3,1,1.9,23
17259.0,21.99541662927054,Regular,At_Risk,Medium Risk,NORMAL,603.37,593.2998948171464,-10.070105182853581,148,2,603.37,2,3,3,2.7,23
17262.0,35.1315535180152,Regular,Loyal_Customers,Low Risk,NORMAL,1253.36,2293.996318911819,1040.636318911819,52,5,1253.36,3,4,4,3.7,34
17263.0,4.010212125967417,Regular,Hibernating,High Risk,MEDIUM,63.440000000000005,-703.8824857717747,-767.3224857717747,208,1,63.440000000000005,1,2,1,1.2999999999999998,12
17265.0,21.98576734604619,Regular,At_Risk,Medium Risk,NORMAL,562.9000000000002,567.5027719571503,4.602771957150139,139,2,562.9000000000002,2,3,3,2.7,23
17266.0,31.665462045891076,Regular,Champions,Low Risk,NORMAL,310.64,-288.8256193539552,-599.4656193539552,2,3,310.64,5,4,2,3.5,54
17267.0,16.686158262566316,Regular,At_Risk,Medium Risk,NORMAL,317.61999999999995,-233.49478991355568,-551.1147899135556,127,2,317.61999999999995,2,3,2,2.3,23
17268.0,25.848076038191074,Regular,At_Risk,Medium Risk,NORMAL,763.64,867.7573154445997,104.11731544459974,108,4,763.64,2,4,3,3.0,24
17272.0,40.16943901929794,High-Value,Loyal_Customers,Low Risk,HIGH,2148.630000000001,2395.2822806232007,246.65228062319966,42,4,2148.630000000001,3,4,5,4.1,34
17274.0,11.462006752325056,Regular,About_to_Sleep,Medium Risk,NORMAL,111.98000000000002,-832.7583740062912,-944.7383740062912,35,1,111.98000000000002,3,2,1,1.9,32
17277.0,23.549293761832647,Regular,At_Risk,Medium Risk,NORMAL,1065.35,1405.707981592897,340.3579815928972,228,2,1065.35,1,3,4,2.8,13
17278.0,4.045592831123352,Regular,Hibernating,High Risk,MEDIUM,246.04,-609.2930352851226,-855.3330352851226,241,1,246.04,1,2,1,1.2999999999999998,12
17279.0,11.486666031676164,Regular,About_to_Sleep,Medium Risk,NORMAL,187.83,-766.832393364079,-954.6623933640791,58,1,187.83,3,2,1,1.9,32
17282.0,30.92027010204927,Regular,At_Risk,Medium Risk,NORMAL,1703.4100000000003,1060.7663806581893,-642.643619341811,130,3,1703.4100000000003,2,4,4,3.4,24
17284.0,38.79753932537242,Regular,Loyal_Customers,Low Risk,NORMAL,1652.58,2069.386428291028,416.80642829102817,60,6,1652.58,3,5,4,4.0,35
17286.0,15.266706545169372,Regular,Potential_Loyalists,Medium Risk,NORMAL,153.92000000000002,-686.5198147669153,-840.4398147669153,22,1,153.92000000000002,4,2,1,2.2,42
17287.0,42.8178605694531,Regular,Loyal_Customers,Low Risk,NORMAL,1064.11,2792.0836673586364,1727.9736673586365,26,7,1064.11,4,5,4,4.300000000000001,45
17288.0,46.61827179197547,Regular,Champions,Low Risk,NORMAL,1419.73,2926.8568386602365,1507.1268386602364,9,7,1419.73,5,5,4,4.6,55
17289.0,38.45247542194312,Regular,Loyal_Customers,Low Risk,NORMAL,944.41,1146.8665162569735,202.4565162569735,32,3,944.41,4,4,4,4.0,44
17290.0,33.296941036852765,Regular,Potential_Loyalists,Low Risk,NORMAL,525.24,731.0491391686537,205.8091391686537,4,2,525.24,5,3,3,3.6,53
17291.0,14.69091312904386,Regular,Hibernating,High Risk,MEDIUM,550.8000000000001,1115.955008787382,565.1550087873819,308,1,550.8000000000001,1,2,3,2.1,12
17293.0,47.093472540247994,Regular,Champions,Low Risk,NORMAL,1875.11,4197.294424678906,2322.184424678906,8,9,1875.11,5,5,4,4.6,55
17295.0,33.1625156216876,Regular,Loyal_Customers,Low Risk,NORMAL,556.95,371.66607724626283,-185.28392275373722,29,3,556.95,4,4,3,3.6,44
17297.0,15.261345832266958,Regular,Potential_Loyalists,Medium Risk,NORMAL,131.78,-700.8515496891353,-832.6315496891352,17,1,131.78,4,2,1,2.2,42
17298.0,21.945025927987842,Regular,At_Risk,Medium Risk,NORMAL,498.42,458.5815865482782,-39.838413451721806,101,2,498.42,2,3,3,2.7,23
17299.0,37.20106328963649,Regular,Champions,Low Risk,NORMAL,669.1099999999999,1143.0912150494198,473.9812150494199,12,4,669.1099999999999,5,4,3,3.9,54
17301.0,15.265634402588889,Regular,Potential_Loyalists,Medium Risk,NORMAL,197.63,-689.3861617513592,-887.0161617513592,21,1,197.63,4,2,1,2.2,42
17302.0,38.910521888927924,Regular,Loyal_Customers,Low Risk,NORMAL,1135.63,2371.442550524539,1235.812550524539,15,5,1135.63,4,4,4,4.0,44
17303.0,4.174249940781299,Regular,Hibernating,High Risk,MEDIUM,250.04,-265.33139715184234,-515.3713971518423,361,1,250.04,1,2,1,1.2999999999999998,12
17306.0,54.76479679476859,High-Value,Champions,Low Risk,HIGH,8631.310000000001,11339.014528705182,2707.7045287051806,11,19,8631.310000000001,5,5,5,5.0,55
17309.0,7.7076976607634435,Regular,Hibernating,High Risk,MEDIUM,82.75,-844.2786249767989,-927.0286249767989,95,1,82.75,2,2,1,1.6,22
17311.0,27.207110021150807,Regular,At_Risk,Low Risk,NORMAL,1384.85,1159.2570039634445,-225.5929960365554,78,2,1384.85,2,3,4,3.1,23
17312.0,25.64317601275954,Regular,At_Risk,Medium Risk,NORMAL,644.3,319.96210546080715,-324.3378945391928,139,3,644.3,2,4,3,3.0,24
17313.0,36.423329318450016,High-Value,Potential_Loyalists,Medium Risk,HIGH,2328.84,2405.682900322593,76.84290032259287,31,1,2328.84,4,2,5,3.8,42
17314.0,48.34166824481319,High-Value,Loyal_Customers,Low Risk,HIGH,2527.92,4192.470684933127,1664.5506849331268,25,8,2527.92,4,5,5,4.7,45
17315.0,59.27973997464787,High-Value,Champions,Low Risk,HIGH,6292.26,23409.604769374764,17117.344769374766,2,38,6292.26,5,5,5,5.0,55
17317.0,39.93559114419336,High-Value,Loyal_Customers,Low Risk,HIGH,2600.34,1770.0957020594194,-830.2442979405807,46,3,2600.34,3,4,5,4.1,34
17320.0,30.88810582463478,Regular,At_Risk,Medium Risk,NORMAL,1200.62,974.7759711248698,-225.8440288751301,100,3,1200.62,2,4,4,3.4,24
17321.0,33.3012296071747,Regular,Potential_Loyalists,Low Risk,NORMAL,700.8599999999999,742.5145271064298,41.654527106429896,8,2,700.8599999999999,5,3,3,3.6,53
17323.0,37.51932362855371,Regular,Loyal_Customers,Low Risk,NORMAL,921.07,1993.952452472374,1072.882452472374,15,7,921.07,4,5,3,3.9,45
17324.0,38.67560187124287,Regular,Loyal_Customers,Low Risk,NORMAL,990.23,1743.389624976314,753.159624976314,18,4,990.23,4,4,4,4.0,44
17325.0,4.087406391762185,Regular,Hibernating,High Risk,MEDIUM,96.8,-497.5055028918065,-594.3055028918064,280,1,96.8,1,2,1,1.2999999999999998,12
17329.0,29.489024816267,Regular,Potential_Loyalists,Low Risk,NORMAL,523.11,576.211538975946,53.10153897594603,14,2,523.11,4,3,3,3.3,43
17330.0,24.21193072697727,Regular,Potential_Loyalists,Low Risk,NORMAL,363.9,-164.5927362214362,-528.4927362214362,23,2,363.9,4,3,2,2.8999999999999995,43
17331.0,7.738789795597447,Regular,Hibernating,High Risk,MEDIUM,175.2,-761.1545624279229,-936.3545624279229,124,1,175.2,2,2,1,1.6,22
17333.0,18.27153512256725,Regular,Hibernating,Medium Risk,NORMAL,494.25,663.127048277961,168.87704827796097,86,1,494.25,2,2,3,2.4000000000000004,22
17334.0,13.055145567760235,Regular,At_Risk,Medium Risk,NORMAL,307.02000000000004,84.61486232699667,-222.40513767300337,302,2,307.02000000000004,1,3,2,2.0,13
17337.0,31.180921541665914,Regular,At_Risk,Medium Risk,NORMAL,2027.87,1757.61163383307,-270.2583661669298,151,4,2027.87,2,4,4,3.4,24
17338.0,48.33309110416933,High-Value,Loyal_Customers,Low Risk,HIGH,6643.93,4169.539909057576,-2474.3900909424246,17,8,6643.93,4,5,5,4.7,45
17339.0,11.364034184896306,Regular,At_Risk,Medium Risk,NORMAL,243.36,-1094.685638457586,-1338.045638457586,94,2,243.36,2,3,1,1.9,23
17340.0,49.061438293995124,High-Value,Loyal_Customers,Low Risk,HIGH,12353.29,6116.758319360018,-6236.531680639983,30,11,12353.29,4,5,5,4.7,45
17341.0,25.66247457920823,Regular,At_Risk,Medium Risk,NORMAL,781.3599999999999,371.5563511807993,-409.8036488192006,157,3,781.3599999999999,2,4,3,3.0,24
17343.0,4.167817085298402,Regular,Hibernating,High Risk,MEDIUM,193.64,-282.52947905850624,-476.1694790585062,355,1,193.64,1,2,1,1.2999999999999998,12
17344.0,11.47380032071037,Regular,About_to_Sleep,Medium Risk,NORMAL,160.57000000000002,-801.2285571774071,-961.7985571774071,46,1,160.57000000000002,3,2,1,1.9,32
17345.0,33.385642070987345,Regular,Loyal_Customers,Low Risk,NORMAL,537.7400000000001,968.1891859656037,430.44918596560353,15,4,537.7400000000001,4,4,3,3.6,44
17346.0,53.80474601499919,High-Value,Champions,Low Risk,HIGH,2676.56,8772.342233807849,6095.7822338078495,4,15,2676.56,5,5,5,5.0,55
17347.0,7.698048377539098,Regular,Hibernating,Medium Risk,NORMAL,228.96,-870.075747836795,-1099.035747836795,86,1,228.96,2,2,1,1.6,22
17348.0,38.910521888927924,Regular,Loyal_Customers,Low Risk,NORMAL,1159.5199999999998,2371.442550524539,1211.9225505245392,15,5,1159.5199999999998,4,4,4,4.0,44
17349.0,7.797757637524006,Regular,Hibernating,High Risk,MEDIUM,110.75,-603.5054782835027,-714.2554782835027,179,1,110.75,2,2,1,1.6,22
17350.0,42.483518091828635,Regular,Champions,Low Risk,NORMAL,1286.0700000000002,1898.2272251690217,612.1572251690216,8,4,1286.0700000000002,5,4,4,4.300000000000001,54
17351.0,29.351382973360387,Regular,Loyal_Customers,Low Risk,NORMAL,587.15,208.22943610022298,-378.920563899777,36,3,587.15,3,4,3,3.3,34
17353.0,27.261789292755434,Regular,At_Risk,Medium Risk,NORMAL,1740.0,1305.440700170089,-434.55929982991097,129,2,1740.0,2,3,4,3.1,23
17354.0,27.33939115115501,Regular,About_to_Sleep,Medium Risk,NORMAL,1393.06,1512.9073719169476,119.84737191694762,51,1,1393.06,3,2,4,3.1,32
17356.0,4.121714954337637,Regular,Hibernating,High Risk,MEDIUM,178.21999999999997,-405.78239938959837,-584.0023993895984,312,1,178.21999999999997,1,2,1,1.2999999999999998,12
17357.0,24.21300286955775,Regular,Potential_Loyalists,Low Risk,NORMAL,388.13999999999993,-161.7263892369922,-549.8663892369921,24,2,388.13999999999993,4,3,2,2.8999999999999995,43
17358.0,13.056217710340718,Regular,At_Risk,Medium Risk,NORMAL,365.85,87.48120931144081,-278.3687906885592,303,2,365.85,1,3,2,2.0,13
17359.0,19.073550623174647,Regular,Potential_Loyalists,Medium Risk,NORMAL,127.86,-534.5485615586513,-662.4085615586513,11,1,127.86,5,2,1,2.5,52
17360.0,33.149649910721806,Regular,Loyal_Customers,Low Risk,NORMAL,585.7900000000001,337.2699134329348,-248.52008656706528,17,3,585.7900000000001,4,4,3,3.6,44
17361.0,24.078577454392583,Regular,Loyal_Customers,Low Risk,NORMAL,488.2000000000001,-521.1094511593831,-1009.3094511593831,49,3,488.2000000000001,3,4,2,2.8999999999999995,34
17362.0,12.987600585189814,Regular,At_Risk,Medium Risk,NORMAL,312.23,-95.96499769297532,-408.19499769297533,239,2,312.23,1,3,2,2.0,13
17364.0,52.84898380555171,High-Value,Champions,Low Risk,HIGH,4481.18,6217.135326848289,1735.9553268482887,1,11,4481.18,5,5,5,5.0,55
17365.0,52.147440180237986,High-Value,Champions,Low Risk,HIGH,4801.56,4341.575591156947,-459.98440884305364,13,8,4801.56,5,5,5,5.0,55
17367.0,4.042376403381904,Regular,Hibernating,High Risk,MEDIUM,168.39999999999998,-617.8920762384546,-786.2920762384546,238,1,168.39999999999998,1,2,1,1.2999999999999998,12
17368.0,43.05278058713816,Regular,Loyal_Customers,Low Risk,NORMAL,1912.6700000000003,3420.1365929068616,1507.4665929068613,23,8,1912.6700000000003,4,5,4,4.300000000000001,45
17370.0,20.5238076753601,Regular,At_Risk,Low Risk,NORMAL,446.18,0.8337729316815512,-445.34622706831846,73,4,446.18,2,4,2,2.6,24
17371.0,27.86290653820773,Regular,Loyal_Customers,Low Risk,NORMAL,423.88999999999993,-429.3314846244432,-853.2214846244431,17,3,423.88999999999993,4,4,2,3.2,44
17372.0,39.25344150719626,Regular,Loyal_Customers,Low Risk,NORMAL,1342.68,3288.2297685897047,1945.5497685897046,41,8,1342.68,3,5,4,4.0,35
17373.0,29.593807989108825,Regular,Loyal_Customers,Low Risk,NORMAL,646.9200000000001,856.3467905395557,209.42679053955567,40,4,646.9200000000001,3,4,3,3.3,34
17374.0,18.252901106094235,Regular,At_Risk,Medium Risk,NORMAL,495.7699999999999,613.3094606755224,117.53946067552243,219,2,495.7699999999999,1,3,3,2.4000000000000004,13
17375.0,16.602123548683842,Regular,At_Risk,Medium Risk,NORMAL,400.1,-458.15954356707846,-858.2595435670785,199,3,400.1,1,4,2,2.3,14
17376.0,15.158012551935792,Regular,Need_Attention,Low Risk,NORMAL,203.2,-977.1105490626501,-1180.3105490626501,71,2,203.2,3,3,1,2.2,33
17377.0,51.19823344735079,High-Value,Loyal_Customers,Low Risk,HIGH,4100.92,11829.427935967364,7728.507935967364,24,20,4100.92,4,5,5,4.7,45
17379.0,24.360293995688725,Regular,Potential_Loyalists,Medium Risk,NORMAL,404.66,232.05283649872695,-172.60716350127308,11,1,404.66,5,2,2,2.9000000000000004,52
17381.0,57.144016963872694,High-Value,Champions,Low Risk,HIGH,20275.61,17699.801499751862,-2575.8085002481384,9,29,20275.61,5,5,5,5.0,55
17382.0,11.494171029739544,Regular,About_to_Sleep,Medium Risk,NORMAL,65.4,-746.7679644729711,-812.1679644729711,65,1,65.4,3,2,1,1.9,32
17383.0,19.06604562511127,Regular,Potential_Loyalists,Medium Risk,NORMAL,199.29,-554.6129904497593,-753.9029904497593,4,1,199.29,5,2,1,2.5,52
17384.0,24.20764215665534,Regular,Potential_Loyalists,Low Risk,NORMAL,336.4,-176.05812415921218,-512.4581241592122,19,2,336.4,4,3,2,2.8999999999999995,43
17385.0,20.545944919620066,Regular,Potential_Loyalists,Medium Risk,NORMAL,261.11,60.01715439935492,-201.0928456006451,15,1,261.11,4,2,2,2.6,42
17386.0,51.66580657648256,High-Value,Champions,Low Risk,HIGH,2686.4200000000005,3053.9399232316136,367.5199232316131,8,6,2686.4200000000005,5,5,5,5.0,55
17387.0,29.4954576717499,Regular,Potential_Loyalists,Low Risk,NORMAL,784.1099999999999,593.4096208826102,-190.70037911738973,20,2,784.1099999999999,4,3,3,3.3,43
17388.0,31.102655133290664,Regular,At_Risk,Low Risk,NORMAL,1259.5600000000002,1548.3683039686582,288.80830396865804,78,4,1259.5600000000002,2,4,4,3.4,24
17389.0,58.32612205036136,High-Value,Champions,Low Risk,HIGH,31833.68,20860.130556384094,-10973.549443615906,1,34,31833.68,5,5,5,5.0,55
17391.0,22.012570910558264,Regular,At_Risk,Medium Risk,NORMAL,508.8,639.1614465682503,130.3614465682503,164,2,508.8,2,3,3,2.7,23
17392.0,13.060506280662649,Regular,At_Risk,Medium Risk,NORMAL,457.91,98.9465972492169,-358.96340275078313,307,2,457.91,1,3,2,2.0,13
17394.0,4.022005694352729,Regular,Hibernating,High Risk,MEDIUM,203.86999999999995,-672.3526689428907,-876.2226689428906,219,1,203.86999999999995,1,2,1,1.2999999999999998,12
17396.0,44.53804059454937,High-Value,Loyal_Customers,Low Risk,HIGH,7330.8,4049.0984726781953,-3281.701527321805,39,8,7330.8,3,5,5,4.4,35
17397.0,29.497601956910867,Regular,Potential_Loyalists,Low Risk,NORMAL,696.4100000000001,599.142314851498,-97.2676851485021,22,2,696.4100000000001,4,3,3,3.3,43
17398.0,25.617444590827947,Regular,At_Risk,Medium Risk,NORMAL,653.38,251.1697778341511,-402.2102221658489,115,3,653.38,2,4,3,3.0,24
17400.0,36.678997795094425,High-Value,At_Risk,Medium Risk,HIGH,2129.96,3089.206323780905,959.2463237809052,126,5,2129.96,2,4,5,3.8,24
17402.0,53.329545266726655,High-Value,Champions,Low Risk,HIGH,2633.8499999999995,7501.904647789179,4868.054647789179,5,13,2633.8499999999995,5,5,5,5.0,55
17403.0,16.749822267419614,Regular,About_to_Sleep,Medium Risk,NORMAL,281.62,-63.29062896446908,-344.9106289644691,36,1,281.62,3,2,2,2.3,32
17404.0,53.80474601499919,High-Value,Champions,Low Risk,HIGH,31906.82,8772.342233807849,-23134.47776619215,4,15,31906.82,5,5,5,5.0,55
17405.0,42.23787664833875,Regular,Champions,Low Risk,NORMAL,1031.41,1241.510829776357,210.10082977635693,1,3,1031.41,5,4,4,4.300000000000001,54
17406.0,32.60602077201078,High-Value,At_Risk,Medium Risk,HIGH,2200.42,2225.735146520552,25.315146520551934,333,3,2200.42,1,4,5,3.5,14
17408.0,7.78060335623628,Regular,Hibernating,High Risk,MEDIUM,32.65,-649.3670300346068,-682.0170300346068,163,1,32.65,2,2,1,1.6,22
17409.0,18.216448258357815,Regular,At_Risk,Medium Risk,NORMAL,771.8499999999999,515.8536632044263,-255.9963367955736,185,2,771.8499999999999,1,3,3,2.4000000000000004,13
17410.0,38.91159403150841,Regular,Loyal_Customers,Low Risk,NORMAL,1214.72,2374.308897508982,1159.5888975089822,16,5,1214.72,4,4,4,4.0,44
17411.0,36.96292684420998,Regular,Champions,Low Risk,NORMAL,778.9399999999999,506.43924854786314,-272.5007514521368,12,3,778.9399999999999,5,4,3,3.9,54
17412.0,46.61183893649257,Regular,Champions,Low Risk,NORMAL,1258.0600000000002,2909.6587567535726,1651.5987567535724,3,7,1258.0600000000002,5,5,4,4.6,55
17414.0,25.702551447290904,Regular,Need_Attention,Low Risk,NORMAL,778.0,478.7008784721179,-299.2991215278821,44,2,778.0,3,3,3,3.0,33
17415.0,18.26510226708435,Regular,Hibernating,Medium Risk,NORMAL,507.8399999999999,645.9289663712968,138.08896637129692,80,1,507.8399999999999,2,2,3,2.4000000000000004,22
17416.0,48.1088925122891,High-Value,Loyal_Customers,Low Risk,HIGH,6893.42,3570.150453353791,-3323.269546646209,30,7,6893.42,4,5,5,4.7,45
17418.0,20.413663789615864,Regular,Need_Attention,Low Risk,NORMAL,463.46,-293.63321355414814,-757.0932135541482,42,2,463.46,3,3,2,2.6,33
17419.0,53.09784167678305,High-Value,Champions,Low Risk,HIGH,4226.57,6882.450763194286,2655.8807631942864,11,12,4226.57,5,5,5,5.0,55
17420.0,29.366392969487148,Regular,Loyal_Customers,Low Risk,NORMAL,598.83,248.35829388243906,-350.471706117561,50,3,598.83,3,4,3,3.3,34
17422.0,42.569002698221766,Regular,Loyal_Customers,Low Risk,NORMAL,1979.37,2126.7682310126393,147.39823101263937,16,6,1979.37,4,5,4,4.300000000000001,45
17423.0,25.70469573245187,Regular,Need_Attention,Low Risk,NORMAL,698.41,484.43357244100594,-213.97642755899403,46,2,698.41,3,3,3,3.0,33
17425.0,29.494385529169417,Regular,Potential_Loyalists,Low Risk,NORMAL,759.1700000000001,590.543273898166,-168.62672610183404,19,2,759.1700000000001,4,3,3,3.3,43
17426.0,51.66580657648256,High-Value,Champions,Low Risk,HIGH,5037.26,3053.9399232316136,-1983.3200767683866,8,6,5037.26,5,5,5,5.0,55
17427.0,11.501676027802924,Regular,About_to_Sleep,Medium Risk,NORMAL,100.8,-726.7035355818631,-827.503535581863,72,1,100.8,3,2,1,1.9,32
17428.0,56.897303377802324,High-Value,Champions,Low Risk,HIGH,17256.85,17040.218757374754,-216.63124262524434,1,28,17256.85,5,5,5,5.0,55
17429.0,25.631382444374225,Regular,At_Risk,Medium Risk,NORMAL,524.9200000000001,288.43228863192303,-236.48771136807704,128,3,524.9200000000001,2,4,3,3.0,24
17430.0,24.2226521527821,Regular,Potential_Loyalists,Low Risk,NORMAL,265.76000000000005,-135.9292663769961,-401.68926637699616,33,2,265.76000000000005,4,3,2,2.8999999999999995,43
17431.0,9.409530469432198,Regular,Hibernating,High Risk,MEDIUM,403.3,363.68534565222376,-39.61465434777625,313,1,403.3,1,2,2,1.7,12
17432.0,24.206570014074856,Regular,Potential_Loyalists,Low Risk,NORMAL,365.76,-178.9244711436562,-544.6844711436562,18,2,365.76,4,3,2,2.8999999999999995,43
17433.0,12.986936035214137,Regular,Hibernating,Medium Risk,NORMAL,303.16,-97.74165581052875,-400.9016558105288,88,1,303.16,2,2,2,2.0,22
17434.0,51.897510166426166,High-Value,Champions,Low Risk,HIGH,2373.82,3673.3938078265064,1299.5738078265063,2,7,2373.82,5,5,5,5.0,55
17436.0,22.721310006663646,Regular,Potential_Loyalists,Low Risk,NORMAL,216.3,-807.8863509149903,-1024.1863509149903,2,2,216.3,5,3,1,2.8,53
17438.0,9.346274057183708,Regular,Hibernating,High Risk,MEDIUM,388.4500000000001,194.57087357002752,-193.8791264299726,254,1,388.4500000000001,1,2,2,1.7,12
17440.0,15.088987834180081,Regular,At_Risk,Medium Risk,NORMAL,186.42,-1161.646444933957,-1348.066444933957,157,3,186.42,2,4,1,2.2,24
17442.0,44.059623418535395,High-Value,Loyal_Customers,Low Risk,HIGH,2248.56,2770.0618457061937,521.5018457061938,37,6,2248.56,3,5,5,4.4,35
17443.0,14.596564581961367,Regular,Hibernating,High Risk,MEDIUM,534.24,863.7164741563095,329.47647415630945,220,1,534.24,1,2,3,2.1,12
17444.0,36.22631204101204,High-Value,At_Risk,Medium Risk,HIGH,2940.04,1878.96202443556,-1061.07797556444,148,3,2940.04,2,4,5,3.8,24
17446.0,11.453022019076386,Regular,At_Risk,Medium Risk,NORMAL,120.90000000000002,-856.7788387487337,-977.6788387487337,177,2,120.90000000000002,2,3,1,1.9,23
17447.0,25.698262876968972,Regular,Need_Attention,Low Risk,NORMAL,541.53,467.2354905343418,-74.29450946565817,40,2,541.53,3,3,3,3.0,33
17449.0,51.897510166426166,High-Value,Champions,Low Risk,HIGH,2520.86,3673.3938078265064,1152.5338078265063,2,7,2520.86,5,5,5,5.0,55
17450.0,61.19126439354282,High-Value,Champions,Low Risk,HIGH,194550.79,28520.01858329388,-166030.77141670612,8,46,194550.79,5,5,5,5.0,55
17451.0,46.6096946513316,Regular,Champions,Low Risk,NORMAL,1721.4,2903.9260627846843,1182.5260627846842,1,7,1721.4,5,5,4,4.6,55
17453.0,24.206570014074856,Regular,Potential_Loyalists,Low Risk,NORMAL,486.72,-178.9244711436562,-665.6444711436562,18,2,486.72,4,3,2,2.8999999999999995,43
17454.0,22.119498368561054,Regular,At_Risk,Medium Risk,NORMAL,517.53,925.029392100748,407.4993921007481,192,4,517.53,1,4,3,2.7,14
17455.0,4.005923555645486,Regular,Hibernating,High Risk,MEDIUM,131.7,-715.3478737095506,-847.0478737095507,204,1,131.7,1,2,1,1.2999999999999998,12
17456.0,4.17853851110323,Regular,Hibernating,High Risk,MEDIUM,249.86,-253.86600921406625,-503.72600921406627,365,1,249.86,1,2,1,1.2999999999999998,12
17457.0,31.393326565160834,Regular,At_Risk,Medium Risk,NORMAL,1737.7,2325.4712727079714,587.7712727079713,127,5,1737.7,2,4,4,3.4,24
17458.0,20.545944919620066,Regular,Potential_Loyalists,Medium Risk,NORMAL,316.49999999999994,60.01715439935492,-256.482845600645,15,1,316.49999999999994,4,2,2,2.6,42
17459.0,25.70147930471042,Regular,Need_Attention,Low Risk,NORMAL,657.3,475.834531487674,-181.46546851232597,43,2,657.3,3,3,3,3.0,33
17460.0,29.728611154204174,Regular,Cant_Loose,Medium Risk,NORMAL,622.43,1216.7397576675974,594.3097576675974,94,6,622.43,2,5,3,3.3000000000000003,25
17461.0,33.156082766204705,Regular,Loyal_Customers,Low Risk,NORMAL,757.4599999999999,354.4679953395987,-402.9920046604012,23,3,757.4599999999999,4,4,3,3.6,44
17462.0,25.71970572857863,Regular,Need_Attention,Low Risk,NORMAL,675.6899999999999,524.562430223222,-151.12756977677793,60,2,675.6899999999999,3,3,3,3.0,33
17463.0,38.91159403150841,Regular,Loyal_Customers,Low Risk,NORMAL,1896.41,2374.308897508982,477.89889750898215,16,5,1896.41,4,4,4,4.0,44
17464.0,13.061986015847939,Regular,Hibernating,High Risk,MEDIUM,289.96000000000004,102.90263310055138,-187.05736689944865,158,1,289.96000000000004,2,2,2,2.0,22
17466.0,33.303373892335664,Regular,Potential_Loyalists,Low Risk,NORMAL,763.28,748.2472210753178,-15.032778924682134,10,2,763.28,5,3,3,3.6,53
17468.0,22.729887147307508,Regular,Potential_Loyalists,Low Risk,NORMAL,137.0,-784.9555750394384,-921.9555750394384,10,2,137.0,5,3,1,2.8,53
17469.0,38.91159403150841,Regular,Loyal_Customers,Low Risk,NORMAL,1870.9700000000005,2374.308897508982,503.33889750898174,16,5,1870.9700000000005,4,4,4,4.0,44
17470.0,35.12404851995183,Regular,Loyal_Customers,Low Risk,NORMAL,1125.0700000000002,2273.931890020711,1148.8618900207107,45,5,1125.0700000000002,3,4,4,3.7,34
17472.0,21.88028978055406,Regular,At_Risk,Medium Risk,NORMAL,710.29,285.5110786147477,-424.77892138525226,191,3,710.29,1,4,3,2.7,14
17475.0,7.690543379475717,Regular,Hibernating,Medium Risk,NORMAL,194.36999999999995,-890.140176727903,-1084.510176727903,79,1,194.36999999999995,2,2,1,1.6,22
17480.0,18.26295798192339,Regular,Hibernating,Medium Risk,NORMAL,511.82,640.196272402409,128.37627240240903,78,1,511.82,2,2,3,2.4000000000000004,22
17481.0,42.4792295215067,Regular,Champions,Low Risk,NORMAL,1255.59,1886.7618372312456,631.1718372312457,4,4,1255.59,5,4,4,4.300000000000001,54
17483.0,24.09573173568031,Regular,Loyal_Customers,Low Risk,NORMAL,414.04,-475.24789940827895,-889.2878994082789,65,3,414.04,3,4,2,2.8999999999999995,34
17486.0,9.353779055247088,Regular,Hibernating,High Risk,MEDIUM,396.87,214.63530246113555,-182.23469753886445,261,1,396.87,1,2,2,1.7,12
17489.0,20.43189021348407,Regular,Need_Attention,Low Risk,NORMAL,376.63999999999993,-244.90531481860012,-621.5453148186,59,2,376.63999999999993,3,3,2,2.6,33
17490.0,51.89643802384568,High-Value,Champions,Low Risk,HIGH,2092.32,3670.5274608420623,1578.2074608420621,1,7,2092.32,5,5,5,5.0,55
17491.0,52.610847360125206,High-Value,Champions,Low Risk,HIGH,3558.8700000000003,5580.483360346732,2021.613360346732,1,10,3558.8700000000003,5,5,5,5.0,55
17492.0,9.33984120170081,Regular,Hibernating,High Risk,MEDIUM,374.57,177.3727916633636,-197.19720833663638,248,1,374.57,1,2,2,1.7,12
17495.0,33.3012296071747,Regular,Potential_Loyalists,Low Risk,NORMAL,497.56000000000006,742.5145271064298,244.95452710642974,8,2,497.56000000000006,5,3,3,3.6,53
17496.0,9.458849028134411,Regular,Hibernating,High Risk,MEDIUM,271.05,495.53730693664806,224.48730693664805,359,1,271.05,1,2,2,1.7,12
17498.0,12.974070324248343,Regular,Hibernating,Medium Risk,NORMAL,272.22,-132.13781962385679,-404.3578196238568,76,1,272.22,2,2,2,2.0,22
17499.0,14.671614562595169,Regular,Hibernating,High Risk,MEDIUM,622.88,1064.3607630673898,441.48076306738983,290,1,622.88,1,2,3,2.1,12
17500.0,38.43639328323588,Regular,Loyal_Customers,Low Risk,NORMAL,1138.0,1103.8713114903132,-34.128688509686754,17,3,1138.0,4,4,4,4.0,44
17501.0,12.968302018741122,Regular,At_Risk,Medium Risk,NORMAL,288.6,-147.55924341296736,-436.1592434129674,221,2,288.6,1,3,2,2.0,13
17502.0,37.19784686189504,Regular,Champions,Low Risk,NORMAL,689.0999999999999,1134.4921740960879,445.39217409608796,9,4,689.0999999999999,5,4,3,3.9,54
17503.0,33.29586889427228,Regular,Potential_Loyalists,Low Risk,NORMAL,558.9599999999999,728.1827921842098,169.22279218420988,3,2,558.9599999999999,5,3,3,3.6,53
17504.0,37.31794955813533,High-Value,Cant_Loose,Medium Risk,HIGH,2997.03,4797.4282455076045,1800.3982455076043,206,9,2997.03,1,5,5,3.8,15
17505.0,27.29716999791137,Regular,At_Risk,Medium Risk,NORMAL,1145.84,1400.030150656741,254.19015065674103,162,2,1145.84,2,3,4,3.1,23
17506.0,12.974070324248343,Regular,Hibernating,Medium Risk,NORMAL,302.20000000000005,-132.13781962385679,-434.33781962385683,76,1,302.20000000000005,2,2,2,2.0,22
17507.0,18.299003237054997,Regular,At_Risk,Medium Risk,NORMAL,605.58,736.5623810066145,130.98238100661445,262,2,605.58,1,3,3,2.4000000000000004,13
17508.0,9.375221906856746,Regular,Hibernating,High Risk,MEDIUM,387.31,271.96224215001575,-115.34775784998425,281,1,387.31,1,2,2,1.7,12
17509.0,44.558411303578545,High-Value,Loyal_Customers,Low Risk,HIGH,6115.139999999999,4103.559065382631,-2011.5809346173683,58,8,6115.139999999999,3,5,5,4.4,35
17510.0,20.556666345424894,Regular,Potential_Loyalists,Medium Risk,NORMAL,308.48,88.68062424379491,-219.7993757562051,25,1,308.48,4,2,2,2.6,42
17511.0,57.613856999242806,High-Value,Champions,Low Risk,HIGH,91062.38,18955.90735084831,-72106.47264915169,3,31,91062.38,5,5,5,5.0,55
17512.0,48.822229705988136,High-Value,Loyal_Customers,Low Risk,HIGH,2924.99,5477.240005874017,2552.250005874017,29,10,2924.99,4,5,5,4.7,45
17513.0,22.075162772831078,Regular,About_to_Sleep,Medium Risk,NORMAL,513.2,806.4992605328932,293.2992605328932,72,1,513.2,3,2,3,2.7,32
17514.0,7.743078365919379,Regular,Hibernating,High Risk,MEDIUM,208.65,-749.6891744901469,-958.3391744901469,128,1,208.65,2,2,1,1.6,22
17515.0,33.40279635227507,Regular,Loyal_Customers,Low Risk,NORMAL,639.02,1014.0507377167075,375.03073771670756,31,4,639.02,4,4,3,3.6,44
17516.0,33.62377851641385,Regular,Loyal_Customers,Low Risk,NORMAL,768.08,1604.8411524671603,836.7611524671603,15,5,768.08,4,4,3,3.6,44
17517.0,4.118498526596189,Regular,Hibernating,High Risk,MEDIUM,153.94,-414.38144034293055,-568.3214403429306,309,1,153.94,1,2,1,1.2999999999999998,12
17519.0,42.57007484080225,Regular,Loyal_Customers,Low Risk,NORMAL,1844.02,2129.6345779970834,285.6145779970834,17,6,1844.02,4,5,4,4.300000000000001,45
17520.0,22.055864206382388,Regular,About_to_Sleep,Medium Risk,NORMAL,546.81,754.9050148129011,208.09501481290113,54,1,546.81,3,2,3,2.7,32
17521.0,33.16358776426808,Regular,Loyal_Customers,Low Risk,NORMAL,723.21,374.53242423070674,-348.6775757692933,30,3,723.21,4,4,3,3.6,44
17522.0,42.71522168177224,Regular,Champions,Low Risk,NORMAL,1070.71,2517.6811097639147,1446.9711097639147,2,5,1070.71,5,4,4,4.300000000000001,54
17523.0,37.199991147056004,Regular,Champions,Low Risk,NORMAL,652.74,1140.2248680649757,487.4848680649757,11,4,652.74,5,4,3,3.9,54
17524.0,4.174249940781299,Regular,Hibernating,High Risk,MEDIUM,145.0,-265.33139715184234,-410.33139715184234,361,1,145.0,1,2,1,1.2999999999999998,12
17525.0,9.459921170714892,Regular,Hibernating,High Risk,MEDIUM,422.7,498.40365392109175,75.70365392109176,360,1,422.7,1,2,2,1.7,12
17526.0,42.480301664087186,Regular,Champions,Low Risk,NORMAL,1195.9,1889.6281842156898,693.7281842156897,5,4,1195.9,5,4,4,4.300000000000001,54
17527.0,29.608817985235586,Regular,Loyal_Customers,Low Risk,NORMAL,939.37,896.4756483217718,-42.89435167822819,54,4,939.37,3,4,3,3.3,34
17528.0,52.134574469272195,High-Value,Champions,Low Risk,HIGH,3628.5,4307.179427343619,678.679427343619,1,8,3628.5,5,5,5,5.0,55
17530.0,52.610847360125206,High-Value,Champions,Low Risk,HIGH,2385.0,5580.483360346732,3195.4833603467323,1,10,2385.0,5,5,5,5.0,55
17531.0,9.277656932032803,Regular,Hibernating,High Risk,MEDIUM,296.7,11.124666565611506,-285.5753334343885,190,1,296.7,1,2,2,1.7,12
17534.0,11.48237746135423,Regular,About_to_Sleep,Medium Risk,NORMAL,223.36,-778.2977813018551,-1001.6577813018552,54,1,223.36,3,2,1,1.9,32
17535.0,4.087406391762185,Regular,Hibernating,High Risk,MEDIUM,164.39999999999998,-497.5055028918065,-661.9055028918065,280,1,164.39999999999998,1,2,1,1.2999999999999998,12
17536.0,7.7956133523630395,Regular,Hibernating,High Risk,MEDIUM,76.5,-609.2381722523908,-685.7381722523908,177,1,76.5,2,2,1,1.6,22
17537.0,29.50617909755473,Regular,Potential_Loyalists,Low Risk,NORMAL,897.62,622.0730907270502,-275.54690927294985,30,2,897.62,4,3,3,3.3,43
17538.0,15.270995115491303,Regular,Potential_Loyalists,Medium Risk,NORMAL,98.42,-675.0544268291392,-773.4744268291391,26,1,98.42,4,2,1,2.2,42
17540.0,29.500818384652316,Regular,Potential_Loyalists,Low Risk,NORMAL,578.9,607.7413558048299,28.84135580482996,25,2,578.9,4,3,3,3.3,43
17542.0,4.076684965957356,Regular,Hibernating,High Risk,MEDIUM,170.75,-526.1689727362465,-696.9189727362465,270,1,170.75,1,2,1,1.2999999999999998,12
17545.0,29.358887971423766,Regular,Loyal_Customers,Low Risk,NORMAL,645.96,228.29386499133102,-417.666135008669,43,3,645.96,3,4,3,3.3,34
17548.0,4.038087833059972,Regular,Hibernating,High Risk,MEDIUM,103.3,-629.3574641762306,-732.6574641762305,234,1,103.3,1,2,1,1.2999999999999998,12
17549.0,18.926259497043684,Regular,Potential_Loyalists,Low Risk,NORMAL,148.86,-928.3277872943702,-1077.18778729437,24,2,148.86,4,3,1,2.5,43
17550.0,16.599979263522876,Regular,At_Risk,Medium Risk,NORMAL,267.1600000000001,-463.8922375359664,-731.0522375359665,197,3,267.1600000000001,1,4,2,2.3,14
17551.0,9.458849028134411,Regular,Hibernating,High Risk,MEDIUM,306.84000000000003,495.53730693664806,188.69730693664803,359,1,306.84000000000003,1,2,2,1.7,12
17552.0,29.61525084071848,Regular,Loyal_Customers,Low Risk,NORMAL,930.41,913.6737302284357,-16.736269771564253,60,4,930.41,3,4,3,3.3,34
17553.0,23.605452768622566,Regular,Hibernating,High Risk,MEDIUM,1487.6,1555.8477136508752,68.24771365087531,130,1,1487.6,2,2,4,2.8,22
17554.0,42.71414953919176,Regular,Champions,Low Risk,NORMAL,1952.45,2514.8147627794706,562.3647627794705,1,5,1952.45,5,4,4,4.300000000000001,54
17555.0,24.208714299235822,Regular,Potential_Loyalists,Low Risk,NORMAL,483.26,-173.19177717476816,-656.4517771747682,20,2,483.26,4,3,2,2.8999999999999995,43
17556.0,4.008067840806452,Regular,Hibernating,High Risk,MEDIUM,157.9,-709.6151797406627,-867.5151797406627,206,1,157.9,1,2,1,1.2999999999999998,12
17557.0,33.146433482980356,Regular,Loyal_Customers,Low Risk,NORMAL,541.4599999999999,328.67087247960285,-212.78912752039707,14,3,541.4599999999999,4,4,3,3.6,44
17560.0,25.834138184644797,Regular,At_Risk,Medium Risk,NORMAL,854.95,830.4948046468278,-24.455195353172257,95,4,854.95,2,4,3,3.0,24
17561.0,15.263490117427922,Regular,Potential_Loyalists,Medium Risk,NORMAL,167.61999999999998,-695.1188557202472,-862.7388557202472,19,1,167.61999999999998,4,2,1,2.2,42
17562.0,42.804994858487305,Regular,Loyal_Customers,Low Risk,NORMAL,1122.38,2757.6875035453086,1635.3075035453085,14,7,1122.38,4,5,4,4.300000000000001,45
17564.0,27.870411536271114,Regular,Loyal_Customers,Low Risk,NORMAL,454.01,-409.26705573333516,-863.2770557333351,24,3,454.01,4,4,2,3.2,44
17566.0,33.3012296071747,Regular,Potential_Loyalists,Low Risk,NORMAL,901.21,742.5145271064298,-158.69547289357024,8,2,901.21,5,3,3,3.6,53
17567.0,52.14100732475509,High-Value,Champions,Low Risk,HIGH,4331.48,4324.377509250284,-7.102490749715798,7,8,4331.48,5,5,5,5.0,55
17569.0,9.429901178461373,Regular,Hibernating,High Risk,MEDIUM,344.14,418.14593835666005,74.00593835666007,332,1,344.14,1,2,2,1.7,12
17571.0,34.89127278742773,Regular,Loyal_Customers,Low Risk,NORMAL,1498.51,1651.6116584413737,153.10165844137373,50,4,1498.51,3,4,4,3.7,34
17572.0,19.053557664075647,Regular,Loyal_Customers,Low Risk,NORMAL,226.75,-587.9992490574364,-814.7492490574364,71,4,226.75,3,4,1,2.5,34
17573.0,27.875772249173526,Regular,Loyal_Customers,Low Risk,NORMAL,380.6,-394.93532081111516,-775.5353208111152,29,3,380.6,4,4,2,3.2,44
17574.0,4.047737116284318,Regular,Hibernating,High Risk,MEDIUM,185.65,-603.5603413162346,-789.2103413162346,243,1,185.65,1,2,1,1.2999999999999998,12
17576.0,54.76158036702714,High-Value,Champions,Low Risk,HIGH,3622.68,11330.41548775185,7707.73548775185,8,19,3622.68,5,5,5,5.0,55
17578.0,4.020933551772246,Regular,Hibernating,High Risk,MEDIUM,143.45999999999998,-675.2190159273347,-818.6790159273346,218,1,143.45999999999998,1,2,1,1.2999999999999998,12
17579.0,31.66867847363252,Regular,Champions,Low Risk,NORMAL,448.8999999999999,-280.2265784006232,-729.1265784006232,5,3,448.8999999999999,5,4,2,3.5,54
17580.0,11.373275875515846,Regular,At_Risk,Medium Risk,NORMAL,215.72,-1069.9782044644805,-1285.6982044644806,253,3,215.72,1,4,1,1.9,14
17581.0,56.1828940415228,High-Value,Champions,Low Risk,HIGH,11045.04,15130.262857870082,4085.2228578700815,1,25,11045.04,5,5,5,5.0,55
17582.0,4.040232118220938,Regular,Hibernating,High Risk,MEDIUM,175.27,-623.6247702073426,-798.8947702073426,236,1,175.27,1,2,1,1.2999999999999998,12
17584.0,38.58690083710829,Regular,Potential_Loyalists,Low Risk,NORMAL,1242.3000000000002,1506.2495781793643,263.94957817936415,7,2,1242.3000000000002,5,3,4,4.0,53
17585.0,31.135891553285635,Regular,At_Risk,Medium Risk,NORMAL,1133.07,1637.2250604864223,504.15506048642237,109,4,1133.07,2,4,4,3.4,24
17588.0,30.88810582463478,Regular,At_Risk,Medium Risk,NORMAL,1240.2,974.7759711248698,-265.42402887513026,100,3,1240.2,2,4,4,3.4,24
17589.0,40.18873758574663,High-Value,Loyal_Customers,Low Risk,HIGH,2404.17,2446.8765263431924,42.70652634319231,60,4,2404.17,3,4,5,4.1,34
17590.0,42.23894879091923,Regular,Champions,Low Risk,NORMAL,1479.22,1244.3771767608011,-234.84282323919888,2,3,1479.22,5,4,4,4.300000000000001,54
17591.0,40.51771935046868,High-Value,Cant_Loose,Low Risk,HIGH,2225.9700000000003,3326.401233610587,1100.4312336105868,73,7,2225.9700000000003,2,5,5,4.1,25
17593.0,48.00410933944728,High-Value,Champions,Low Risk,HIGH,3927.3400000000006,3290.015201790181,-637.3247982098196,4,5,3927.3400000000006,5,4,5,4.7,54
17594.0,27.21461501921419,Regular,At_Risk,Low Risk,NORMAL,993.18,1179.3214328545525,186.1414328545526,85,2,993.18,2,3,4,3.1,23
17595.0,28.018774804982556,Regular,Potential_Loyalists,Low Risk,NORMAL,388.79,-12.621483013172337,-401.41148301317236,12,2,388.79,5,3,2,3.2,53
17596.0,48.10138751422572,High-Value,Loyal_Customers,Low Risk,HIGH,2827.9300000000003,3550.086024462683,722.1560244626826,23,7,2827.9300000000003,4,5,5,4.7,45
17597.0,19.876875098992542,Regular,Hibernating,High Risk,MEDIUM,2044.37,1613.119790307024,-431.2502096929759,214,1,2044.37,1,2,4,2.5,12
17600.0,15.26241797484744,Regular,Potential_Loyalists,Medium Risk,NORMAL,161.67000000000002,-697.9852027046912,-859.6552027046912,18,1,161.67000000000002,4,2,1,2.2,42
17601.0,4.043448545962387,Regular,Hibernating,High Risk,MEDIUM,116.01,-615.0257292540106,-731.0357292540106,239,1,116.01,1,2,1,1.2999999999999998,12
17602.0,51.65937372099966,High-Value,Champions,Low Risk,HIGH,5102.97,3036.7418413249497,-2066.2281586750505,2,6,5102.97,5,5,5,5.0,55
17603.0,12.97621460940931,Regular,Hibernating,Medium Risk,NORMAL,394.72,-126.40512565496886,-521.1251256549689,78,1,394.72,2,2,2,2.0,22
17604.0,12.96401344841919,Regular,At_Risk,Medium Risk,NORMAL,309.36,-159.02463135074345,-468.38463135074346,217,2,309.36,1,3,2,2.0,13
17608.0,18.93590878026803,Regular,Potential_Loyalists,Low Risk,NORMAL,193.42,-902.5306644343741,-1095.9506644343742,33,2,193.42,4,3,1,2.5,43
17609.0,35.119759949629895,Regular,Loyal_Customers,Low Risk,NORMAL,1112.2199999999998,2262.4665020829343,1150.2465020829345,41,5,1112.2199999999998,3,4,4,3.7,34
17611.0,53.80796244274064,High-Value,Champions,Low Risk,HIGH,3984.22,8780.94127476118,4796.721274761181,7,15,3984.22,5,5,5,5.0,55
17612.0,38.79003432730904,Regular,Loyal_Customers,Low Risk,NORMAL,2048.45,2049.32199939992,0.8719993999202416,53,6,2048.45,3,5,4,4.0,35
17613.0,49.768342632211265,High-Value,Loyal_Customers,Low Risk,HIGH,4559.150000000001,8006.6497899735805,3447.49978997358,23,14,4559.150000000001,4,5,5,4.7,45
17614.0,16.772337261609753,Regular,About_to_Sleep,Medium Risk,NORMAL,390.0700000000001,-3.097342291144969,-393.1673422911451,57,1,390.0700000000001,3,2,2,2.3,32
17615.0,20.346783357021117,Regular,At_Risk,Medium Risk,NORMAL,329.6000000000001,-472.4364154565669,-802.036415456567,130,3,329.6000000000001,2,4,2,2.6,24
17616.0,25.68070100307644,Regular,At_Risk,Medium Risk,NORMAL,571.2,420.28424991634733,-150.9157500836527,174,3,571.2,2,4,3,3.0,24
17618.0,42.243237361241164,Regular,Champions,Low Risk,NORMAL,971.5800000000002,1255.8425646985768,284.2625646985766,6,3,971.5800000000002,5,4,4,4.300000000000001,54
17619.0,4.121714954337637,Regular,Hibernating,High Risk,MEDIUM,218.51999999999995,-405.78239938959837,-624.3023993895983,312,1,218.51999999999995,1,2,1,1.2999999999999998,12
17620.0,11.488810316837128,Regular,About_to_Sleep,Medium Risk,NORMAL,81.44,-761.0996993951911,-842.5396993951911,60,1,81.44,3,2,1,1.9,32
17621.0,38.44068185355781,Regular,Loyal_Customers,Low Risk,NORMAL,1379.9,1115.3366994280893,-264.56330057191076,21,3,1379.9,4,4,4,4.0,44
17623.0,25.851986858582833,Regular,Potential_Loyalists,Medium Risk,NORMAL,527.0500000000001,878.2127981767248,351.1627981767248,33,1,527.0500000000001,4,2,3,3.0,42
17624.0,29.490096958847484,Regular,Potential_Loyalists,Low Risk,NORMAL,843.48,579.07788596039,-264.40211403961007,15,2,843.48,4,3,3,3.3,43
17625.0,38.67560187124287,Regular,Loyal_Customers,Low Risk,NORMAL,2047.0,1743.389624976314,-303.61037502368595,18,4,2047.0,4,4,4,4.0,44
17628.0,7.692687664636683,Regular,Hibernating,Medium Risk,NORMAL,75.75000000000001,-884.407482759015,-960.157482759015,81,1,75.75000000000001,2,2,1,1.6,22
17629.0,46.85319180966052,Regular,Champions,Low Risk,NORMAL,1814.12,3554.9097642084616,1740.7897642084617,6,8,1814.12,5,5,4,4.6,55
17630.0,22.019003766041163,Regular,At_Risk,Medium Risk,NORMAL,503.6,656.3595284749144,152.75952847491442,170,2,503.6,2,3,3,2.7,23
17631.0,36.95220541840515,Regular,Champions,Low Risk,NORMAL,528.3300000000002,477.77577870342316,-50.554221296577,2,3,528.3300000000002,5,4,3,3.9,54
17633.0,38.68953972478915,Regular,Loyal_Customers,Low Risk,NORMAL,1324.84,1780.652135774086,455.8121357740861,31,4,1324.84,4,4,4,4.0,44
17634.0,44.77296061223443,High-Value,Loyal_Customers,Low Risk,HIGH,2361.9700000000003,4677.1513982264205,2315.1813982264202,36,9,2361.9700000000003,3,5,5,4.4,35
17636.0,20.550233489941995,Regular,Potential_Loyalists,Medium Risk,NORMAL,285.55999999999995,71.48254233713078,-214.07745766286916,19,1,285.55999999999995,4,2,2,2.6,42
17637.0,29.50725124013521,Regular,Potential_Loyalists,Low Risk,NORMAL,547.0600000000001,624.9394377114941,77.879437711494,31,2,547.0600000000001,4,3,3,3.3,43
17639.0,4.083117821440253,Regular,Hibernating,High Risk,MEDIUM,108.5,-508.97089082958246,-617.4708908295825,276,1,108.5,1,2,1,1.2999999999999998,12
17640.0,18.272607265147734,Regular,Hibernating,Medium Risk,NORMAL,621.6600000000001,665.9933952624049,44.33339526240479,87,1,621.6600000000001,2,2,3,2.4000000000000004,22
17642.0,21.96539663701702,Regular,At_Risk,Medium Risk,NORMAL,712.29,513.0421792527143,-199.2478207472857,120,2,712.29,2,3,3,2.7,23
17643.0,4.187115651747093,Regular,Hibernating,High Risk,MEDIUM,101.55,-230.93523333851408,-332.4852333385141,373,1,101.55,1,2,1,1.2999999999999998,12
17644.0,52.84898380555171,High-Value,Champions,Low Risk,HIGH,2895.64,6217.135326848289,3321.495326848289,1,11,2895.64,5,5,5,5.0,55
17646.0,27.197053145321654,Regular,At_Risk,Medium Risk,NORMAL,1008.39,1132.3701922365578,123.98019223655785,219,3,1008.39,1,4,4,3.1,14
17647.0,11.494171029739544,Regular,About_to_Sleep,Medium Risk,NORMAL,133.06,-746.7679644729711,-879.8279644729712,65,1,133.06,3,2,1,1.9,32
17648.0,34.903066355813046,Regular,Loyal_Customers,Low Risk,NORMAL,1797.5,1683.1414752702578,-114.35852472974216,61,4,1797.5,3,4,4,3.7,34
17649.0,18.32728653675236,Regular,Hibernating,High Risk,MEDIUM,868.49,812.1770914690492,-56.312908530950835,138,1,868.49,2,2,3,2.4000000000000004,22
17650.0,15.265634402588889,Regular,Potential_Loyalists,Medium Risk,NORMAL,166.07999999999998,-689.3861617513592,-855.4661617513591,21,1,166.07999999999998,4,2,1,2.2,42
17651.0,52.62264092851052,High-Value,Champions,Low Risk,HIGH,3945.0,5612.013177175617,1667.0131771756169,12,10,3945.0,5,5,5,5.0,55
17652.0,49.29421402651922,High-Value,Loyal_Customers,Low Risk,HIGH,4867.72,6739.0785509393545,1871.3585509393542,25,12,4867.72,4,5,5,4.7,45
17653.0,34.87733493388146,Regular,Loyal_Customers,Low Risk,NORMAL,1207.56,1614.3491476436018,406.78914764360184,37,4,1207.56,3,4,4,3.7,34
17654.0,4.084189964020736,Regular,Hibernating,High Risk,MEDIUM,117.55,-506.10454384513844,-623.6545438451384,277,1,117.55,1,2,1,1.2999999999999998,12
17655.0,51.907159449650514,High-Value,Champions,Low Risk,HIGH,2638.9400000000005,3699.1909306865027,1060.2509306865022,11,7,2638.9400000000005,5,5,5,5.0,55
17656.0,31.335430865814757,Regular,At_Risk,Low Risk,NORMAL,1674.6900000000005,2170.6885355479944,495.9985355479939,73,5,1674.6900000000005,2,4,4,3.4,24
17658.0,29.501890527232796,Regular,Potential_Loyalists,Low Risk,NORMAL,595.42,610.6077027892741,15.187702789274113,26,2,595.42,4,3,3,3.3,43
17659.0,49.285636885875356,High-Value,Loyal_Customers,Low Risk,HIGH,2999.46,6716.147775063802,3716.6877750638023,17,12,2999.46,4,5,5,4.7,45
17660.0,7.7570162194656564,Regular,Hibernating,High Risk,MEDIUM,196.0,-712.4266636923749,-908.4266636923749,141,1,196.0,2,2,1,1.6,22
17663.0,42.8178605694531,Regular,Loyal_Customers,Low Risk,NORMAL,1802.9100000000003,2792.0836673586364,989.1736673586361,26,7,1802.9100000000003,4,5,4,4.300000000000001,45
17664.0,29.494385529169417,Regular,Potential_Loyalists,Low Risk,NORMAL,604.64,590.543273898166,-14.096726101833951,19,2,604.64,4,3,3,3.3,43
17666.0,33.296941036852765,Regular,Potential_Loyalists,Low Risk,NORMAL,728.1599999999999,731.0491391686537,2.8891391686538554,4,2,728.1599999999999,5,3,3,3.6,53
17667.0,35.14656351414197,Regular,Loyal_Customers,Low Risk,NORMAL,2055.51,2334.125176694035,278.61517669403474,66,5,2055.51,3,4,4,3.7,34
17668.0,28.006981236597245,Regular,Potential_Loyalists,Low Risk,NORMAL,347.75,-44.15129984205623,-391.90129984205623,1,2,347.75,5,3,2,3.2,53
17669.0,44.3041927194448,High-Value,Loyal_Customers,Low Risk,HIGH,3406.72,3423.9118941144143,17.19189411441448,43,7,3406.72,3,5,5,4.4,35
17670.0,4.031654977577075,Regular,Hibernating,High Risk,MEDIUM,205.7,-646.5555460828946,-852.2555460828946,228,1,205.7,1,2,1,1.2999999999999998,12
17671.0,38.6734575860819,Regular,Loyal_Customers,Low Risk,NORMAL,1572.7100000000005,1737.6569310074258,164.9469310074253,16,4,1572.7100000000005,4,4,4,4.0,44
17672.0,36.28247104780195,High-Value,Need_Attention,Low Risk,HIGH,3178.17,2029.1017564935385,-1149.0682435064616,50,2,3178.17,3,3,5,3.8,33
17673.0,46.37263034848558,Regular,Champions,Low Risk,NORMAL,1629.12,2270.1404432675718,641.0204432675719,2,6,1629.12,5,5,4,4.6,55
17674.0,21.916078078314804,Regular,At_Risk,Low Risk,NORMAL,551.0400000000001,381.1902179682902,-169.84978203170988,74,2,551.0400000000001,2,3,3,2.7,23
17675.0,57.61171271408185,High-Value,Champions,Low Risk,HIGH,20374.28,18950.174656879422,-1424.1053431205764,1,31,20374.28,5,5,5,5.0,55
17676.0,46.374774633646545,Regular,Champions,Low Risk,NORMAL,1387.68,2275.87313723646,888.19313723646,4,6,1387.68,5,5,4,4.6,55
17677.0,57.37464841123582,High-Value,Champions,Low Risk,HIGH,16363.23,18316.38903736231,1953.1590373623112,2,30,16363.23,5,5,5,5.0,55
17678.0,9.356995482988536,Regular,Hibernating,High Risk,MEDIUM,298.11,223.23434341446773,-74.87565658553228,264,1,298.11,1,2,2,1.7,12
17679.0,30.998944103029324,Regular,Need_Attention,Low Risk,NORMAL,1992.11,1271.0993993894924,-721.0106006105075,53,2,1992.11,3,3,4,3.4,33
17680.0,15.268850830330337,Regular,Potential_Loyalists,Medium Risk,NORMAL,184.4,-680.7871207980272,-865.1871207980272,24,1,184.4,4,2,1,2.2,42
17682.0,51.667950861643526,High-Value,Champions,Low Risk,HIGH,2474.3299999999995,3059.672617200502,585.3426172005024,10,6,2474.3299999999995,5,5,5,5.0,55
17684.0,11.471656035549403,Regular,About_to_Sleep,Medium Risk,NORMAL,239.41,-806.9612511462951,-1046.3712511462952,44,1,239.41,3,2,1,1.9,32
17685.0,48.09495465874282,High-Value,Loyal_Customers,Low Risk,HIGH,3191.53,3532.887942556019,341.35794255601877,17,7,3191.53,4,5,5,4.7,45
17686.0,51.90287087932858,High-Value,Champions,Low Risk,HIGH,5739.460000000001,3687.725542748726,-2051.7344572512748,7,7,5739.460000000001,5,5,5,5.0,55
17690.0,50.01398407570115,High-Value,Loyal_Customers,Low Risk,HIGH,4757.95,8663.366185366245,3905.4161853662454,30,15,4757.95,4,5,5,4.7,45
17691.0,13.115185552267276,Regular,At_Risk,Medium Risk,NORMAL,290.4,245.13029345586096,-45.26970654413901,358,2,290.4,1,3,2,2.0,13
17692.0,25.86844674722025,Regular,At_Risk,Medium Risk,NORMAL,740.9399999999998,922.2179081490358,181.27790814903597,127,4,740.9399999999998,2,4,3,3.0,24
17693.0,7.752727649143725,Regular,Hibernating,High Risk,MEDIUM,200.47,-723.892051630151,-924.362051630151,137,1,200.47,2,2,1,1.6,22
17694.0,13.044831734560214,Regular,Hibernating,High Risk,MEDIUM,283.12,57.04108134944727,-226.07891865055274,142,1,283.12,2,2,2,2.0,22
17695.0,21.978262347982813,Regular,At_Risk,Medium Risk,NORMAL,765.3400000000001,547.4383430660423,-217.90165693395784,132,2,765.3400000000001,2,3,3,2.7,23
17696.0,44.53696845196889,High-Value,Loyal_Customers,Low Risk,HIGH,2285.7100000000005,4046.232125693751,1760.5221256937507,38,8,2285.7100000000005,3,5,5,4.4,35
17697.0,9.326975490735016,Regular,Hibernating,High Risk,MEDIUM,338.95000000000005,142.97662785003558,-195.97337214996446,236,1,338.95000000000005,1,2,2,1.7,12
17698.0,4.06703568273301,Regular,Hibernating,High Risk,MEDIUM,154.95,-551.9660955962426,-706.9160955962425,261,1,154.95,1,2,1,1.2999999999999998,12
17700.0,43.96127310117647,High-Value,Loyal_Customers,Low Risk,HIGH,2534.64,2507.1246760492477,-27.51532395075219,17,4,2534.64,4,4,5,4.4,44
17701.0,9.345201914603225,Regular,Hibernating,High Risk,MEDIUM,417.9500000000001,191.7045265855836,-226.2454734144165,253,1,417.9500000000001,1,2,2,1.7,12
17702.0,38.688467582208666,Regular,Loyal_Customers,Low Risk,NORMAL,1824.37,1777.7857887896419,-46.584211210358035,30,4,1824.37,4,4,4,4.0,44
17703.0,29.350310830779904,Regular,Loyal_Customers,Low Risk,NORMAL,798.74,205.36308911577908,-593.3769108842209,35,3,798.74,3,4,3,3.3,34
17704.0,22.01793162346068,Regular,At_Risk,Medium Risk,NORMAL,885.1899999999999,653.4931814904705,-231.6968185095294,169,2,885.1899999999999,2,3,3,2.7,23
17705.0,47.088111827345585,Regular,Champions,Low Risk,NORMAL,1823.52,4182.962689756686,2359.442689756686,3,9,1823.52,5,5,4,4.6,55
17706.0,54.2810189058522,High-Value,Champions,Low Risk,HIGH,10504.49,10045.646166810962,-458.84383318903747,4,17,10504.49,5,5,5,5.0,55
17707.0,7.642961513329663,Regular,At_Risk,Medium Risk,NORMAL,152.39999999999998,-1017.3491329103297,-1169.7491329103295,185,2,152.39999999999998,1,3,1,1.6,13
17708.0,12.932921313585187,Regular,At_Risk,Medium Risk,NORMAL,267.08000000000004,-242.1486938996195,-509.22869389961954,188,2,267.08000000000004,1,3,2,2.0,13
17709.0,7.78810835429966,Regular,Hibernating,High Risk,MEDIUM,137.45,-629.3026011434988,-766.7526011434989,170,1,137.45,2,2,1,1.6,22
17711.0,28.017702662402076,Regular,Potential_Loyalists,Low Risk,NORMAL,385.1,-15.487829997616245,-400.58782999761627,11,2,385.1,5,3,2,3.2,53
17712.0,22.04621492315804,Regular,About_to_Sleep,Medium Risk,NORMAL,522.91,729.107891952905,206.19789195290502,45,1,522.91,3,2,3,2.7,32
17714.0,4.131364237561983,Regular,Hibernating,High Risk,MEDIUM,153.0,-379.9852765296023,-532.9852765296023,321,1,153.0,1,2,1,1.2999999999999998,12
17715.0,9.289450500418114,Regular,Hibernating,High Risk,MEDIUM,326.4,42.65448339449563,-283.74551660550435,201,1,326.4,1,2,2,1.7,12
17716.0,49.05393329593175,High-Value,Loyal_Customers,Low Risk,HIGH,5655.99,6096.69389046891,440.7038904689098,23,11,5655.99,4,5,5,4.7,45
17718.0,4.035943547899007,Regular,Hibernating,High Risk,MEDIUM,139.35,-635.0901581451186,-774.4401581451186,232,1,139.35,1,2,1,1.2999999999999998,12
17719.0,46.20392356995443,High-Value,Loyal_Customers,Low Risk,HIGH,5396.04,8502.795891204649,3106.755891204649,38,15,5396.04,3,5,5,4.4,35
17720.0,38.684179011886734,Regular,Loyal_Customers,Low Risk,NORMAL,1195.94,1766.3204008518658,570.3804008518657,26,4,1195.94,4,4,4,4.0,44
17722.0,36.40869707225343,High-Value,At_Risk,Medium Risk,HIGH,2424.04,2366.563947746028,-57.47605225397183,96,4,2424.04,2,4,5,3.8,24
17723.0,40.33747860438825,High-Value,Cant_Loose,Medium Risk,HIGH,3276.4,2844.5320042690064,-431.8679957309937,127,6,3276.4,2,5,5,4.1,25
17724.0,34.675651336191365,Regular,Loyal_Customers,Low Risk,NORMAL,1033.0,1075.1529786131412,42.15297861314116,71,3,1033.0,3,4,4,3.7,34
17725.0,49.04642829786837,High-Value,Loyal_Customers,Low Risk,HIGH,3439.08,6076.6294615778015,2637.5494615778016,16,11,3439.08,4,5,5,4.7,45
17727.0,31.119431664648214,Regular,Potential_Loyalists,Medium Risk,NORMAL,1060.25,1593.2199505141114,532.9699505141114,15,1,1060.25,4,2,4,3.4,42
17728.0,47.527836448594265,High-Value,Champions,Low Risk,HIGH,2876.01,2016.7112687870674,-859.2987312129328,4,3,2876.01,5,4,5,4.7,54
17730.0,53.32740098156569,High-Value,Champions,Low Risk,HIGH,5298.48,7496.171953820291,2197.691953820291,3,13,5298.48,5,5,5,5.0,55
17731.0,31.103727275871147,Regular,At_Risk,Low Risk,NORMAL,1240.11,1551.2346509531023,311.12465095310245,79,4,1240.11,2,4,4,3.4,24
17732.0,9.47385902426117,Regular,Hibernating,High Risk,MEDIUM,303.97,535.6661647188641,231.6961647188641,373,1,303.97,1,2,2,1.7,12
17733.0,25.69719073438849,Regular,Need_Attention,Low Risk,NORMAL,692.1899999999999,464.3691435498979,-227.82085645010204,39,2,692.1899999999999,3,3,3,3.0,33
17734.0,29.370681539809077,Regular,Loyal_Customers,Low Risk,NORMAL,700.63,259.82368182021514,-440.80631817978485,54,3,700.63,3,4,3,3.3,34
17735.0,54.75514751154425,High-Value,Champions,Low Risk,HIGH,13110.02,11313.217405845187,-1796.802594154813,2,19,13110.02,5,5,5,5.0,55
17736.0,31.672967043954454,Regular,Champions,Low Risk,NORMAL,377.44,-268.76119046284714,-646.2011904628471,9,3,377.44,5,4,2,3.5,54
17737.0,22.728815004727025,Regular,Potential_Loyalists,Low Risk,NORMAL,168.24,-787.8219220238823,-956.0619220238823,9,2,168.24,5,3,1,2.8,53
17738.0,38.67667401382335,Regular,Loyal_Customers,Low Risk,NORMAL,1879.05,1746.2559719607577,-132.79402803924222,19,4,1879.05,4,4,4,4.0,44
17739.0,51.908231592231,High-Value,Champions,Low Risk,HIGH,2791.3500000000004,3702.057277670947,910.7072776709465,12,7,2791.3500000000004,5,5,5,5.0,55
17742.0,16.671148266439555,Regular,At_Risk,Medium Risk,NORMAL,355.11,-273.62364769577175,-628.7336476957718,113,2,355.11,2,3,2,2.3,23
17744.0,51.66151800616063,High-Value,Champions,Low Risk,HIGH,2322.4,3042.474535293838,720.0745352938379,4,6,2322.4,5,5,5,5.0,55
17746.0,4.044520688542869,Regular,Hibernating,High Risk,MEDIUM,110.25,-612.1593822695665,-722.4093822695665,240,1,110.25,1,2,1,1.2999999999999998,12
17747.0,7.726996227212135,Regular,Hibernating,High Risk,MEDIUM,71.4,-792.684379256807,-864.084379256807,113,1,71.4,2,2,1,1.6,22
17749.0,22.027580906685024,Regular,At_Risk,Medium Risk,NORMAL,674.52,679.2903043504664,4.770304350466404,178,2,674.52,2,3,3,2.7,23
17750.0,47.090256112506545,Regular,Champions,Low Risk,NORMAL,1797.5700000000002,4188.695383725573,2391.125383725573,5,9,1797.5700000000002,5,5,4,4.6,55
17752.0,4.172105655620332,Regular,Hibernating,High Risk,MEDIUM,80.64,-271.06409112073015,-351.70409112073014,359,1,80.64,1,2,1,1.2999999999999998,12
17754.0,42.71414953919176,Regular,Champions,Low Risk,NORMAL,1772.2599999999998,2514.8147627794706,742.5547627794708,1,5,1772.2599999999998,5,4,4,4.300000000000001,54
17757.0,57.373576268655334,High-Value,Champions,Low Risk,HIGH,5605.290000000001,18313.522690377864,12708.232690377863,1,30,5605.290000000001,5,5,5,5.0,55
17758.0,48.33523538933029,High-Value,Loyal_Customers,Low Risk,HIGH,3456.7,4175.272603026464,718.5726030264641,19,8,3456.7,4,5,5,4.7,45
17759.0,33.149649910721806,Regular,Loyal_Customers,Low Risk,NORMAL,834.99,337.2699134329348,-497.7200865670652,17,3,834.99,4,4,3,3.6,44
17760.0,24.210858584396785,Regular,Potential_Loyalists,Low Risk,NORMAL,287.59000000000003,-167.45908320588023,-455.04908320588027,22,2,287.59000000000003,4,3,2,2.8999999999999995,43
17761.0,25.851986858582833,Regular,Potential_Loyalists,Medium Risk,NORMAL,712.78,878.2127981767248,165.43279817672487,33,1,712.78,4,2,3,3.0,42
17763.0,4.069179967893976,Regular,Hibernating,High Risk,MEDIUM,15.0,-546.2334016273545,-561.2334016273545,263,1,15.0,1,2,1,1.2999999999999998,12
17764.0,25.710056445354283,Regular,Need_Attention,Low Risk,NORMAL,818.82,498.76530736322593,-320.0546926367741,51,2,818.82,3,3,3,3.0,33
17765.0,20.37787549185512,Regular,At_Risk,Medium Risk,NORMAL,371.88,-389.31235290769075,-761.1923529076907,159,3,371.88,2,4,2,2.6,24
17767.0,20.545944919620066,Regular,Potential_Loyalists,Medium Risk,NORMAL,271.20000000000005,60.01715439935492,-211.18284560064512,15,1,271.20000000000005,4,2,2,2.6,42
17768.0,47.5321250189162,High-Value,Champions,Low Risk,HIGH,2273.18,2028.1766567248435,-245.00334327515634,8,3,2273.18,5,4,5,4.7,54
17769.0,52.623713071091,High-Value,Champions,Low Risk,HIGH,3997.980000000001,5614.87952416006,1616.8995241600592,13,10,3997.980000000001,5,5,5,5.0,55
17770.0,27.651883184565012,Regular,At_Risk,Medium Risk,NORMAL,1143.2699999999998,2348.3471855507914,1205.0771855507917,199,5,1143.2699999999998,1,4,4,3.1,14
17771.0,15.143002555809034,Regular,Need_Attention,Low Risk,NORMAL,245.81000000000003,-1017.239406844866,-1263.049406844866,57,2,245.81000000000003,3,3,1,2.2,33
17772.0,22.73095928988799,Regular,Potential_Loyalists,Low Risk,NORMAL,182.77,-782.0892280549944,-964.8592280549943,11,2,182.77,5,3,1,2.8,53
17774.0,31.123025842319837,Regular,At_Risk,Medium Risk,NORMAL,1225.41,1602.828896673094,377.41889667309397,97,4,1225.41,2,4,4,3.4,24
17775.0,4.060602827250113,Regular,Hibernating,High Risk,MEDIUM,56.4,-569.1641775029066,-625.5641775029065,255,1,56.4,1,2,1,1.2999999999999998,12
17777.0,33.158227051365664,Regular,Loyal_Customers,Low Risk,NORMAL,665.8600000000001,360.200689308487,-305.65931069151316,25,3,665.8600000000001,4,4,3,3.6,44
17779.0,33.15393848104374,Regular,Loyal_Customers,Low Risk,NORMAL,658.57,348.7353013707109,-309.83469862928916,21,3,658.57,4,4,3,3.6,44
17781.0,11.433723452627694,Regular,At_Risk,Medium Risk,NORMAL,188.02,-908.3730844687258,-1096.3930844687259,159,2,188.02,2,3,1,1.9,23
17783.0,20.445828067030348,Regular,Need_Attention,Low Risk,NORMAL,283.4699999999999,-207.64280402082807,-491.112804020828,72,2,283.4699999999999,3,3,2,2.6,33
17785.0,11.48130531877375,Regular,About_to_Sleep,Medium Risk,NORMAL,131.94,-781.1641282862992,-913.1041282862991,53,1,131.94,3,2,1,1.9,32
17786.0,16.641128274186034,Regular,At_Risk,Low Risk,NORMAL,278.74,-353.8813632602038,-632.6213632602038,85,2,278.74,2,3,2,2.3,23
17787.0,31.18306582682688,Regular,At_Risk,Medium Risk,NORMAL,1865.19,1763.3443278019583,-101.84567219804171,153,4,1865.19,2,4,4,3.4,24
17788.0,27.20282145082888,Regular,At_Risk,Low Risk,NORMAL,1117.9,1147.7916160256689,29.89161602566878,74,2,1117.9,2,3,4,3.1,23
17789.0,4.088478534342668,Regular,Hibernating,High Risk,MEDIUM,225.9,-494.63915590736246,-720.5391559073624,281,1,225.9,1,2,1,1.2999999999999998,12
17790.0,44.48588783001913,Regular,Loyal_Customers,Low Risk,NORMAL,1965.55,7251.513779853978,5285.963779853978,27,14,1965.55,4,5,4,4.300000000000001,45
17791.0,15.275283685813235,Regular,Potential_Loyalists,Medium Risk,NORMAL,106.1,-663.5890388913632,-769.6890388913632,30,1,106.1,4,2,1,2.2,42
17793.0,20.556666345424894,Regular,Potential_Loyalists,Medium Risk,NORMAL,323.04,88.68062424379491,-234.3593757562051,25,1,323.04,4,2,2,2.6,42
17795.0,12.924344172941323,Regular,At_Risk,Medium Risk,NORMAL,350.39,-265.07946977517156,-615.4694697751715,180,2,350.39,1,3,2,2.0,13
17796.0,29.593807989108825,Regular,Loyal_Customers,Low Risk,NORMAL,697.9000000000001,856.3467905395557,158.44679053955565,40,4,697.9000000000001,3,4,3,3.3,34
17797.0,33.15501062362422,Regular,Loyal_Customers,Low Risk,NORMAL,780.4300000000002,351.6016483551548,-428.8283516448454,22,3,780.4300000000002,4,4,3,3.6,44
17799.0,48.81472470792475,High-Value,Loyal_Customers,Low Risk,HIGH,3055.9300000000003,5457.175576982909,2401.2455769829085,22,10,3055.9300000000003,4,5,5,4.7,45
17800.0,39.48728938230083,Regular,Loyal_Customers,Low Risk,NORMAL,1199.01,3913.4163471534857,2714.4063471534855,37,9,1199.01,3,5,4,4.0,35
17802.0,30.868807258186088,Regular,At_Risk,Low Risk,NORMAL,1285.04,923.1817254048774,-361.85827459512257,82,3,1285.04,2,4,4,3.4,24
17805.0,18.258669411601456,Regular,Hibernating,Medium Risk,NORMAL,512.31,628.7308844646329,116.42088446463299,74,1,512.31,2,2,3,2.4000000000000004,22
17806.0,29.647037368202803,Regular,Potential_Loyalists,Medium Risk,NORMAL,546.04,998.6542345561049,452.614234556105,11,1,546.04,5,2,3,3.3000000000000003,52
17809.0,49.28456474329487,High-Value,Loyal_Customers,Low Risk,HIGH,5411.91,6713.281428079358,1301.3714280793583,16,12,5411.91,4,5,5,4.7,45
17811.0,59.52002070523534,High-Value,Champions,Low Risk,HIGH,7837.73,24051.98942984521,16214.25942984521,4,39,7837.73,5,5,5,5.0,55
17812.0,37.20213543221697,Regular,Champions,Low Risk,NORMAL,732.1599999999999,1145.9575620338635,413.79756203386364,13,4,732.1599999999999,5,4,3,3.9,54
17813.0,38.90944974634744,Regular,Loyal_Customers,Low Risk,NORMAL,1770.88,2368.576203540095,597.6962035400948,14,5,1770.88,4,4,4,4.0,44
17816.0,19.017104816339227,Regular,Loyal_Customers,Low Risk,NORMAL,36.56,-685.4550465285324,-722.0150465285324,37,4,36.56,3,4,1,2.5,34
17817.0,31.66760633105204,Regular,Champions,Low Risk,NORMAL,387.68,-283.09292538506725,-670.7729253850673,4,3,387.68,5,4,2,3.5,54
17819.0,44.3352848542788,High-Value,Loyal_Customers,Low Risk,HIGH,3704.87,3507.0359566632906,-197.83404333670933,72,7,3704.87,3,5,5,4.4,35
17824.0,16.765904406126857,Regular,About_to_Sleep,Medium Risk,NORMAL,298.4,-20.29542419780887,-318.69542419780885,51,1,298.4,3,2,2,2.3,32
17827.0,42.71843810951369,Regular,Champions,Low Risk,NORMAL,1995.46,2526.280150717246,530.8201507172462,5,5,1995.46,5,4,4,4.300000000000001,54
17828.0,38.680962584145284,Regular,Loyal_Customers,Low Risk,NORMAL,1820.09,1757.7213598985338,-62.3686401014661,23,4,1820.09,4,4,4,4.0,44
17829.0,14.681263845819513,Regular,Hibernating,High Risk,MEDIUM,889.24,1090.1578859273857,200.91788592738567,299,1,889.24,1,2,3,2.1,12
17830.0,31.665462045891076,Regular,Champions,Low Risk,NORMAL,398.69999999999993,-288.8256193539552,-687.5256193539551,2,3,398.69999999999993,5,4,2,3.5,54
17831.0,15.278500113554683,Regular,Potential_Loyalists,Medium Risk,NORMAL,35.400000000000006,-654.9899979380311,-690.3899979380311,33,1,35.400000000000006,4,2,1,2.2,42
17832.0,11.4780888910323,Regular,About_to_Sleep,Medium Risk,NORMAL,155.37000000000003,-789.7631692396311,-945.1331692396311,50,1,155.37000000000003,3,2,1,1.9,32
17835.0,31.66653418847156,Regular,Champions,Low Risk,NORMAL,350.64,-285.95927236951115,-636.5992723695111,3,3,350.64,5,4,2,3.5,54
17836.0,11.47487246329085,Regular,About_to_Sleep,Medium Risk,NORMAL,110.21,-798.3622101929632,-908.5722101929632,47,1,110.21,3,2,1,1.9,32
17837.0,39.25451364977674,Regular,Loyal_Customers,Low Risk,NORMAL,1593.38,3291.0961155741497,1697.7161155741496,42,8,1593.38,3,5,4,4.0,35
17838.0,44.2101309724078,High-Value,Loyal_Customers,Low Risk,HIGH,2779.3,3172.440112395245,393.1401123952446,27,5,2779.3,4,4,5,4.4,44
17839.0,16.75625512290251,Regular,About_to_Sleep,Medium Risk,NORMAL,338.79999999999995,-46.09254705780495,-384.8925470578049,42,1,338.79999999999995,3,2,2,2.3,32
17841.0,79.75947428132743,High-Value,Champions,Low Risk,HIGH,40991.57,78161.67388850862,37170.103888508624,2,124,40991.57,5,5,5,5.0,55
17843.0,4.1120656711132915,Regular,Hibernating,High Risk,MEDIUM,205.48,-431.57952224959445,-637.0595222495945,303,1,205.48,1,2,1,1.2999999999999998,12
17844.0,7.720563371729238,Regular,Hibernating,High Risk,MEDIUM,51.56,-809.8824611634709,-861.4424611634709,107,1,51.56,2,2,1,1.6,22
17846.0,23.557206352500835,Regular,Hibernating,Medium Risk,NORMAL,2033.1,1426.8620993508955,-606.2379006491044,85,1,2033.1,2,2,4,2.8,22
17848.0,30.429082636937416,Regular,Cant_Loose,Low Risk,NORMAL,901.2,3089.4331463744957,2188.233146374496,81,9,901.2,2,5,3,3.3000000000000003,25
17849.0,22.147374075653605,Regular,At_Risk,Medium Risk,NORMAL,605.8000000000001,999.5544136962924,393.7544136962923,218,4,605.8000000000001,1,4,3,2.7,14
17850.0,43.44933636215816,High-Value,Cant_Loose,Medium Risk,HIGH,5391.210000000001,21189.541007464228,15798.331007464227,372,34,5391.210000000001,1,5,5,3.8,15
17852.0,22.732031432468474,Regular,Potential_Loyalists,Low Risk,NORMAL,114.34,-779.2228810705503,-893.5628810705504,12,2,114.34,5,3,1,2.8,53
17854.0,12.929704885843737,Regular,At_Risk,Medium Risk,NORMAL,311.26,-250.74773485295145,-562.0077348529514,185,2,311.26,1,3,2,2.0,13
17855.0,4.187115651747093,Regular,Hibernating,High Risk,MEDIUM,208.97,-230.93523333851408,-439.9052333385141,373,1,208.97,1,2,1,1.2999999999999998,12
17856.0,42.47708523634574,Regular,Champions,Low Risk,NORMAL,1418.0300000000002,1881.0291432623578,462.9991432623576,2,4,1418.0300000000002,5,4,4,4.300000000000001,54
17857.0,55.70983757841124,High-Value,Champions,Low Risk,HIGH,26879.04,13865.5579658203,-13013.4820341797,4,23,26879.04,5,5,5,5.0,55
17858.0,53.09248096388063,High-Value,Champions,Low Risk,HIGH,5155.66,6868.119028272066,1712.4590282720665,6,12,5155.66,5,5,5,5.0,55
17859.0,4.114209956274257,Regular,Hibernating,High Risk,MEDIUM,148.21,-425.8468282807064,-574.0568282807064,305,1,148.21,1,2,1,1.2999999999999998,12
17860.0,9.46957045393924,Regular,Hibernating,High Risk,MEDIUM,252.8,524.200776781088,271.40077678108804,369,1,252.8,1,2,2,1.7,12
17861.0,52.13671875443316,High-Value,Champions,Low Risk,HIGH,2100.8,4312.912121312507,2212.112121312507,3,8,2100.8,5,5,5,5.0,55
17862.0,9.42132403781751,Regular,Hibernating,High Risk,MEDIUM,330.9,395.2151624811079,64.3151624811079,324,1,330.9,1,2,2,1.7,12
17863.0,44.08321055530602,High-Value,Loyal_Customers,Low Risk,HIGH,3160.0,2833.121479363962,-326.87852063603805,59,6,3160.0,3,5,5,4.4,35
17864.0,36.963998986790465,Regular,Champions,Low Risk,NORMAL,597.5,509.30559553230705,-88.19440446769295,13,3,597.5,5,4,3,3.9,54
17865.0,51.20573844541417,High-Value,Loyal_Customers,Low Risk,HIGH,10526.32,11849.49236485847,1323.1723648584702,31,20,10526.32,4,5,5,4.7,45
17866.0,13.045903877140697,Regular,Hibernating,High Risk,MEDIUM,329.65,59.9074283338914,-269.7425716661086,143,1,329.65,2,2,2,2.0,22
17867.0,42.58401269434852,Regular,Loyal_Customers,Low Risk,NORMAL,1197.1000000000004,2166.8970887948553,969.797088794855,30,6,1197.1000000000004,4,5,4,4.300000000000001,45
17869.0,20.798396968523022,Regular,At_Risk,Medium Risk,NORMAL,428.18,734.9415369043345,306.7615369043345,107,5,428.18,2,4,2,2.6,24
17870.0,47.80144902104462,Regular,Champions,Low Risk,NORMAL,1894.35,6090.052242276912,4195.702242276911,2,12,1894.35,5,5,4,4.6,55
17871.0,4.0069956982259685,Regular,Hibernating,High Risk,MEDIUM,155.90000000000003,-712.4815267251067,-868.3815267251068,205,1,155.90000000000003,1,2,1,1.2999999999999998,12
17873.0,31.342935863878136,Regular,At_Risk,Low Risk,NORMAL,1859.1600000000003,2190.7529644391025,331.59296443910216,80,5,1859.1600000000003,2,4,4,3.4,24
17874.0,26.007538482637525,Regular,Cant_Loose,Medium Risk,NORMAL,683.4600000000002,1294.0762632148537,610.6162632148536,185,6,683.4600000000002,1,5,3,3.0,15
17877.0,7.78810835429966,Regular,Hibernating,High Risk,MEDIUM,237.61,-629.3026011434988,-866.9126011434988,170,1,237.61,2,2,1,1.6,22
17878.0,16.758399408063475,Regular,About_to_Sleep,Medium Risk,NORMAL,379.45,-40.35985308891691,-419.8098530889169,44,1,379.45,3,2,2,2.3,32
17879.0,7.792396924621591,Regular,Hibernating,High Risk,MEDIUM,178.51999999999998,-617.8372132057227,-796.3572132057227,174,1,178.51999999999998,2,2,1,1.6,22
17880.0,9.465281883617308,Regular,Hibernating,High Risk,MEDIUM,458.92,512.735388843312,53.81538884331195,365,1,458.92,1,2,2,1.7,12
17881.0,4.113137813693774,Regular,Hibernating,High Risk,MEDIUM,133.35000000000002,-428.7131752651503,-562.0631752651503,304,1,133.35000000000002,1,2,1,1.2999999999999998,12
17883.0,37.19141400641214,Regular,Champions,Low Risk,NORMAL,671.77,1117.294092189424,445.524092189424,3,4,671.77,5,4,3,3.9,54
17884.0,37.19248614899262,Regular,Champions,Low Risk,NORMAL,717.45,1120.1604391738676,402.7104391738676,4,4,717.45,5,4,3,3.9,54
17885.0,19.07462276575513,Regular,Potential_Loyalists,Medium Risk,NORMAL,190.19,-531.6822145742073,-721.8722145742072,12,1,190.19,5,2,1,2.5,52
17886.0,33.165732049429046,Regular,Loyal_Customers,Low Risk,NORMAL,899.6099999999999,380.265118199595,-519.3448818004049,32,3,899.6099999999999,4,4,3,3.6,44
17887.0,7.744150508499861,Regular,Hibernating,High Risk,MEDIUM,111.35,-746.8228275057029,-858.1728275057029,129,1,111.35,2,2,1,1.6,22
17888.0,37.76389292946311,Regular,Loyal_Customers,Low Risk,NORMAL,726.05,2647.8025008805953,1921.7525008805953,21,8,726.05,4,5,3,3.9,45
17889.0,7.671909363002701,Regular,At_Risk,Medium Risk,NORMAL,203.87,-939.9577643303417,-1143.8277643303418,212,2,203.87,1,3,1,1.6,13
17890.0,18.364403934464455,Regular,At_Risk,Medium Risk,NORMAL,602.0900000000001,911.4095470576985,309.3195470576984,323,2,602.0900000000001,1,3,3,2.4000000000000004,13
17891.0,7.779531213655797,Regular,Hibernating,High Risk,MEDIUM,203.86,-652.2333770190507,-856.0933770190508,162,1,203.86,2,2,1,1.6,22
17892.0,18.7993390799419,Regular,Loyal_Customers,Low Risk,NORMAL,244.1,-1267.646420325653,-1511.746420325653,56,3,244.1,3,4,1,2.5,34
17893.0,4.028438549835626,Regular,Hibernating,High Risk,MEDIUM,112.25,-655.1545870362266,-767.4045870362266,225,1,112.25,1,2,1,1.2999999999999998,12
17894.0,39.28667792719122,Regular,Loyal_Customers,Low Risk,NORMAL,1119.81,3377.0865251074692,2257.2765251074693,72,8,1119.81,3,5,4,4.0,35
17895.0,11.471656035549403,Regular,About_to_Sleep,Medium Risk,NORMAL,98.0,-806.9612511462951,-904.9612511462951,44,1,98.0,3,2,1,1.9,32
17896.0,20.554522060263928,Regular,Potential_Loyalists,Medium Risk,NORMAL,256.32,82.94793027490664,-173.37206972509335,23,1,256.32,4,2,2,2.6,42
17897.0,25.679628860495956,Regular,At_Risk,Medium Risk,NORMAL,566.6,417.4179029319032,-149.18209706809682,173,3,566.6,2,4,3,3.0,24
17898.0,11.354384901671962,Regular,At_Risk,Low Risk,NORMAL,152.06,-1120.4827613175821,-1272.542761317582,85,2,152.06,2,3,1,1.9,23
17899.0,7.776314785914348,Regular,Hibernating,High Risk,MEDIUM,155.79999999999998,-660.8324179723828,-816.6324179723828,159,1,155.79999999999998,2,2,1,1.6,22
17900.0,7.648322226232078,Regular,At_Risk,Medium Risk,NORMAL,112.2,-1003.0173979881097,-1115.2173979881097,190,2,112.2,1,3,1,1.6,13
17901.0,15.274211543232752,Regular,Potential_Loyalists,Medium Risk,NORMAL,110.38,-666.4553858758072,-776.8353858758072,29,1,110.38,4,2,1,2.2,42
17904.0,15.265634402588889,Regular,Potential_Loyalists,Medium Risk,NORMAL,191.66999999999996,-689.3861617513592,-881.0561617513591,21,1,191.66999999999996,4,2,1,2.2,42
17905.0,29.627044409103792,Regular,Loyal_Customers,Low Risk,NORMAL,800.24,945.2035470573198,144.96354705731983,71,4,800.24,3,4,3,3.3,34
17906.0,4.05202568660625,Regular,Hibernating,High Risk,MEDIUM,72.9,-592.0949533784586,-664.9949533784586,247,1,72.9,1,2,1,1.2999999999999998,12
17908.0,4.188187794327575,Regular,Hibernating,High Risk,MEDIUM,243.28,-228.0688863540704,-471.3488863540704,374,1,243.28,1,2,1,1.2999999999999998,12
17911.0,24.35814971052776,Regular,Potential_Loyalists,Medium Risk,NORMAL,366.23,226.32014252983913,-139.9098574701609,9,1,366.23,5,2,2,2.9000000000000004,52
17912.0,17.197404265970455,Regular,At_Risk,Medium Risk,NORMAL,311.01,1133.3089047093192,822.2989047093192,310,5,311.01,1,4,2,2.3,14
17913.0,20.43189021348407,Regular,Need_Attention,Low Risk,NORMAL,411.6,-244.90531481860012,-656.5053148186001,59,2,411.6,3,3,2,2.6,33
17914.0,24.352788997625346,Regular,Potential_Loyalists,Medium Risk,NORMAL,336.43,211.9884076076189,-124.4415923923811,4,1,336.43,5,2,2,2.9000000000000004,52
17917.0,24.074288884070654,Regular,Loyal_Customers,Low Risk,NORMAL,341.28000000000003,-532.5748390971592,-873.8548390971591,45,3,341.28000000000003,3,4,2,2.8999999999999995,34
17919.0,23.560422780242284,Regular,Hibernating,Medium Risk,NORMAL,1304.0400000000002,1435.4611403042275,131.42114030422727,88,1,1304.0400000000002,2,2,4,2.8,22
17920.0,54.2810189058522,High-Value,Champions,Low Risk,HIGH,4204.1,10045.646166810962,5841.546166810962,4,17,4204.1,5,5,5,5.0,55
17921.0,29.619539411040414,Regular,Loyal_Customers,Low Risk,NORMAL,826.52,925.1391181662118,98.61911816621182,64,4,826.52,3,4,3,3.3,34
17923.0,4.08955067692315,Regular,Hibernating,High Risk,MEDIUM,207.50000000000003,-491.77280892291844,-699.2728089229184,282,1,207.50000000000003,1,2,1,1.2999999999999998,12
17924.0,51.908231592231,High-Value,Champions,Low Risk,HIGH,2962.500000000001,3702.057277670947,739.557277670946,12,7,2962.500000000001,5,5,5,5.0,55
17925.0,4.187115651747093,Regular,Hibernating,High Risk,MEDIUM,244.08,-230.93523333851408,-475.0152333385141,373,1,244.08,1,2,1,1.2999999999999998,12
17926.0,16.69259111804921,Regular,At_Risk,Medium Risk,NORMAL,397.29,-216.29670800689166,-613.5867080068917,133,2,397.29,2,3,2,2.3,23
17928.0,15.130136844843237,Regular,Need_Attention,Low Risk,NORMAL,212.54,-1051.6355706581942,-1264.1755706581941,45,2,212.54,3,3,1,2.2,33
17929.0,37.199991147056004,Regular,Champions,Low Risk,NORMAL,843.0,1140.2248680649757,297.2248680649757,11,4,843.0,5,4,3,3.9,54
17930.0,35.11439923672748,Regular,Loyal_Customers,Low Risk,NORMAL,1740.4799999999998,2248.1347671607145,507.65476716071475,36,5,1740.4799999999998,3,4,4,3.7,34
17931.0,16.693663260629695,Regular,At_Risk,Medium Risk,NORMAL,408.36,-213.43036102244764,-621.7903610224477,134,2,408.36,2,3,2,2.3,23
17932.0,38.44925899420167,Regular,Loyal_Customers,Low Risk,NORMAL,1331.57,1138.2674753036415,-193.30252469635843,29,3,1331.57,4,4,4,4.0,44
17934.0,25.711128587934766,Regular,Need_Attention,Low Risk,NORMAL,704.25,501.63165434766984,-202.61834565233016,52,2,704.25,3,3,3,3.0,33
17935.0,11.411208458437553,Regular,At_Risk,Medium Risk,NORMAL,145.79000000000002,-968.5663711420498,-1114.3563711420497,138,2,145.79000000000002,2,3,1,1.9,23
17936.0,24.35386114020583,Regular,Potential_Loyalists,Medium Risk,NORMAL,389.84,214.85475459206305,-174.98524540793693,5,1,389.84,5,2,2,2.9000000000000004,52
17937.0,51.90501516448955,High-Value,Champions,Low Risk,HIGH,4301.22,3693.4582367176145,-607.7617632823858,9,7,4301.22,5,5,5,5.0,55
17939.0,7.777386928494831,Regular,Hibernating,High Risk,MEDIUM,99.14,-657.9660709879388,-757.1060709879388,160,1,99.14,2,2,1,1.6,22
17940.0,45.025034911207214,High-Value,Loyal_Customers,Low Risk,HIGH,4106.4400000000005,5351.065875525748,1244.6258755257477,49,10,4106.4400000000005,3,5,5,4.4,35
17941.0,13.0330381661749,Regular,Hibernating,High Risk,MEDIUM,304.56,25.511264520563373,-279.04873547943663,131,1,304.56,2,2,2,2.0,22
17942.0,19.070334195433198,Regular,Potential_Loyalists,Medium Risk,NORMAL,77.50000000000001,-543.1476025119832,-620.6476025119832,8,1,77.50000000000001,5,2,1,2.5,52
17946.0,7.694424357192841,Regular,At_Risk,Medium Risk,NORMAL,149.58,-879.7644776570176,-1029.3444776570175,233,2,149.58,1,3,1,1.6,13
17947.0,11.464151037486022,Regular,About_to_Sleep,Medium Risk,NORMAL,176.67999999999998,-827.0256800374032,-1003.7056800374031,37,1,176.67999999999998,3,2,1,1.9,32
17948.0,13.050192447462628,Regular,Hibernating,High Risk,MEDIUM,358.56000000000006,71.37281627166726,-287.1871837283328,147,1,358.56000000000006,2,2,2,2.0,22
17949.0,60.945622950052936,High-Value,Champions,Low Risk,HIGH,58510.48000000001,27863.30218790122,-30647.17781209879,1,45,58510.48000000001,5,5,5,5.0,55
17950.0,24.103236733743692,Regular,Loyal_Customers,Low Risk,NORMAL,482.2,-455.18347051717103,-937.383470517171,72,3,482.2,3,4,2,2.8999999999999995,34
17951.0,34.642414916196394,Regular,Loyal_Customers,Low Risk,NORMAL,1008.5400000000004,986.2962220953771,-22.243777904623357,40,3,1008.5400000000004,3,4,4,3.7,34
17954.0,53.09140882130015,High-Value,Champions,Low Risk,HIGH,2332.7200000000003,6865.252681287622,4532.532681287622,5,12,2332.7200000000003,5,5,5,5.0,55
17955.0,22.127003366624432,Regular,At_Risk,Medium Risk,NORMAL,557.3,945.0938209918561,387.79382099185614,199,4,557.3,1,4,3,2.7,14
17956.0,4.054169971767216,Regular,Hibernating,High Risk,MEDIUM,12.75,-586.3622594095706,-599.1122594095706,249,1,12.75,1,2,1,1.2999999999999998,12
17957.0,11.495243172320025,Regular,About_to_Sleep,Medium Risk,NORMAL,111.68,-743.9016174885271,-855.5816174885272,66,1,111.68,3,2,1,1.9,32
17958.0,18.30477154256222,Regular,Hibernating,High Risk,MEDIUM,508.4599999999999,751.9838047957251,243.52380479572514,117,1,508.4599999999999,2,2,3,2.4000000000000004,22
17960.0,7.789180496880142,Regular,Hibernating,High Risk,MEDIUM,73.78,-626.4362541590548,-700.2162541590548,171,1,73.78,2,2,1,1.6,22
17961.0,50.432866110198894,Regular,Loyal_Customers,Low Risk,NORMAL,1296.44,23150.614860486232,21854.174860486233,21,39,1296.44,4,5,4,4.300000000000001,45
17962.0,7.758088362046139,Regular,Hibernating,High Risk,MEDIUM,102.83,-709.560316707931,-812.390316707931,142,1,102.83,2,2,1,1.6,22
17964.0,24.221580010201617,Regular,Potential_Loyalists,Low Risk,NORMAL,471.69999999999993,-138.79561336144013,-610.4956133614401,32,2,471.69999999999993,4,3,2,2.8999999999999995,43
17965.0,45.96578712452793,High-Value,Loyal_Customers,Low Risk,HIGH,2622.57,7866.143924703092,5243.573924703092,38,14,2622.57,3,5,5,4.4,35
17966.0,35.116543521888445,Regular,Loyal_Customers,Low Risk,NORMAL,1098.4299999999998,2253.867461129603,1155.437461129603,38,5,1098.4299999999998,3,4,4,3.7,34
17967.0,4.18604350916661,Regular,Hibernating,High Risk,MEDIUM,123.07,-233.80158032295822,-356.8715803229582,372,1,123.07,1,2,1,1.2999999999999998,12
17968.0,9.474931166841653,Regular,Hibernating,High Risk,MEDIUM,277.35,538.5325117033078,261.1825117033078,374,1,277.35,1,2,2,1.7,12
17969.0,11.441228450691074,Regular,At_Risk,Medium Risk,NORMAL,228.2,-888.3086555776177,-1116.5086555776177,166,2,228.2,2,3,1,1.9,23
17970.0,14.58691529873702,Regular,Hibernating,High Risk,MEDIUM,582.59,837.9193512963136,255.32935129631358,211,1,582.59,1,2,3,2.1,12
17972.0,4.046664973703836,Regular,Hibernating,High Risk,MEDIUM,136.04,-606.4266883006786,-742.4666883006786,242,1,136.04,1,2,1,1.2999999999999998,12
17973.0,16.76697654870734,Regular,About_to_Sleep,Medium Risk,NORMAL,337.04,-17.429077213364963,-354.469077213365,52,1,337.04,3,2,2,2.3,32
17974.0,33.158227051365664,Regular,Loyal_Customers,Low Risk,NORMAL,740.79,360.200689308487,-380.589310691513,25,3,740.79,4,4,3,3.6,44
17975.0,49.521629046140895,High-Value,Loyal_Customers,Low Risk,HIGH,4488.81,7347.067047596471,2858.2570475964703,15,13,4488.81,4,5,5,4.7,45
17976.0,9.472786881680687,Regular,Hibernating,High Risk,MEDIUM,353.19000000000005,532.79981773442,179.60981773441995,372,1,353.19000000000005,1,2,2,1.7,12
17977.0,20.560954915746827,Regular,Potential_Loyalists,Medium Risk,NORMAL,288.14,100.14601218157077,-187.99398781842922,29,1,288.14,4,2,2,2.6,42
17978.0,9.465281883617308,Regular,Hibernating,High Risk,MEDIUM,300.92,512.735388843312,211.81538884331195,365,1,300.92,1,2,2,1.7,12
17979.0,29.589519418786892,Regular,Loyal_Customers,Low Risk,NORMAL,757.7099999999998,844.8814026017797,87.17140260177985,36,4,757.7099999999998,3,4,3,3.3,34
17980.0,25.672123862432574,Regular,At_Risk,Medium Risk,NORMAL,811.45,397.35347404079516,-414.0965259592049,166,3,811.45,2,4,3,3.0,24
17984.0,7.761304789787587,Regular,Hibernating,High Risk,MEDIUM,152.68,-700.9612757545989,-853.6412757545988,145,1,152.68,2,2,1,1.6,22
17985.0,25.84019329019752,Regular,Potential_Loyalists,Medium Risk,NORMAL,634.9499999999999,846.6829813478407,211.7329813478408,22,1,634.9499999999999,4,2,3,3.0,42
17986.0,11.484521746515197,Regular,About_to_Sleep,Medium Risk,NORMAL,20.8,-772.5650873329671,-793.365087332967,56,1,20.8,3,2,1,1.9,32
17987.0,3.985552846616311,Regular,Hibernating,High Risk,MEDIUM,198.57,-769.8084664139867,-968.3784664139866,185,1,198.57,1,2,1,1.2999999999999998,12
17988.0,30.761258102174697,Regular,Champions,Low Risk,NORMAL,201.12,635.6516854414338,434.53168544143375,12,7,201.12,5,5,1,3.4,55
17990.0,21.929608339256276,Regular,At_Risk,Medium Risk,NORMAL,630.84,417.36303989917155,-213.47696010082848,237,3,630.84,1,4,3,2.7,14
17991.0,7.685847216548979,Regular,At_Risk,Medium Risk,NORMAL,93.35,-902.6952535325696,-996.0452535325696,225,2,93.35,1,3,1,1.6,13
17994.0,25.863086034317835,Regular,At_Risk,Medium Risk,NORMAL,678.49,907.8861732268158,229.3961732268158,122,4,678.49,2,4,3,3.0,24
17995.0,4.08955067692315,Regular,Hibernating,High Risk,MEDIUM,76.1,-491.77280892291844,-567.8728089229185,282,1,76.1,1,2,1,1.2999999999999998,12
17997.0,35.4701845659616,Regular,Cant_Loose,Low Risk,NORMAL,1970.67,3199.318149039209,1228.6481490392089,74,8,1970.67,2,5,4,3.7,25
17999.0,20.408303076713448,Regular,Need_Attention,Low Risk,NORMAL,382.06000000000006,-307.96494847636814,-690.0249484763682,37,2,382.06000000000006,3,3,2,2.6,33
18001.0,28.018774804982556,Regular,Potential_Loyalists,Low Risk,NORMAL,417.23,-12.621483013172337,-429.85148301317236,12,2,417.23,5,3,2,3.2,53
18004.0,4.175322083361781,Regular,Hibernating,High Risk,MEDIUM,169.47,-262.4650501673982,-431.93505016739823,362,1,169.47,1,2,1,1.2999999999999998,12
18005.0,22.723454291824613,Regular,Potential_Loyalists,Low Risk,NORMAL,249.72,-802.1536569461024,-1051.8736569461023,4,2,249.72,5,3,1,2.8,53
18006.0,20.554522060263928,Regular,Potential_Loyalists,Medium Risk,NORMAL,444.68,82.94793027490664,-361.73206972509337,23,1,444.68,4,2,2,2.6,42
18008.0,44.80941345997085,High-Value,Loyal_Customers,Low Risk,HIGH,2116.19,4774.607195697516,2658.4171956975156,70,9,2116.19,3,5,5,4.4,35
18009.0,9.325903348154533,Regular,Hibernating,High Risk,MEDIUM,257.34,140.11028086559168,-117.2297191344083,235,1,257.34,1,2,2,1.7,12
18010.0,4.0627471124110786,Regular,Hibernating,High Risk,MEDIUM,174.79999999999998,-563.4314835340185,-738.2314835340185,257,1,174.79999999999998,1,2,1,1.2999999999999998,12
18011.0,4.187115651747093,Regular,Hibernating,High Risk,MEDIUM,102.79,-230.93523333851408,-333.7252333385141,373,1,102.79,1,2,1,1.2999999999999998,12
18013.0,11.429434882305763,Regular,At_Risk,Medium Risk,NORMAL,187.29,-919.8384724065018,-1107.1284724065017,155,2,187.29,2,3,1,1.9,23
18014.0,15.27313940065227,Regular,Potential_Loyalists,Medium Risk,NORMAL,166.42,-669.3217328602512,-835.7417328602512,28,1,166.42,4,2,1,2.2,42
18015.0,19.06604562511127,Regular,Potential_Loyalists,Medium Risk,NORMAL,120.03000000000002,-554.6129904497593,-674.6429904497593,4,1,120.03000000000002,5,2,1,2.5,52
18016.0,38.92874831279614,Regular,Loyal_Customers,Low Risk,NORMAL,1483.56,2420.1704492600866,936.6104492600866,32,5,1483.56,4,4,4,4.0,44
18017.0,25.58099174309153,Regular,At_Risk,Low Risk,NORMAL,523.0,153.71398036305504,-369.28601963694496,81,3,523.0,2,4,3,3.0,24
18018.0,11.379044181023067,Regular,At_Risk,Medium Risk,NORMAL,122.14,-1054.55678067537,-1176.69678067537,108,2,122.14,2,3,1,1.9,23
18019.0,11.480233176193266,Regular,About_to_Sleep,Medium Risk,NORMAL,38.45,-784.0304752707432,-822.4804752707432,52,1,38.45,3,2,1,1.9,32
18022.0,22.036565639933695,Regular,About_to_Sleep,Medium Risk,NORMAL,668.1099999999999,703.3107690929089,35.20076909290901,36,1,668.1099999999999,3,2,3,2.7,32
18024.0,16.71403396965887,Regular,At_Risk,Medium Risk,NORMAL,389.78,-158.96976831801157,-548.7497683180115,153,2,389.78,2,3,2,2.3,23
18027.0,7.711986231085375,Regular,Hibernating,High Risk,MEDIUM,115.31,-832.813237039023,-948.123237039023,99,1,115.31,2,2,1,1.6,22
18030.0,22.723454291824613,Regular,Potential_Loyalists,Low Risk,NORMAL,230.65,-802.1536569461024,-1032.8036569461024,4,2,230.65,5,3,1,2.8,53
18032.0,4.1453020911082605,Regular,Hibernating,High Risk,MEDIUM,73.5,-342.72276573183035,-416.22276573183035,334,1,73.5,1,2,1,1.2999999999999998,12
18033.0,11.494171029739544,Regular,About_to_Sleep,Medium Risk,NORMAL,97.97,-746.7679644729711,-844.7379644729712,65,1,97.97,3,2,1,1.9,32
18034.0,24.210858584396785,Regular,Potential_Loyalists,Low Risk,NORMAL,422.88,-167.45908320588023,-590.3390832058802,22,2,422.88,4,3,2,2.8999999999999995,43
18035.0,29.351382973360387,Regular,Loyal_Customers,Low Risk,NORMAL,730.4000000000002,208.22943610022298,-522.1705638997772,36,3,730.4000000000002,3,4,3,3.3,34
18036.0,27.878988676914975,Regular,Loyal_Customers,Low Risk,NORMAL,405.62,-386.3362798577831,-791.9562798577831,32,3,405.62,4,4,2,3.2,44
18037.0,19.219452964004994,Regular,Cant_Loose,Medium Risk,NORMAL,70.02,-144.48221938051847,-214.50221938051845,154,6,70.02,2,5,1,2.5,25
18040.0,24.20764215665534,Regular,Potential_Loyalists,Low Risk,NORMAL,357.2,-176.05812415921218,-533.2581241592122,19,2,357.2,4,3,2,2.8999999999999995,43
18041.0,55.24214182820209,High-Value,Champions,Low Risk,HIGH,4183.39,12615.184808692738,8431.794808692739,12,21,4183.39,5,5,5,5.0,55
18042.0,11.48237746135423,Regular,About_to_Sleep,Medium Risk,NORMAL,165.04999999999998,-778.2977813018551,-943.3477813018551,54,1,165.04999999999998,3,2,1,1.9,32
18043.0,33.158227051365664,Regular,Loyal_Customers,Low Risk,NORMAL,559.51,360.200689308487,-199.30931069151302,25,3,559.51,4,4,3,3.6,44
18044.0,52.614063787866655,High-Value,Champions,Low Risk,HIGH,2088.6,5589.082401300065,3500.482401300065,4,10,2088.6,5,5,5,5.0,55
18045.0,11.472728178129886,Regular,About_to_Sleep,Medium Risk,NORMAL,189.4,-804.0949041618512,-993.4949041618512,45,1,189.4,3,2,1,1.9,32
18048.0,7.662260079778355,Regular,At_Risk,Medium Risk,NORMAL,172.29000000000002,-965.7548871903376,-1138.0448871903377,203,2,172.29000000000002,1,3,1,1.6,13
18050.0,4.172105655620332,Regular,Hibernating,High Risk,MEDIUM,74.4,-271.06409112073015,-345.46409112073013,359,1,74.4,1,2,1,1.2999999999999998,12
18053.0,16.787347257736513,Regular,About_to_Sleep,Medium Risk,NORMAL,300.0200000000001,37.031515491071104,-262.988484508929,71,1,300.0200000000001,3,2,2,2.3,32
18055.0,52.617280215608105,High-Value,Champions,Low Risk,HIGH,6784.1900000000005,5597.681442253397,-1186.5085577466034,7,10,6784.1900000000005,5,5,5,5.0,55
18056.0,9.382726904920126,Regular,Hibernating,High Risk,MEDIUM,363.65,292.0266710411238,-71.62332895887619,288,1,363.65,1,2,2,1.7,12
18058.0,19.072478480594164,Regular,Potential_Loyalists,Medium Risk,NORMAL,170.16,-537.4149085430953,-707.5749085430953,10,1,170.16,5,2,1,2.5,52
18059.0,27.86933939369063,Regular,Loyal_Customers,Low Risk,NORMAL,306.46,-412.1334027177792,-718.5934027177791,23,3,306.46,4,4,2,3.2,44
18061.0,48.81472470792475,High-Value,Loyal_Customers,Low Risk,HIGH,2119.41,5457.175576982909,3337.765576982909,22,10,2119.41,4,5,5,4.7,45
18062.0,25.679628860495956,Regular,At_Risk,Medium Risk,NORMAL,720.5200000000001,417.4179029319032,-303.1020970680969,173,3,720.5200000000001,2,4,3,3.0,24
18064.0,21.979334490563296,Regular,At_Risk,Medium Risk,NORMAL,814.0,550.3046900504862,-263.6953099495138,133,2,814.0,2,3,3,2.7,23
18065.0,53.56875385473365,High-Value,Champions,Low Risk,HIGH,2392.83,8141.422961275181,5748.592961275181,6,14,2392.83,5,5,5,5.0,55
18066.0,12.97299818166786,Regular,Hibernating,Medium Risk,NORMAL,318.0,-135.0041666083008,-453.0041666083008,75,1,318.0,2,2,2,2.0,22
18067.0,16.754110837741546,Regular,About_to_Sleep,Medium Risk,NORMAL,396.33,-51.82524102669299,-448.155241026693,40,1,396.33,3,2,2,2.3,32
18068.0,4.097055674986531,Regular,Hibernating,High Risk,MEDIUM,101.7,-471.7083800318104,-573.4083800318105,289,1,101.7,1,2,1,1.2999999999999998,12
18069.0,38.92231545731324,Regular,Loyal_Customers,Low Risk,NORMAL,2036.67,2402.9723673534227,366.3023673534226,26,5,2036.67,4,4,4,4.0,44
18071.0,13.007971294218988,Regular,At_Risk,Medium Risk,NORMAL,453.0,-41.50440498853936,-494.50440498853936,258,2,453.0,1,3,2,2.0,13
18072.0,3.9866249891967938,Regular,Hibernating,High Risk,MEDIUM,247.44,-766.9421194295428,-1014.3821194295429,186,1,247.44,1,2,1,1.2999999999999998,12
18073.0,41.75235942340101,High-Value,Cant_Loose,Medium Risk,HIGH,3877.52,6627.1812924805745,2749.6612924805745,114,12,3877.52,2,5,5,4.1,25
18074.0,9.474931166841653,Regular,Hibernating,High Risk,MEDIUM,489.6,538.5325117033078,48.932511703307796,374,1,489.6,1,2,2,1.7,12
18075.0,48.81579685050524,High-Value,Loyal_Customers,Low Risk,HIGH,2611.75,5460.041923967353,2848.291923967353,23,10,2611.75,4,5,5,4.7,45
18077.0,52.85648880361509,High-Value,Champions,Low Risk,HIGH,2633.01,6237.199755739397,3604.189755739397,8,11,2633.01,5,5,5,5.0,55
18078.0,12.96401344841919,Regular,At_Risk,Medium Risk,NORMAL,336.13,-159.02463135074345,-495.15463135074344,217,2,336.13,1,3,2,2.0,13
18079.0,40.17265544703939,High-Value,Loyal_Customers,Low Risk,HIGH,3651.9699999999993,2403.881321576532,-1248.0886784234672,45,4,3651.9699999999993,3,4,5,4.1,34
18080.0,34.781128901683495,Regular,Potential_Loyalists,Low Risk,NORMAL,1231.5,1357.144671955544,125.64467195554403,19,2,1231.5,4,3,4,3.7,43
18081.0,24.064639600846306,Regular,Loyal_Customers,Low Risk,NORMAL,343.45,-558.3719619571552,-901.8219619571553,36,3,343.45,3,4,2,2.8999999999999995,34
18082.0,25.84448186051945,Regular,Potential_Loyalists,Medium Risk,NORMAL,703.37,858.1483692856168,154.7783692856168,26,1,703.37,4,2,3,3.0,42
18084.0,15.260273689686475,Regular,Potential_Loyalists,Medium Risk,NORMAL,90.48,-703.7178966735793,-794.1978966735793,16,1,90.48,4,2,1,2.2,42
18085.0,18.371908932527834,Regular,At_Risk,Medium Risk,NORMAL,689.9499999999999,931.4739759488064,241.52397594880642,330,2,689.9499999999999,1,3,3,2.4000000000000004,13
18086.0,4.080973536279288,Regular,Hibernating,High Risk,MEDIUM,101.34,-514.7035847984705,-616.0435847984705,274,1,101.34,1,2,1,1.2999999999999998,12
18087.0,32.51529624527454,High-Value,At_Risk,Medium Risk,HIGH,4055.7199999999993,1983.1853417097025,-2072.5346582902966,98,2,4055.7199999999993,2,3,5,3.5,23
18088.0,11.489882459417611,Regular,About_to_Sleep,Medium Risk,NORMAL,167.66999999999996,-758.2333524107471,-925.9033524107471,61,1,167.66999999999996,3,2,1,1.9,32
18092.0,52.850055948132194,High-Value,Champions,Low Risk,HIGH,9068.26,6220.001673832734,-2848.258326167266,2,11,9068.26,5,5,5,5.0,55
18093.0,36.40548064451198,High-Value,At_Risk,Medium Risk,HIGH,2106.52,2357.9649067926966,251.44490679269666,93,4,2106.52,2,4,5,3.8,24
18094.0,40.52736863369302,High-Value,Cant_Loose,Low Risk,HIGH,3017.3,3352.1983564705824,334.89835647058226,82,7,3017.3,2,5,5,4.1,25
18095.0,18.353682508659624,Regular,At_Risk,Medium Risk,NORMAL,580.05,882.7460772132586,302.6960772132586,313,2,580.05,1,3,3,2.4000000000000004,13
18096.0,36.96292684420998,Regular,Champions,Low Risk,NORMAL,911.15,506.43924854786314,-404.71075145213683,12,3,911.15,5,4,3,3.9,54
18097.0,51.66580657648256,High-Value,Champions,Low Risk,HIGH,2697.8,3053.9399232316136,356.13992323161347,8,6,2697.8,5,5,5,5.0,55
18099.0,7.742006223338896,Regular,Hibernating,High Risk,MEDIUM,168.31,-752.5555214745909,-920.8655214745909,127,1,168.31,2,2,1,1.6,22
18101.0,22.73095928988799,Regular,Potential_Loyalists,Low Risk,NORMAL,223.65,-782.0892280549944,-1005.7392280549943,11,2,223.65,5,3,1,2.8,53
18102.0,64.51766963145053,High-Value,Champions,Low Risk,HIGH,259657.3,37413.08168542456,-222244.21831457544,1,60,259657.3,5,5,5,5.0,55
18104.0,22.037637782514178,Regular,About_to_Sleep,Medium Risk,NORMAL,754.6400000000001,706.177116077353,-48.46288392264705,37,1,754.6400000000001,3,2,3,2.7,32
18105.0,11.465223180066506,Regular,About_to_Sleep,Medium Risk,NORMAL,113.48000000000002,-824.1593330529591,-937.6393330529592,38,1,113.48000000000002,3,2,1,1.9,32
18106.0,9.427756893300407,Regular,Hibernating,High Risk,MEDIUM,430.7,412.4132443877718,-18.286755612228205,330,1,430.7,1,2,2,1.7,12
18108.0,9.346274057183708,Regular,Hibernating,High Risk,MEDIUM,271.0,194.57087357002752,-76.42912642997248,254,1,271.0,1,2,2,1.7,12
18109.0,56.42210262952979,High-Value,Champions,Low Risk,HIGH,8052.97,15769.781171356084,7716.811171356084,2,26,8052.97,5,5,5,5.0,55
18110.0,15.264562260008406,Regular,Potential_Loyalists,Medium Risk,NORMAL,236.3,-692.2525087358032,-928.5525087358033,20,1,236.3,4,2,1,2.2,42
18112.0,28.018774804982556,Regular,Potential_Loyalists,Low Risk,NORMAL,352.69000000000005,-12.621483013172337,-365.3114830131724,12,2,352.69000000000005,5,3,2,3.2,53
18113.0,4.182827081425161,Regular,Hibernating,High Risk,MEDIUM,76.32000000000001,-242.40062127629017,-318.72062127629016,369,1,76.32000000000001,1,2,1,1.2999999999999998,12
18114.0,4.098127817567014,Regular,Hibernating,High Risk,MEDIUM,220.1,-468.8420330473665,-688.9420330473665,290,1,220.1,1,2,1,1.2999999999999998,12
18116.0,39.282389356869295,Regular,Loyal_Customers,Low Risk,NORMAL,1418.03,3365.6211371696936,1947.5911371696936,68,8,1418.03,3,5,4,4.0,35
18117.0,20.557738488005377,Regular,Potential_Loyalists,Medium Risk,NORMAL,320.72,91.54697122823882,-229.1730287717612,26,1,320.72,4,2,2,2.6,42
18118.0,56.43175191275414,High-Value,Champions,Low Risk,HIGH,5653.82,15795.578294216077,10141.758294216077,11,26,5653.82,5,5,5,5.0,55
18119.0,4.181754938844678,Regular,Hibernating,High Risk,MEDIUM,181.11999999999995,-245.2669682607343,-426.38696826073425,368,1,181.11999999999995,1,2,1,1.2999999999999998,12
18120.0,4.016644981450314,Regular,Hibernating,High Risk,MEDIUM,111.15,-686.6844038651107,-797.8344038651106,214,1,111.15,1,2,1,1.2999999999999998,12
18121.0,21.99648877185102,Regular,At_Risk,Medium Risk,NORMAL,673.1,596.1662418015903,-76.93375819840969,149,2,673.1,2,3,3,2.7,23
18122.0,46.37906320396848,Regular,Champions,Low Risk,NORMAL,1826.21,2287.3385251742357,461.1285251742356,8,6,1826.21,5,5,4,4.6,55
18123.0,29.499746242071833,Regular,Potential_Loyalists,Low Risk,NORMAL,589.44,604.875008820386,15.435008820385974,24,2,589.44,4,3,3,3.3,43
18125.0,38.688467582208666,Regular,Loyal_Customers,Low Risk,NORMAL,1142.99,1777.7857887896419,634.7957887896418,30,4,1142.99,4,4,4,4.0,44
18126.0,11.489882459417611,Regular,About_to_Sleep,Medium Risk,NORMAL,206.83,-758.2333524107471,-965.0633524107471,61,1,206.83,3,2,1,1.9,32
18127.0,27.865050823368698,Regular,Loyal_Customers,Low Risk,NORMAL,348.73,-423.59879065555515,-772.3287906555552,19,3,348.73,4,4,2,3.2,44
18129.0,4.047737116284318,Regular,Hibernating,High Risk,MEDIUM,112.55,-603.5603413162346,-716.1103413162346,243,1,112.55,1,2,1,1.2999999999999998,12
18130.0,38.434248998074914,Regular,Loyal_Customers,Low Risk,NORMAL,1059.39,1098.1386175214254,38.74861752142533,15,3,1059.39,4,4,4,4.0,44
18133.0,14.587987441317503,Regular,Hibernating,High Risk,MEDIUM,931.5,840.7856982807575,-90.71430171924248,212,1,931.5,1,2,3,2.1,12
18135.0,33.638788512540614,Regular,Loyal_Customers,Low Risk,NORMAL,681.9100000000001,1644.970010249376,963.0600102493759,29,5,681.9100000000001,4,4,3,3.6,44
18136.0,29.380330823033425,Regular,Loyal_Customers,Low Risk,NORMAL,784.3299999999998,285.6208046802112,-498.7091953197886,63,3,784.3299999999998,3,4,3,3.3,34
18138.0,4.103488530469428,Regular,Hibernating,High Risk,MEDIUM,152.65,-454.5102981251464,-607.1602981251464,295,1,152.65,1,2,1,1.2999999999999998,12
18139.0,47.8578903558968,High-Value,Loyal_Customers,Low Risk,HIGH,8438.34,2899.1023230389055,-5539.237676961095,18,6,8438.34,4,5,5,4.7,45
18142.0,27.291809285008956,Regular,At_Risk,Medium Risk,NORMAL,1019.52,1385.6984157345207,366.17841573452074,157,2,1019.52,2,3,4,3.1,23
18143.0,27.24892358178964,Regular,At_Risk,Medium Risk,NORMAL,1000.16,1271.0445363567608,270.8845363567608,117,2,1000.16,2,3,4,3.1,23
18144.0,53.0946252490416,High-Value,Champions,Low Risk,HIGH,2888.7500000000005,6873.851722240954,3985.101722240953,8,12,2888.7500000000005,5,5,5,5.0,55
18145.0,47.77562217724512,High-Value,Champions,Low Risk,HIGH,2861.55,2679.1603581486206,-182.38964185137957,13,4,2861.55,5,4,5,4.7,54
18146.0,11.414424886179003,Regular,At_Risk,Medium Risk,NORMAL,160.35,-959.9673301887178,-1120.3173301887177,141,2,160.35,2,3,1,1.9,23
18147.0,15.13120898742372,Regular,Need_Attention,Low Risk,NORMAL,179.33999999999995,-1048.76922367375,-1228.10922367375,46,2,179.33999999999995,3,3,1,2.2,33
18149.0,29.36746511206763,Regular,Loyal_Customers,Low Risk,NORMAL,612.0799999999999,251.2246408668832,-360.85535913311674,51,3,612.0799999999999,3,4,3,3.3,34
18150.0,33.165732049429046,Regular,Loyal_Customers,Low Risk,NORMAL,566.5800000000002,380.265118199595,-186.31488180040515,32,3,566.5800000000002,4,4,3,3.6,44
18151.0,21.981478775724263,Regular,At_Risk,Medium Risk,NORMAL,653.3499999999999,556.0373840193745,-97.31261598062542,135,2,653.3499999999999,2,3,3,2.7,23
18154.0,28.00912552175821,Regular,Potential_Loyalists,Low Risk,NORMAL,399.19,-38.41860587316819,-437.6086058731682,3,2,399.19,5,3,2,3.2,53
18155.0,20.287815515094557,Regular,At_Risk,Low Risk,NORMAL,371.62000000000006,-630.0854996009869,-1001.705499600987,75,3,371.62000000000006,2,4,2,2.6,24
18156.0,33.30659032007711,Regular,Potential_Loyalists,Low Risk,NORMAL,734.94,756.8462620286498,21.906262028649735,13,2,734.94,5,3,3,3.6,53
18158.0,28.01555837724111,Regular,Potential_Loyalists,Low Risk,NORMAL,453.4,-21.220523966504288,-474.62052396650427,9,2,453.4,5,3,2,3.2,53
18159.0,14.68340813098048,Regular,Hibernating,High Risk,MEDIUM,530.1500000000001,1095.890579896274,565.7405798962739,301,1,530.1500000000001,1,2,3,2.1,12
18160.0,25.716489300837182,Regular,Need_Attention,Low Risk,NORMAL,638.0600000000002,515.9633892698901,-122.09661073011011,57,2,638.0600000000002,3,3,3,3.0,33
18161.0,38.910521888927924,Regular,Loyal_Customers,Low Risk,NORMAL,1618.69,2371.442550524539,752.752550524539,15,5,1618.69,4,4,4,4.0,44
18164.0,16.750894410000097,Regular,About_to_Sleep,Medium Risk,NORMAL,399.65,-60.42428198002494,-460.0742819800249,37,1,399.65,3,2,2,2.3,32
18165.0,13.082356724877114,Regular,Hibernating,High Risk,MEDIUM,302.46000000000004,157.36322580498745,-145.09677419501259,177,1,302.46000000000004,2,2,2,2.0,22
18167.0,38.44282613871878,Regular,Loyal_Customers,Low Risk,NORMAL,1384.86,1121.0693933969771,-263.79060660302275,23,3,1384.86,4,4,4,4.0,44
18168.0,35.10327021831784,Regular,Cant_Loose,Medium Risk,NORMAL,1169.94,2218.3816084493837,1048.4416084493837,176,6,1169.94,2,5,4,3.7,25
18169.0,11.489882459417611,Regular,About_to_Sleep,Medium Risk,NORMAL,202.65,-758.2333524107471,-960.8833524107471,61,1,202.65,3,2,1,1.9,32
18170.0,38.4535475645236,Regular,Loyal_Customers,Low Risk,NORMAL,980.31,1149.7328632414171,169.4228632414172,33,3,980.31,4,4,4,4.0,44
18171.0,35.139058516078585,Regular,Loyal_Customers,Low Risk,NORMAL,1231.31,2314.060747802927,1082.750747802927,59,5,1231.31,3,4,4,3.7,34
18172.0,51.18858416412644,High-Value,Loyal_Customers,Low Risk,HIGH,7561.68,11803.630813107367,4241.950813107367,15,20,7561.68,4,5,5,4.7,45
18173.0,36.39904778902908,High-Value,At_Risk,Low Risk,HIGH,2106.8400000000006,2340.766824886032,233.92682488603123,87,4,2106.8400000000006,2,4,5,3.8,24
18174.0,19.069262052852714,Regular,Potential_Loyalists,Medium Risk,NORMAL,104.0,-546.0139494964272,-650.0139494964272,7,1,104.0,5,2,1,2.5,52
18176.0,9.457776885553928,Regular,Hibernating,High Risk,MEDIUM,476.35,492.67095995220393,16.320959952203907,358,1,476.35,1,2,2,1.7,12
18177.0,42.585084836929006,Regular,Loyal_Customers,Low Risk,NORMAL,1341.42,2169.7634357792995,828.3434357792994,31,6,1341.42,4,5,4,4.300000000000001,45
18178.0,31.15733440489529,Regular,At_Risk,Medium Risk,NORMAL,1590.81,1694.5520001753023,103.74200017530234,129,4,1590.81,2,4,4,3.4,24
18179.0,46.38013534654896,Regular,Champions,Low Risk,NORMAL,1793.1700000000003,2290.20487215868,497.0348721586795,9,6,1793.1700000000003,5,5,4,4.6,55
18180.0,46.37584677622703,Regular,Champions,Low Risk,NORMAL,1843.7500000000005,2278.7394842209033,434.9894842209028,5,6,1843.7500000000005,5,5,4,4.6,55
18181.0,20.55559420284441,Regular,Potential_Loyalists,Medium Risk,NORMAL,382.7999999999999,85.81427725935077,-296.9857227406491,24,1,382.7999999999999,4,2,2,2.6,42
18183.0,18.261478246738097,Regular,At_Risk,Medium Risk,NORMAL,632.0700000000002,636.2402365510745,4.1702365510743675,227,2,632.0700000000002,1,3,3,2.4000000000000004,13
18184.0,15.259201547105992,Regular,Potential_Loyalists,Medium Risk,NORMAL,49.8,-706.5842436580232,-756.3842436580231,15,1,49.8,4,2,1,2.2,42
18185.0,9.340913344281294,Regular,Hibernating,High Risk,MEDIUM,304.25,180.23913864780775,-124.01086135219225,249,1,304.25,1,2,2,1.7,12
18188.0,38.434248998074914,Regular,Loyal_Customers,Low Risk,NORMAL,2001.04,1098.1386175214254,-902.9013824785745,15,3,2001.04,4,4,4,4.0,44
18189.0,27.207110021150807,Regular,At_Risk,Low Risk,NORMAL,1090.2400000000002,1159.2570039634445,69.01700396344427,78,2,1090.2400000000002,2,3,4,3.1,23
18190.0,12.937209883907117,Regular,At_Risk,Medium Risk,NORMAL,284.46,-230.68330596184353,-515.1433059618435,192,2,284.46,1,3,2,2.0,13
18191.0,4.0681078253134935,Regular,Hibernating,High Risk,MEDIUM,207.8,-549.0997486117985,-756.8997486117985,262,1,207.8,1,2,1,1.2999999999999998,12
18192.0,27.361906145345152,Regular,About_to_Sleep,Medium Risk,NORMAL,957.97,1573.1006585902717,615.1306585902717,72,1,957.97,3,2,4,3.1,32
18193.0,7.782747641397245,Regular,Hibernating,High Risk,MEDIUM,243.76,-643.6343360657188,-887.3943360657188,165,1,243.76,2,2,1,1.6,22
18194.0,23.55398992475939,Regular,Hibernating,Medium Risk,NORMAL,973.84,1418.263058397563,444.42305839756307,82,1,973.84,2,2,4,2.8,22
18196.0,21.938593072504947,Regular,At_Risk,Medium Risk,NORMAL,689.1300000000001,441.3835046416143,-247.7464953583858,95,2,689.1300000000001,2,3,3,2.7,23
18198.0,54.2810189058522,High-Value,Champions,Low Risk,HIGH,5425.560000000001,10045.646166810962,4620.086166810961,4,17,5425.560000000001,5,5,5,5.0,55
18200.0,7.719491229148756,Regular,Hibernating,High Risk,MEDIUM,163.8,-812.748808147915,-976.548808147915,106,1,163.8,2,2,1,1.6,22
18202.0,27.17668243629248,Regular,At_Risk,Medium Risk,NORMAL,1396.9900000000002,1077.909599532122,-319.08040046787823,200,3,1396.9900000000002,1,4,4,3.1,14
18203.0,7.774170500753383,Regular,Hibernating,High Risk,MEDIUM,160.42000000000002,-666.5651119412709,-826.9851119412708,157,1,160.42000000000002,2,2,1,1.6,22
18204.0,34.675651336191365,Regular,Loyal_Customers,Low Risk,NORMAL,1993.7000000000005,1075.1529786131412,-918.5470213868593,71,3,1993.7000000000005,3,4,4,3.7,34
18205.0,25.69397430664704,Regular,Need_Attention,Low Risk,NORMAL,517.3599999999999,455.77010259656595,-61.58989740343395,36,2,517.3599999999999,3,3,3,3.0,33
18209.0,15.274211543232752,Regular,Potential_Loyalists,Medium Risk,NORMAL,139.10000000000002,-666.4553858758072,-805.5553858758072,29,1,139.10000000000002,4,2,1,2.2,42
18210.0,51.65937372099966,High-Value,Champions,Low Risk,HIGH,2621.38,3036.7418413249497,415.36184132494964,2,6,2621.38,5,5,5,5.0,55
18211.0,33.635572084799165,Regular,Loyal_Customers,Low Risk,NORMAL,600.07,1636.3709692960444,1036.3009692960445,26,5,600.07,4,4,3,3.6,44
18212.0,4.136724950464398,Regular,Hibernating,High Risk,MEDIUM,248.42,-365.6535416073823,-614.0735416073823,326,1,248.42,1,2,1,1.2999999999999998,12
18213.0,4.041304260801421,Regular,Hibernating,High Risk,MEDIUM,232.48,-620.7584232228986,-853.2384232228986,237,1,232.48,1,2,1,1.2999999999999998,12
18215.0,12.98800817779462,Regular,Hibernating,Medium Risk,NORMAL,299.34,-94.87530882608485,-394.2153088260848,89,1,299.34,2,2,2,2.0,22
18216.0,20.563099200907793,Regular,Potential_Loyalists,Medium Risk,NORMAL,481.75,105.87870615045881,-375.8712938495412,31,1,481.75,4,2,2,2.6,42
18217.0,29.505106954974245,Regular,Potential_Loyalists,Low Risk,NORMAL,621.7500000000001,619.206743742606,-2.5432562573940913,29,2,621.7500000000001,4,3,3,3.3,43
18218.0,18.24432396545037,Regular,At_Risk,Medium Risk,NORMAL,662.08,590.3786847999702,-71.70131520002985,211,2,662.08,1,3,3,2.4000000000000004,13
18219.0,52.61299164528617,High-Value,Champions,Low Risk,HIGH,2069.77,5586.216054315621,3516.4460543156206,3,10,2069.77,5,5,5,5.0,55
18220.0,9.31732620751067,Regular,Hibernating,High Risk,MEDIUM,305.28000000000003,117.1795049900395,-188.10049500996053,227,1,305.28000000000003,1,2,2,1.7,12
18221.0,38.918026886991306,Regular,Loyal_Customers,Low Risk,NORMAL,1041.61,2391.506979415647,1349.8969794156471,22,5,1041.61,4,4,4,4.0,44
18222.0,12.992296748116551,Regular,Hibernating,High Risk,MEDIUM,443.0,-83.40992088830876,-526.4099208883088,93,1,443.0,2,2,2,2.0,22
18223.0,53.56768171215317,High-Value,Champions,Low Risk,HIGH,6484.54,8138.5566142907355,1654.0166142907356,5,14,6484.54,5,5,5,5.0,55
18224.0,4.070252110474459,Regular,Hibernating,High Risk,MEDIUM,158.95000000000002,-543.3670546429105,-702.3170546429105,264,1,158.95000000000002,1,2,1,1.2999999999999998,12
18225.0,53.08926453613918,High-Value,Champions,Low Risk,HIGH,5509.120000000001,6859.519987318734,1350.399987318733,3,12,5509.120000000001,5,5,5,5.0,55
18226.0,45.257810643731304,High-Value,Loyal_Customers,Low Risk,HIGH,5228.050000000001,5973.386107105085,745.336107105084,44,11,5228.050000000001,3,5,5,4.4,35
18227.0,4.020933551772246,Regular,Hibernating,High Risk,MEDIUM,93.75,-675.2190159273347,-768.9690159273347,218,1,93.75,1,2,1,1.2999999999999998,12
18228.0,25.716489300837182,Regular,Need_Attention,Low Risk,NORMAL,779.9,515.9633892698901,-263.9366107301099,57,2,779.9,3,3,3,3.0,33
18229.0,55.00400538277558,High-Value,Champions,Low Risk,HIGH,7276.9,11978.532842191182,4701.632842191182,12,20,7276.9,5,5,5,5.0,55
18230.0,51.90501516448955,High-Value,Champions,Low Risk,HIGH,2810.2,3693.4582367176145,883.2582367176146,9,7,2810.2,5,5,5,5.0,55
18231.0,32.93112155901571,High-Value,At_Risk,Medium Risk,HIGH,2083.2699999999995,3094.8841547170614,1011.6141547170619,192,5,2083.2699999999995,1,4,5,3.5,14
18232.0,25.82020033109852,Regular,At_Risk,Low Risk,NORMAL,592.97,793.2322938490556,200.2622938490556,82,4,592.97,2,4,3,3.0,24
18233.0,9.423468322978476,Regular,Hibernating,High Risk,MEDIUM,440.0,400.9478564499959,-39.052143550004075,326,1,440.0,1,2,2,1.7,12
18235.0,34.67672347877185,Regular,Loyal_Customers,Low Risk,NORMAL,1796.4800000000002,1078.0193255975853,-718.460674402415,72,3,1796.4800000000002,3,4,4,3.7,34
18236.0,37.29726932183444,Regular,Loyal_Customers,Low Risk,NORMAL,882.24,1400.2956907374776,518.0556907374776,30,6,882.24,4,5,3,3.9,45
18237.0,42.716293824352725,Regular,Champions,Low Risk,NORMAL,987.1,2520.547456748359,1533.447456748359,3,5,987.1,5,4,4,4.300000000000001,54
18239.0,27.673326036174668,Regular,At_Risk,Medium Risk,NORMAL,1561.61,2405.6741252396714,844.0641252396715,219,5,1561.61,1,4,4,3.1,14
18240.0,16.76054369322444,Regular,About_to_Sleep,Medium Risk,NORMAL,422.58,-34.627159120028864,-457.20715912002885,46,1,422.58,3,2,2,2.3,32
18241.0,54.2874517613351,High-Value,Champions,Low Risk,HIGH,2073.09,10062.844248717625,7989.754248717625,10,17,2073.09,5,5,5,5.0,55
18242.0,40.20160329671242,High-Value,Loyal_Customers,Low Risk,HIGH,2232.49,2481.27269015652,248.7826901565204,72,4,2232.49,3,4,5,4.1,34
18245.0,51.90287087932858,High-Value,Champions,Low Risk,HIGH,2567.0600000000004,3687.725542748726,1120.6655427487258,7,7,2567.0600000000004,5,5,5,5.0,55
18246.0,29.499746242071833,Regular,Potential_Loyalists,Low Risk,NORMAL,596.0999999999999,604.875008820386,8.77500882038612,24,2,596.0999999999999,4,3,3,3.3,43
18248.0,21.968613064758465,Regular,At_Risk,Medium Risk,NORMAL,804.02,521.6412202060462,-282.37877979395375,123,2,804.02,2,3,3,2.7,23
18249.0,15.261345832266958,Regular,Potential_Loyalists,Medium Risk,NORMAL,95.34,-700.8515496891353,-796.1915496891353,17,1,95.34,4,2,1,2.2,42
18250.0,9.406314041690749,Regular,Hibernating,High Risk,MEDIUM,349.27000000000004,355.0863046988918,5.81630469889177,310,1,349.27000000000004,1,2,2,1.7,12
18251.0,28.846094010175886,High-Value,Hibernating,Medium Risk,HIGH,4314.72,2199.196191377162,-2115.5238086228383,87,1,4314.72,2,2,5,3.2,22
18252.0,25.710056445354283,Regular,Need_Attention,Low Risk,NORMAL,526.6700000000001,498.76530736322593,-27.904692636774143,51,2,526.6700000000001,3,3,3,3.0,33
18255.0,7.701264805280546,Regular,Hibernating,Medium Risk,NORMAL,103.3,-861.4767068834631,-964.776706883463,89,1,103.3,2,2,1,1.6,22
18257.0,44.53804059454937,High-Value,Loyal_Customers,Low Risk,HIGH,2337.630000000001,4049.0984726781953,1711.4684726781943,39,8,2337.630000000001,3,5,5,4.4,35
18259.0,43.73171379639383,High-Value,Loyal_Customers,Low Risk,HIGH,2338.6000000000004,1893.4034854232434,-445.19651457675695,25,3,2338.6000000000004,4,4,5,4.4,44
18260.0,40.38679716309046,High-Value,Cant_Loose,Medium Risk,HIGH,2643.2,2976.3839655534302,333.1839655534304,173,6,2643.2,2,5,5,4.1,25
18261.0,20.414735932196347,Regular,Need_Attention,Low Risk,NORMAL,324.24,-290.7668665697041,-615.0068665697041,43,2,324.24,3,3,2,2.6,33
18262.0,7.755944076885173,Regular,Hibernating,High Risk,MEDIUM,149.48,-715.2930106768189,-864.7730106768189,140,1,149.48,2,2,1,1.6,22
18263.0,38.44604256646023,Regular,Loyal_Customers,Low Risk,NORMAL,1213.16,1129.668434350309,-83.49156564969098,26,3,1213.16,4,4,4,4.0,44
18265.0,25.732571439544426,Regular,Need_Attention,Low Risk,NORMAL,801.5100000000001,558.9585940365498,-242.5514059634503,72,2,801.5100000000001,3,3,3,3.0,33
18268.0,7.749511221402276,Regular,Hibernating,High Risk,MEDIUM,25.5,-732.4910925834829,-757.9910925834829,134,1,25.5,2,2,1,1.6,22
18269.0,4.179610653683713,Regular,Hibernating,High Risk,MEDIUM,168.6,-250.99966222962212,-419.59966222962214,366,1,168.6,1,2,1,1.2999999999999998,12
18270.0,20.40937521929393,Regular,Need_Attention,Low Risk,NORMAL,283.15000000000003,-305.0986014919241,-588.2486014919241,38,2,283.15000000000003,3,3,2,2.6,33
18272.0,51.660445863580144,High-Value,Champions,Low Risk,HIGH,3078.58,3039.608188309394,-38.971811690606046,3,6,3078.58,5,5,5,5.0,55
18273.0,26.378718673376998,Regular,Champions,Low Risk,NORMAL,204.0,-1055.4270174113333,-1259.4270174113333,2,3,204.0,5,4,1,3.1,54
18274.0,15.275283685813235,Regular,Potential_Loyalists,Medium Risk,NORMAL,175.92000000000002,-663.5890388913632,-839.5090388913632,30,1,175.92000000000002,4,2,1,2.2,42
18276.0,16.758399408063475,Regular,About_to_Sleep,Medium Risk,NORMAL,335.8599999999999,-40.35985308891691,-376.2198530889168,44,1,335.8599999999999,3,2,2,2.3,32
18277.0,11.486666031676164,Regular,About_to_Sleep,Medium Risk,NORMAL,110.38,-766.832393364079,-877.212393364079,58,1,110.38,3,2,1,1.9,32
18278.0,7.685182666573303,Regular,Hibernating,Medium Risk,NORMAL,173.89999999999998,-904.471911650123,-1078.371911650123,74,1,173.89999999999998,2,2,1,1.6,22
18280.0,4.085262106601219,Regular,Hibernating,High Risk,MEDIUM,180.6,-503.23819686069453,-683.8381968606946,278,1,180.6,1,2,1,1.2999999999999998,12
18281.0,3.9812642762943797,Regular,Hibernating,High Risk,MEDIUM,80.82,-781.2738543517628,-862.0938543517627,181,1,80.82,1,2,1,1.2999999999999998,12
18282.0,22.727742862146545,Regular,Potential_Loyalists,Low Risk,NORMAL,178.05,-790.6882690083263,-968.7382690083264,8,2,178.05,5,3,1,2.8,53
18283.0,54.042882460425695,High-Value,Champions,Low Risk,HIGH,2094.88,9408.994200309406,7314.1142003094055,4,16,2094.88,5,5,5,5.0,55
18287.0,34.64563134393784,Regular,Loyal_Customers,Low Risk,NORMAL,1837.28,994.895263048709,-842.384736951291,43,3,1837.28,3,4,4,3.7,34
